query,clicks,impressions,ctr,position
ahjussi meaning,19,41519,0.0458,5.91
ahjussi,16,26222,0.0610,6.58
duli manjoo,15,495,3.0303,2.28
doli manjoo,11,508,2.1654,4.80
doli manjoos,11,381,2.8871,4.61
deli manjoo,10,3125,0.3200,6.98
korean convenience store breakfast,8,54,14.8148,3.00
ahjussi in korean,7,6111,0.1145,6.73
delimanjoo,7,2463,0.2842,7.51
isaac toast sauce,6,1105,0.5430,9.15
chuseok 2026,5,1328,0.3765,9.35
isaac toast sauce where to buy,5,179,2.7933,10.75
ahjussi meaning in korean,4,2490,0.1606,4.57
ajussi meaning,4,5919,0.0676,7.62
convenience store breakfast korea,4,13,30.7692,3.62
sky university,4,3821,0.1047,8.34
sky university korea,4,3086,0.1296,7.06
лучшие корейские дорамы 2026,4,25,16.0000,3.92
ahjussi meaning in hindi,3,1026,0.2924,4.22
ajeossi,3,1177,0.2549,8.59
ajussi meaning in korean,3,1116,0.2688,5.48
delaffe,3,17,17.6471,7.24
delimanjoo korea,3,55,5.4545,7.04
korean webtoon,3,527,0.5693,8.59
pali pali meaning,3,803,0.3736,9.28
sanggyeonrye,3,65,4.6154,7.12
squid game locations seoul,3,25,12.0000,8.36
webtoon korean,3,756,0.3968,8.24
what does ahjussi mean in korean,3,1700,0.1765,4.51
yongwangsan skywalk seoul,3,146,2.0548,10.73
ahjussi co to znaczy,2,36,5.5556,5.08
ahjussi korean,2,1063,0.1881,6.32
ahjussi korean meaning,2,985,0.2030,4.99
ahjussi que significa,2,191,1.0471,3.48
ahjussi significado,2,396,0.5051,3.40
ajusshi meaning,2,3120,0.0641,7.29
bacchus f,2,57,3.5088,5.37
best kdrama 2026,2,83,2.4096,4.20
bhc vs kyochon,2,12,16.6667,6.92
dashida vs dashi,2,24,8.3333,4.13
deli manjoo korea,2,31,6.4516,6.19
deli manjoo korean,2,136,1.4706,3.70
deli manjoos korean,2,60,3.3333,4.83
doli manjoos korean,2,107,1.8692,3.76
dooli manjoo,2,8,25.0000,2.50
drakor terbaru 2026,2,327,0.6116,1.39
drama korea viral 2026,2,2,100.0000,4.00
film korea terbaru 2026,2,207,0.9662,1.58
forbes korea power celebrity 2026,2,36,5.5556,11.36
is vita 500 good for you,2,43,4.6512,3.67
isaac toast ham special,2,11,18.1818,8.00
jokbal vs bossam,2,106,1.8868,5.48
korea e arrival card vs keta,2,53,3.7736,7.96
korea sky university,2,568,0.3521,6.36
korean drama 2026 netflix,2,20,10.0000,5.20
lol park seoul schedule,2,7,28.5714,3.14
manjoo korean snack,2,187,1.0695,3.97
mr in korean,2,89,2.2472,2.17
series coreanas 2026,2,34,5.8824,1.88
shopping in busan vs seoul,2,18,11.1111,7.28
sir in korean,2,359,0.5571,2.11
sky universities in korea,2,816,0.2451,6.49
sky universities korea,2,1187,0.1685,7.03
squid game filming locations,2,11,18.1818,9.55
trendy k drama 2026,2,34,5.8824,6.50
waterbomb bag policy,2,27,7.4074,4.85
waterbomb outfits,2,62,3.2258,8.47
what is ahjussi,2,736,0.2717,5.18
what is duli manjoo,2,8,25.0000,1.13
what to buy in daiso korea,2,12,16.6667,6.08
why do people clap when they laugh,2,170,1.1765,8.39
why is wonyoung so popular,2,918,0.2179,7.10
yes,2,63,3.1746,6.67
افضل مسلسلات كورية 2026,2,13,15.3846,1.38
25 september,1,1,100.0000,9.00
],1,1,100.0000,5.00
age?,1,1,100.0000,7.00
ahjeossi,1,95,1.0526,6.88
ahjuss,1,73,1.3699,6.49
ahjusshi,1,602,0.1661,5.33
ahjussi arti,1,3598,0.0278,8.92
ahjussi meaning korean,1,986,0.1014,4.49
ahjussi means,1,337,0.2967,5.61
ahjussi spelling,1,40,2.5000,6.05
ajeossi meaning,1,283,0.3534,5.63
ajeossi movie,1,22,4.5455,8.82
ajoshi in korean,1,404,0.2475,7.82
ajumma,1,190,0.5263,9.37
ajusshi or ahjussi,1,194,0.5155,6.19
apa itu ahjusi,1,90,1.1111,8.07
arti ahjussi korea,1,1130,0.0885,9.10
arts,1,1,100.0000,2.00
auntie in korean ajumma,1,8,12.5000,8.13
best k drama 2026 so far,1,3,33.3333,9.00
best korean series 2026,1,12,8.3333,6.08
best korean series on netflix 2026,1,7,14.2857,6.71
best korean series to watch in 2026,1,1,100.0000,8.00
bhc chicken vs bbq chicken,1,34,2.9412,6.03
blood type korean meaning,1,2,50.0000,19.50
bossam vs jokbal,1,61,1.6393,4.89
bts ka,1,1,100.0000,12.00
bts military service 2026,1,21,4.7619,3.38
busan vs seoul,1,88,1.1364,14.24
busan vs seoul travel,1,8,12.5000,14.50
can i do both,1,1,100.0000,8.00
chilsung cider vs sprite,1,89,1.1236,5.53
chuseok festival 2026,1,6,16.6667,5.00
chuseok holiday 2026,1,45,2.2222,9.78
chuseok south korea 2026,1,4,25.0000,8.50
convenience store breakfast,1,64,1.5625,11.92
cu breakfast,1,8,12.5000,4.63
dai dimmi,1,1,100.0000,1.00
daiso must buy,1,24,4.1667,9.04
daiso must haves,1,1,100.0000,4.00
dashida powder substitute,1,16,6.2500,9.50
dasida powder substitute,1,3,33.3333,14.33
deli manjoo recipe,1,37,2.7027,6.65
deli manjoos,1,92,1.0870,5.02
delimanjo,1,7,14.2857,6.00
delimanjoo recipe,1,59,1.6949,2.42
do they have bidets,1,1,100.0000,1.00
dongdaemun design plaza,1,2,50.0000,3.00
dongdaemun market photos,1,3,33.3333,3.33
dongdaemun vs namdaemun,1,78,1.2821,9.00
drakor populer 2026,1,9,11.1111,1.22
drakor recomended 2026,1,1,100.0000,4.00
drakor terbaru 2026 rating tertinggi,1,1,100.0000,1.00
drama korea romantis 2026,1,2,50.0000,3.00
drama korea terbaru di netflix 2026,1,1,100.0000,1.00
dramas coreano 2026,1,1,100.0000,4.00
feel good kdrama 2026,1,11,9.0909,8.00
forbes korea power celebrity 2026 vote,1,23,4.3478,8.87
goraebap,1,24,4.1667,4.54
gwangalli beach fireworks every night,1,3,33.3333,7.00
han river running crew,1,1,100.0000,3.00
how to address an older man in korean,1,2,50.0000,1.00
iconix pororo,1,2,50.0000,6.00
is dasida the same as dashi,1,19,5.2632,3.74
is this halal?,1,1,100.0000,8.00
isaac toast kiwi sauce,1,46,2.1739,9.96
ive wonyoung,1,35,2.8571,3.03
jang won-young,1,221,0.4525,5.12
jang wonyoung,1,89,1.1236,4.76
jj,1,1,100.0000,4.00
k drama 2026 netflix,1,1,100.0000,3.00
k drama to watch 2026,1,3,33.3333,9.00
k-drama 2026 netflix,1,2,50.0000,2.50
kat drama netflix,1,1,100.0000,64.00
kdrama 2026,1,17,5.8824,4.12
kdramas 2026,1,2,50.0000,2.50
kids cafe korea,1,7,14.2857,10.29
korea chuseok,1,1,100.0000,2.00
korea post ems price,1,3,33.3333,7.33
korea public toilet,1,18,5.5556,8.28
korea sky universities,1,174,0.5747,7.57
korea university,1,96,1.0417,2.77
korean ahjussi,1,472,0.2119,6.00
korean ahjussi meaning,1,206,0.4854,4.52
korean dashida,1,17,5.8824,7.94
korean naver webtoon,1,68,1.4706,6.81
korean shade 21 vs 23,1,7,14.2857,6.00
korean sky university,1,32,3.1250,7.47
korean toon,1,5,20.0000,6.60
korean trot,1,2,50.0000,9.00
korean webtoons,1,48,2.0833,16.04
lol park schedule,1,5,20.0000,5.00
lolpark seoul,1,10,10.0000,11.00
manga korean,1,1,100.0000,9.00
manjoo,1,106,0.9434,5.39
manjoo korea,1,71,1.4085,6.52
match de baseball,1,1,100.0000,2.00
mejores k dramas 2026,1,16,6.2500,1.94
mejores kdramas 2026,1,5,20.0000,1.60
mister in korean language,1,5,20.0000,2.00
most prestigious jobs in south korea,1,3,33.3333,9.33
namdaemun market,1,115,0.8696,22.98
namdaemun market vs dongdaemun market,1,53,1.8868,8.02
namdaemun vs dongdaemun market,1,31,3.2258,9.00
neoguri,1,2,50.0000,14.50
neoguri ramen hacks,1,7,14.2857,7.86
netflix drama korea 2026,1,2,50.0000,17.50
netflix k-drama 2026,1,1,100.0000,4.00
oemo jisang juui,1,3,33.3333,10.00
old man in korean ahjussi,1,404,0.2475,5.47
onkel auf koreanisch,1,1,100.0000,2.00
oppa or ahjussi,1,17,5.8824,5.88
otoki company,1,1,100.0000,6.00
pali in korean,1,407,0.2457,9.55
pali pali culture korea,1,8,12.5000,8.13
pali pali in korean,1,84,1.1905,7.94
pali pali korean,1,168,0.5952,8.58
pali pali meaning in english,1,45,2.2222,7.78
pc bang food,1,16,6.2500,8.44
pc bang korea,1,73,1.3699,9.16
pc bang prices,1,3,33.3333,5.33
perbedaan oppa dan ahjussi,1,30,3.3333,6.67
pojangmacha myeongdong,1,1,100.0000,6.00
public toilets in korea,1,27,3.7037,9.11
pyongyang naengmyeon,1,99,1.0101,10.07
que significa ahjussi,1,225,0.4444,4.08
samchon,1,116,0.8621,4.58
seoul bus express terminal,1,1,100.0000,2.00
seoul food hall,1,7,14.2857,3.57
serie coreana netflix 2026,1,12,8.3333,1.33
serie coreenne 2026,1,4,25.0000,4.75
series coreanas en netflix 2026,1,7,14.2857,1.43
sky universities in south korea,1,289,0.3460,5.88
sky universities south korea,1,179,0.5587,6.96
sky university south korea,1,113,0.8850,5.65
south korea dating,1,2,50.0000,40.00
south korea e arrival card vs k eta,1,5,20.0000,7.60
south korea lookism,1,18,5.5556,9.00
spam gift set korea,1,8,12.5000,4.88
squid game filming locations seoul,1,15,6.6667,7.40
squid game seoul locations,1,17,5.8824,10.00
the sky university,1,103,0.9709,7.22
toilets in south korea,1,72,1.3889,9.71
top 10 korean drama 2026 netflix,1,19,5.2632,3.11
tornado potato origin,1,8,12.5000,6.25
types of tteokbokki,1,43,2.3256,10.37
uncle in korean,1,462,0.2165,2.07
uncle in korean language,1,45,2.2222,2.04
virtual kpop group list,1,17,5.8824,5.65
vita 500 korean drink,1,67,1.4925,5.61
webtoon korea,1,150,0.6667,9.39
webtoon manhwa,1,39,2.5641,10.46
what are the sky universities in korea,1,187,0.5348,6.45
what do koreans eat for breakfast,1,180,0.5556,9.71
what electronics to buy in korea,1,4,25.0000,7.50
what is ahjussi in korean,1,485,0.2062,4.74
what is musinsa,1,22,4.5455,11.59
what is uncle in korean,1,25,4.0000,2.00
what koreans eat for breakfast,1,21,4.7619,10.10
when will google maps work in korea,1,1,100.0000,7.00
why do koreans clap when they laugh,1,322,0.3106,4.73
why is korean sunscreen banned in us,1,20,5.0000,6.45
with picture,1,1,100.0000,11.00
wonyong,1,5,20.0000,51.00
wonyoung,1,645,0.1550,3.18
yongsan electronics market 2026,1,6,16.6667,5.67
yonsei cream bread where to buy,1,8,12.5000,8.50
yonsei cream bun,1,31,3.2258,6.45
дорамы 2026 года,1,6,16.6667,9.00
дорамы вышедшие в 2026 году,1,1,100.0000,5.00
последние новости о тэхёне и чонгуке,1,14,7.1429,2.00
топ дорам 2026,1,5,20.0000,4.80
أفضل المسلسلات الكورية 2026,1,19,5.2632,1.84
احسن مسلسل كوري 2026,1,2,50.0000,2.00
افضل المسلسلات الكورية 2026,1,8,12.5000,1.75
افضل مسلسلات كوريه 2026,1,3,33.3333,3.00
مسلسلات كورية 2026,1,74,1.3514,4.27
مسلسلات كورية netflix 2026,1,10,10.0000,1.60
مسلسلات كورية ٢٠٢٦,1,13,7.6923,3.00
このお菓子は？,1,1,100.0000,4.00
ソウル市立美術館,1,1,100.0000,3.00
幫我列清單,1,1,100.0000,1.00
都要,1,1,100.0000,10.00
경주김씨,1,1,100.0000,7.00
아저씨 in english,1,4,25.0000,10.75
양궁은?,1,1,100.0000,7.00
추가로 더 알려줘,1,1,100.0000,26.00
한국에도 있나요?,1,1,100.0000,1.00
"""#energydrink"" -site:reddit.com -site:twitter.com -site:x.com -site:wykop.pl -site:tripadvisor.com -site:youtube.com -site:yelp.com -site:booking.com -site:facebook.com -site:instagram.com -site:tiktok.com",0,3,0.0000,5.00
"""#k-beauty"" -site:reddit.com -site:twitter.com -site:x.com -site:wykop.pl -site:tripadvisor.com -site:youtube.com -site:yelp.com -site:booking.com -site:facebook.com -site:instagram.com -site:tiktok.com",0,3,0.0000,7.00
"""#kbeauty"" -site:reddit.com -site:twitter.com -site:x.com -site:wykop.pl -site:tripadvisor.com -site:youtube.com -site:yelp.com -site:booking.com -site:facebook.com -site:instagram.com -site:tiktok.com",0,4,0.0000,2.00
"""anua""",0,1,0.0000,18.00
"""anya hertig"" ""chef""",0,1,0.0000,2.00
"""audience identity"" -site:reddit.com -site:twitter.com -site:x.com -site:wykop.pl -site:tripadvisor.com -site:youtube.com -site:yelp.com -site:booking.com -site:facebook.com -site:instagram.com -site:tiktok.com",0,3,0.0000,7.67
"""bingsu"" -site:reddit.com -site:twitter.com -site:x.com -site:wykop.pl -site:tripadvisor.com -site:youtube.com -site:yelp.com -site:booking.com -site:facebook.com -site:instagram.com -site:tiktok.com",0,1,0.0000,1.00
"""black semiconductor"" -site:reddit.com -site:twitter.com -site:x.com -site:wykop.pl -site:tripadvisor.com -site:youtube.com -site:yelp.com -site:booking.com -site:facebook.com -site:instagram.com -site:tiktok.com",0,1,0.0000,10.00
"""blind boxes"" -site:reddit.com -site:twitter.com -site:x.com -site:wykop.pl -site:tripadvisor.com -site:youtube.com -site:yelp.com -site:booking.com -site:facebook.com -site:instagram.com -site:tiktok.com",0,1,0.0000,3.00
"""booster pro"" ""medicube"" -site:reddit.com -site:twitter.com -site:x.com -site:wykop.pl -site:tripadvisor.com -site:youtube.com -site:yelp.com -site:booking.com -site:facebook.com -site:instagram.com -site:tiktok.com",0,1,0.0000,10.00
"""clean fried"" -site:reddit.com -site:twitter.com -site:x.com -site:wykop.pl -site:tripadvisor.com -site:youtube.com -site:yelp.com -site:booking.com -site:facebook.com -site:instagram.com -site:tiktok.com",0,3,0.0000,1.00
"""clean-fried"" -site:reddit.com -site:twitter.com -site:x.com -site:wykop.pl -site:tripadvisor.com -site:youtube.com -site:yelp.com -site:booking.com -site:facebook.com -site:instagram.com -site:tiktok.com",0,1,0.0000,1.00
"""coupang""",0,2,0.0000,8.50
"""coupang"" | ""aboutcoupang.com""",0,2,0.0000,8.00
"""cuckoo"" -site:reddit.com -site:twitter.com -site:x.com -site:wykop.pl -site:tripadvisor.com -site:youtube.com -site:yelp.com -site:booking.com -site:facebook.com -site:instagram.com -site:tiktok.com",0,3,0.0000,5.67
"""democratic party of korea"" and ""financial crisis""",0,1,0.0000,25.00
"""eat milk"" -site:reddit.com -site:twitter.com -site:x.com -site:wykop.pl -site:tripadvisor.com -site:youtube.com -site:yelp.com -site:booking.com -site:facebook.com -site:instagram.com -site:tiktok.com",0,2,0.0000,8.50
"""energydrink"" -site:reddit.com -site:twitter.com -site:x.com -site:wykop.pl -site:tripadvisor.com -site:youtube.com -site:yelp.com -site:booking.com -site:facebook.com -site:instagram.com -site:tiktok.com",0,1,0.0000,9.00
"""english biscuit manufacturers"" -site:reddit.com -site:twitter.com -site:x.com -site:wykop.pl -site:tripadvisor.com -site:youtube.com -site:yelp.com -site:booking.com -site:facebook.com -site:instagram.com -site:tiktok.com",0,2,0.0000,8.00
"""eye patches"" -site:reddit.com -site:twitter.com -site:x.com -site:wykop.pl -site:tripadvisor.com -site:youtube.com -site:yelp.com -site:booking.com -site:facebook.com -site:instagram.com -site:tiktok.com",0,1,0.0000,8.00
"""gangnam station"" ""underground shopping mall""",0,2,0.0000,19.50
"""goblin"" ""farm"" ""beach"" korean drama",0,1,0.0000,9.00
"""goldfish crackers"" -site:reddit.com -site:twitter.com -site:x.com -site:wykop.pl -site:tripadvisor.com -site:youtube.com -site:yelp.com -site:booking.com -site:facebook.com -site:instagram.com -site:tiktok.com",0,2,0.0000,6.50
"""head spa"" -site:reddit.com -site:twitter.com -site:x.com -site:wykop.pl -site:tripadvisor.com -site:youtube.com -site:yelp.com -site:booking.com -site:facebook.com -site:instagram.com -site:tiktok.com",0,1,0.0000,9.00
"""health supplement"" -site:reddit.com -site:twitter.com -site:x.com -site:wykop.pl -site:tripadvisor.com -site:youtube.com -site:yelp.com -site:booking.com -site:facebook.com -site:instagram.com -site:tiktok.com",0,1,0.0000,9.00
"""hongdae station"" ""underground mall""",0,36,0.0000,4.33
"""hongdae station"" ""underground shopping center""",0,57,0.0000,4.89
"""hongdae station"" ""underground shopping mall""",0,444,0.0000,4.66
"""hongdae station"" ""underground shopping mall"" seoul",0,29,0.0000,5.24
"""hongdae station"" ""underground shopping""",0,147,0.0000,5.05
"""hongdae station"" ""underground shopping"" mall",0,64,0.0000,5.00
"""hongdae station"" ""underground"" shopping",0,25,0.0000,5.12
"""hongdae station"" ""underground"" shopping mall",0,2,0.0000,5.50
"""hongdae station"" shopping mall underground",0,6,0.0000,5.33
"""hongdae station"" underground mall",0,68,0.0000,4.32
"""hongdae station"" underground shopping",0,179,0.0000,5.18
"""hongdae station"" underground shopping center",0,65,0.0000,4.88
"""hongdae station"" underground shopping mall",0,417,0.0000,3.93
"""hongdae station"" underground shopping mall multiple lines",0,6,0.0000,3.83
"""hongdae station"" underground shopping mall seoul",0,12,0.0000,5.42
"""hongdae"" ""underground shopping mall""",0,8,0.0000,11.38
"""hongdae"" ""underground shopping mall"" station",0,28,0.0000,9.89
"""hongdae"" ""underground shopping"" station",0,3,0.0000,14.33
"""hongdae"" underground shopping mall",0,5,0.0000,13.00
"""hongdae"" underground shopping mall station",0,6,0.0000,13.33
"""hongdae"" underground shopping mall subway station",0,1,0.0000,10.00
"""hongik university station"" ""underground mall""",0,2,0.0000,8.50
"""hongik university station"" ""underground shopping mall""",0,321,0.0000,6.30
"""hongik university station"" ""underground shopping""",0,85,0.0000,8.94
"""hongik university station"" underground mall",0,17,0.0000,9.59
"""hongik university station"" underground shopping",0,31,0.0000,10.65
"""hongik university station"" underground shopping mall",0,112,0.0000,10.43
"""hongik university"" underground shopping mall",0,8,0.0000,10.13
"""instant cereal beverage"" ""beverages"" ""grain"" -site:reddit.com -site:twitter.com -site:x.com -site:wykop.pl -site:tripadvisor.com -site:youtube.com -site:yelp.com -site:booking.com -site:facebook.com -site:instagram.com -site:tiktok.com",0,1,0.0000,9.00
"""karaoke room"" -site:reddit.com -site:twitter.com -site:x.com -site:wykop.pl -site:tripadvisor.com -site:youtube.com -site:yelp.com -site:booking.com -site:facebook.com -site:instagram.com -site:tiktok.com",0,1,0.0000,10.00
"""kbeauty"" -site:reddit.com -site:twitter.com -site:x.com -site:wykop.pl -site:tripadvisor.com -site:youtube.com -site:yelp.com -site:booking.com -site:facebook.com -site:instagram.com -site:tiktok.com",0,24,0.0000,4.21
"""kim na park lee"" band",0,2,0.0000,10.00
"""kim na park lee"" phrase meaning",0,1,0.0000,6.00
"""kim na park lee"" singers meaning",0,1,0.0000,8.00
"""korean beauty"" -site:reddit.com -site:twitter.com -site:x.com -site:wykop.pl -site:tripadvisor.com -site:youtube.com -site:yelp.com -site:booking.com -site:facebook.com -site:instagram.com -site:tiktok.com",0,2,0.0000,2.50
"""korean skincare"" -site:reddit.com -site:twitter.com -site:x.com -site:wykop.pl -site:tripadvisor.com -site:youtube.com -site:yelp.com -site:booking.com -site:facebook.com -site:instagram.com -site:tiktok.com",0,1,0.0000,2.00
"""koreanskincare"" -site:reddit.com -site:twitter.com -site:x.com -site:wykop.pl -site:tripadvisor.com -site:youtube.com -site:yelp.com -site:booking.com -site:facebook.com -site:instagram.com -site:tiktok.com",0,1,0.0000,3.00
"""kpopdemonhunters"" -site:reddit.com -site:twitter.com -site:x.com -site:wykop.pl -site:tripadvisor.com -site:youtube.com -site:yelp.com -site:booking.com -site:facebook.com -site:instagram.com -site:tiktok.com",0,1,0.0000,7.00
"""lg styler"" -site:reddit.com -site:twitter.com -site:x.com -site:wykop.pl -site:tripadvisor.com -site:youtube.com -site:yelp.com -site:booking.com -site:facebook.com -site:instagram.com -site:tiktok.com",0,1,0.0000,10.00
"""medicube""",0,1,0.0000,35.00
"""medicube"" -site:reddit.com -site:twitter.com -site:x.com -site:wykop.pl -site:tripadvisor.com -site:youtube.com -site:yelp.com -site:booking.com -site:facebook.com -site:instagram.com -site:tiktok.com",0,1,0.0000,5.00
"""norwalk"" ""california"" -""connecticut"" -""ohio"" -site:reddit.com -site:twitter.com -site:x.com -site:wykop.pl -site:tripadvisor.com -site:youtube.com -site:yelp.com -site:booking.com -site:facebook.com -site:instagram.com -site:tiktok.com",0,1,0.0000,8.00
"""olive young"" -site:reddit.com -site:twitter.com -site:x.com -site:wykop.pl -site:tripadvisor.com -site:youtube.com -site:yelp.com -site:booking.com -site:facebook.com -site:instagram.com -site:tiktok.com",0,1,0.0000,6.00
"""pdrn"" -site:reddit.com -site:twitter.com -site:x.com -site:wykop.pl -site:tripadvisor.com -site:youtube.com -site:yelp.com -site:booking.com -site:facebook.com -site:instagram.com -site:tiktok.com",0,1,0.0000,4.00
"""photoism"" -site:reddit.com -site:twitter.com -site:x.com -site:wykop.pl -site:tripadvisor.com -site:youtube.com -site:yelp.com -site:booking.com -site:facebook.com -site:instagram.com -site:tiktok.com",0,1,0.0000,7.00
"""plan outfits""",0,1,0.0000,40.00
"""planer marketera"" -site:reddit.com -site:twitter.com -site:x.com -site:wykop.pl -site:tripadvisor.com -site:youtube.com -site:yelp.com -site:booking.com -site:facebook.com -site:instagram.com -site:tiktok.com",0,3,0.0000,6.33
"""rice cooker"" -site:reddit.com -site:twitter.com -site:x.com -site:wykop.pl -site:tripadvisor.com -site:youtube.com -site:yelp.com -site:booking.com -site:facebook.com -site:instagram.com -site:tiktok.com",0,5,0.0000,5.40
"""rightspace"" ""self storage"" -site:reddit.com -site:twitter.com -site:x.com -site:wykop.pl -site:tripadvisor.com -site:youtube.com -site:yelp.com -site:booking.com -site:facebook.com -site:instagram.com -site:tiktok.com",0,1,0.0000,8.00
"""salt bread"" -site:reddit.com -site:twitter.com -site:x.com -site:wykop.pl -site:tripadvisor.com -site:youtube.com -site:yelp.com -site:booking.com -site:facebook.com -site:instagram.com -site:tiktok.com",0,1,0.0000,1.00
"""samyang"" +""ramen""",0,1,0.0000,28.00
"""seoul"" ""girls' high school"" list",0,2,0.0000,9.00
"""shin ramyun"" -site:reddit.com -site:twitter.com -site:x.com -site:wykop.pl -site:tripadvisor.com -site:youtube.com -site:yelp.com -site:booking.com -site:facebook.com -site:instagram.com -site:tiktok.com",0,2,0.0000,4.00
"""soju"" -site:reddit.com -site:twitter.com -site:x.com -site:wykop.pl -site:tripadvisor.com -site:youtube.com -site:yelp.com -site:booking.com -site:facebook.com -site:instagram.com -site:tiktok.com",0,1,0.0000,8.00
"""south korea's unstoppable taste for haste"" author",0,2,0.0000,2.00
"""stay study"" -site:reddit.com -site:twitter.com -site:x.com -site:wykop.pl -site:tripadvisor.com -site:youtube.com -site:yelp.com -site:booking.com -site:facebook.com -site:instagram.com -site:tiktok.com",0,4,0.0000,3.00
"""storage book & film"" english books seoul",0,3,0.0000,9.33
"""the terminal year begins at the end of 2026"" coupang",0,1,0.0000,8.00
"""torriden"" -site:reddit.com -site:twitter.com -site:x.com -site:wykop.pl -site:tripadvisor.com -site:youtube.com -site:yelp.com -site:booking.com -site:facebook.com -site:instagram.com -site:tiktok.com",0,1,0.0000,8.00
"""traditional food"" -site:reddit.com -site:twitter.com -site:x.com -site:wykop.pl -site:tripadvisor.com -site:youtube.com -site:yelp.com -site:booking.com -site:facebook.com -site:instagram.com -site:tiktok.com",0,1,0.0000,3.00
"""tving global"" -site:reddit.com -site:twitter.com -site:x.com -site:wykop.pl -site:tripadvisor.com -site:youtube.com -site:yelp.com -site:booking.com -site:facebook.com -site:instagram.com -site:tiktok.com",0,3,0.0000,9.33
"""tving"" -site:reddit.com -site:twitter.com -site:x.com -site:wykop.pl -site:tripadvisor.com -site:youtube.com -site:yelp.com -site:booking.com -site:facebook.com -site:instagram.com -site:tiktok.com",0,2,0.0000,2.50
"""underground shopping mall"" ""hongdae station""",0,23,0.0000,5.35
"""underground shopping mall"" ""hongik university station""",0,58,0.0000,6.10
"""underground shopping mall"" subway station multiple lines",0,13,0.0000,8.62
"""university"" ""lonely"" -""movie"" -""song"" -site:reddit.com -site:twitter.com -site:x.com -site:wykop.pl -site:tripadvisor.com -site:youtube.com -site:yelp.com -site:booking.com -site:facebook.com -site:instagram.com -site:tiktok.com",0,1,0.0000,8.00
"""viva republica""",0,5,0.0000,42.00
"""worldcup2026"" -site:reddit.com -site:twitter.com -site:x.com -site:wykop.pl -site:tripadvisor.com -site:youtube.com -site:yelp.com -site:booking.com -site:facebook.com -site:instagram.com -site:tiktok.com",0,1,0.0000,6.00
"""yakult"" -site:reddit.com -site:twitter.com -site:x.com -site:wykop.pl -site:tripadvisor.com -site:youtube.com -site:yelp.com -site:booking.com -site:facebook.com -site:instagram.com -site:tiktok.com",0,2,0.0000,3.00
"""yoo in-na"" ""farm"" ""beach"" drama",0,2,0.0000,4.50
"""young poong group"" -site:reddit.com -site:twitter.com -site:x.com -site:wykop.pl -site:tripadvisor.com -site:youtube.com -site:yelp.com -site:booking.com -site:facebook.com -site:instagram.com -site:tiktok.com",0,1,0.0000,3.00
"""스포츠 토토"" | ""choco pie"" | ""orion holdings""",0,1,0.0000,6.00
$100 to korean won,0,1,0.0000,2.00
"(""hospital equipment"" or ""icu equipment"" or ""critical care technology"" or ""manufacturers of medical devices"" or ""indian medical technology"" or ""diagnostic equipment"" or ""patient monitoring systems"" or ""medical device manufacturer"")",0,1,0.0000,10.00
*ilove,0,1,0.0000,4.00
+,0,1,0.0000,2.00
"-site:facebook.com -site:fb.me -site:youtube.com -site:youtu.be -site:youtube.be -site:twitter.com -site:instagram.com -site:tiktok.com -site:vm.tiktok.com -site:t.co -site:x.com -site:reddit.com ""medicube""",0,1,0.0000,46.00
"-site:facebook.com -site:fb.me -site:youtube.com -site:youtu.be -site:youtube.be -site:twitter.com -site:instagram.com -site:tiktok.com -site:vm.tiktok.com -site:t.co -site:x.com -site:reddit.com ""solo dining""",0,10,0.0000,29.10
.,0,1,0.0000,4.00
...,0,1,0.0000,6.00
1,0,4,0.0000,2.50
1 month in korea,0,1,0.0000,34.00
1 month in south korea,0,1,0.0000,42.00
1+1 korea,0,1,0.0000,5.00
10,0,1,0.0000,1.00
10 hour layover in incheon,0,1,0.0000,25.00
10 hour layover in seoul,0,1,0.0000,32.00
100 days celebration korean couple,0,2,0.0000,9.00
100 days dating korea,0,1,0.0000,9.00
10000 won to us,0,1,0.0000,2.00
1000000 korean won to cad,0,1,0.0000,2.00
108 steps seoul,0,4,0.0000,11.50
10:30pm,0,1,0.0000,3.00
12 hour layover in incheon,0,1,0.0000,32.00
13 hour layover in seoul,0,1,0.0000,22.00
14500 dollar to inr,0,1,0.0000,2.00
1500,0,1,0.0000,2.00
17호,0,1,0.0000,4.00
1시간,0,1,0.0000,4.00
1시간에 얼마,0,1,0.0000,1.00
2,0,2,0.0000,4.50
2 days in korea,0,1,0.0000,12.00
20 years old korean,0,1,0.0000,1.00
2023,0,1,0.0000,4.00
2024,0,3,0.0000,4.33
2025年以降は？,0,1,0.0000,2.00
2026,0,6,0.0000,3.33
2026 9/25,0,1,0.0000,10.00
2026 best kdrama,0,4,0.0000,4.25
2026 best kdrama to watch,0,5,0.0000,9.60
2026 best kdramas,0,2,0.0000,11.50
2026 best korean drama,0,4,0.0000,4.00
2026 best korean series,0,1,0.0000,11.00
2026 boryeong mud festival,0,2,0.0000,10.50
2026 boryeong mud festival dates,0,5,0.0000,3.20
2026 boryeong mud festival dates 2026,0,1,0.0000,3.00
2026 chuseok,0,10,0.0000,10.60
2026 chuseok dates korea,0,4,0.0000,9.75
2026 chuseok dates korea 2026,0,1,0.0000,11.00
2026 chuseok dates south korea official september 2026,0,1,0.0000,9.00
2026 chuseok dates south korea september 2026 official,0,1,0.0000,11.00
2026 chuseok korea dates september 2026,0,1,0.0000,11.00
2026 dates,0,1,0.0000,2.00
2026 drama,0,1,0.0000,17.00
2026 forbes korea power celebrities 40 list,0,2,0.0000,1.00
2026 forbes korea power celebrity 40,0,7,0.0000,8.86
2026 forbes korea power celebrity 40 list,0,4,0.0000,7.50
2026 hit dramas,0,1,0.0000,1.00
2026 k drama,0,1,0.0000,4.00
2026 k drama list,0,1,0.0000,4.00
2026 k drama list on netflix,0,1,0.0000,4.00
2026 kbo ticket prices,0,3,0.0000,8.33
2026 kdrama comedy,0,3,0.0000,1.67
2026 kdrama list,0,2,0.0000,4.50
2026 kdrama netflix,0,5,0.0000,2.60
2026 kdrama recommendation,0,1,0.0000,3.00
2026 kdrama recommendations,0,1,0.0000,32.00
2026 kdrama worth watching,0,2,0.0000,7.50
2026 korea boknal dates 2026,0,20,0.0000,8.45
2026 korea boknal dates 2026 chobok jungbok malbok,0,2,0.0000,4.50
2026 korea boknal dates chobok jungbok malbok,0,3,0.0000,7.33
2026 korea boknal dates chobok jungbok malbok 2026,0,2,0.0000,7.00
2026 korea chuseok dates,0,3,0.0000,12.67
2026 korea chuseok dates 2026,0,1,0.0000,10.00
2026 korea rainy season forecast jangma 2026 korea meteorological administration june july,0,1,0.0000,12.00
2026 korea rainy season forecast jangma start june 2026 korea meteorological administration,0,1,0.0000,12.00
2026 korean boknal dates chobok jungbok malbok,0,2,0.0000,9.00
2026 korean drama,0,1,0.0000,25.00
2026 korean drama on netflix,0,1,0.0000,3.00
2026 korean movies netflix,0,1,0.0000,23.00
2026 korean movies on netflix,0,1,0.0000,31.00
2026 must watch kdrama,0,1,0.0000,11.00
2026 netflix k drama,0,1,0.0000,3.00
2026 popular kdrama,0,1,0.0000,30.00
2026 popular korean dramas recommendations,0,1,0.0000,19.00
2026 rom com kdrama,0,2,0.0000,11.50
2026 romantic kdrama,0,1,0.0000,11.00
2026 samsung electronics sk hynix stock outlook july 2026,0,2,0.0000,8.00
2026 samsung electronics vs sk hynix investment outlook july 2026,0,1,0.0000,8.00
2026 south korea chuseok dates official calendar september 2026,0,1,0.0000,9.00
2026 south korea chuseok holiday dates september 2026 official,0,1,0.0000,9.00
2026 top kdrama,0,1,0.0000,12.00
2026 সালের নাটক,0,1,0.0000,6.00
2026 복날,0,2,0.0000,9.00
2026-07-06 korea stock market outlook samsung electronics sk hynix today,0,1,0.0000,10.00
2026年 いつ,0,1,0.0000,4.00
21,0,2,0.0000,13.50
21-23 skin type,0,3,0.0000,4.67
22-26,0,1,0.0000,2.00
23,0,3,0.0000,6.00
23號,0,1,0.0000,6.00
24 chicken competitors,0,1,0.0000,25.00
25th september,0,1,0.0000,24.00
26년,0,1,0.0000,6.00
26년 초복,0,1,0.0000,1.00
27,0,1,0.0000,3.00
27 in korean age,0,2,0.0000,8.50
2e,0,1,0.0000,2.00
2side,0,1,0.0000,10.00
3 facts about korea,0,1,0.0000,2.00
300 days anniversary,0,3,0.0000,8.00
337337 korean meaning,0,1,0.0000,1.00
3루,0,1,0.0000,1.00
4 days,0,1,0.0000,38.00
4 kg,0,1,0.0000,4.00
"4,404 scoville units",0,1,0.0000,11.00
4400 scoville,0,1,0.0000,2.00
4400 scoville units,0,2,0.0000,8.50
4404 scoville,0,1,0.0000,11.00
4404 scoville units,0,1,0.0000,7.00
5 september?,0,1,0.0000,1.00
5 star michelin chef,0,2,0.0000,32.50
50 episode korean drama on netflix,0,1,0.0000,43.00
7 day south korea itinerary,0,1,0.0000,63.00
7 eleven seoul opening hours,0,1,0.0000,3.00
8 hour layover in seoul,0,1,0.0000,29.00
8/24-8/28,0,1,0.0000,2.00
808 drink,0,1,0.0000,44.00
85 million won to usd,0,1,0.0000,2.00
8月,0,1,0.0000,2.00
8月23日,0,1,0.0000,4.00
9 october holiday,0,1,0.0000,7.00
9/11-9/16,0,1,0.0000,4.00
?,0,3,0.0000,2.67
a 1,0,1,0.0000,1.00
a jeo ssi,0,2,0.0000,3.50
a needle thief becomes a cow thief,0,6,0.0000,11.50
a second with you kdrama 2026,0,1,0.0000,11.00
a wonyoung,0,1,0.0000,1.00
aajusglo,0,1,0.0000,1.00
aajushi,0,10,0.0000,5.80
aajushi meaning,0,22,0.0000,3.41
ab blood type korean personality,0,2,0.0000,29.50
ab blood type personality korean,0,1,0.0000,64.00
ab blood type personality scientific evidence,0,1,0.0000,8.00
abamama korean,0,1,0.0000,3.00
abholung am flughafen icn,0,8,0.0000,32.88
about bts,0,1,0.0000,5.00
about wonyoung,0,13,0.0000,11.23
abushi meaning,0,1,0.0000,61.00
acidity level,0,1,0.0000,2.00
acquired,0,1,0.0000,3.00
action comedy kdrama 2026,0,2,0.0000,3.00
actores coreanos 2026,0,1,0.0000,1.00
adashi in korean,0,5,0.0000,3.40
adashi korean,0,113,0.0000,9.02
adashi meaning in korean,0,4,0.0000,7.50
adjumma,0,1,0.0000,9.00
adjushi,0,22,0.0000,7.32
adjusi,0,3,0.0000,2.33
adjusshi,0,4,0.0000,5.50
adjussi,0,230,0.0000,6.63
adjussi meaning,0,1,0.0000,7.00
adult age in korea,0,16,0.0000,19.56
adult age in south korea,0,2,0.0000,29.50
adult age korea,0,1,0.0000,25.00
adult in korea,0,1,0.0000,47.00
adult korean movie,0,1,0.0000,85.00
adushi korean,0,75,0.0000,6.89
adı ne,0,1,0.0000,4.00
aegi bahasa korea,0,1,0.0000,65.00
aegiya meaning,0,1,0.0000,38.00
aejeong meaning,0,1,0.0000,49.00
affordable food department store basements,0,26,0.0000,24.58
agashi in korean,0,1,0.0000,2.00
agashi korean meaning,0,11,0.0000,14.64
agashi meaning,0,3,0.0000,26.33
agashi meaning in korean,0,2,0.0000,10.00
agashi meaning korean,0,3,0.0000,16.67
agasshi meaning,0,6,0.0000,23.00
agassi artinya,0,3,0.0000,45.67
agassi in korean,0,1,0.0000,3.00
agassi korean,0,1,0.0000,1.00
agassi korean meaning,0,7,0.0000,22.43
agassi meaning korean,0,3,0.0000,17.00
age hierarchy,0,3,0.0000,36.67
age in korea,0,6,0.0000,28.67
age in korean culture,0,1,0.0000,35.00
age korea,0,9,0.0000,32.00
age korean,0,1,0.0000,10.00
age of adult in korea,0,1,0.0000,42.00
age of adult in south korea,0,1,0.0000,1.00
age of adulthood in korea,0,2,0.0000,28.00
age of adulthood in south korea,0,3,0.0000,37.00
age of adulthood korea,0,1,0.0000,41.00
age of korea,0,13,0.0000,29.54
age of korean,0,9,0.0000,37.56
age of majority in korea,0,1,0.0000,23.00
age of majority in south korea,0,1,0.0000,48.00
age of majority korea,0,3,0.0000,40.33
age of majority south korea,0,1,0.0000,65.00
age of so,0,1,0.0000,9.00
age system in korea,0,3,0.0000,25.67
agema meaning,0,1,0.0000,37.00
agent kim,0,2,0.0000,3.00
ageosi,0,1,0.0000,10.00
ages in korea,0,4,0.0000,28.50
aghassi meaning,0,1,0.0000,28.00
aging system in korea,0,11,0.0000,34.18
agitpunkt,0,1,0.0000,30.00
agjussi,0,10,0.0000,6.50
agoshi,0,1,0.0000,1.00
aguma meaning,0,1,0.0000,47.00
agushi,0,1,0.0000,1.00
agushi korean,0,23,0.0000,6.26
ah jeo ssi,0,2,0.0000,4.00
ah jusi,0,9,0.0000,4.11
ah jussi,0,59,0.0000,6.42
ahgassi meaning,0,3,0.0000,21.00
ahhjussi,0,17,0.0000,5.65
ahhussi,0,67,0.0000,6.76
ahji meaning,0,1,0.0000,1.00
ahjia meaning,0,1,0.0000,3.00
ahjima,0,1,0.0000,9.00
ahjoomah meaning,0,6,0.0000,11.33
ahju,0,2,0.0000,1.50
ahjuicy meaning,0,11,0.0000,7.27
ahjuma,0,3,0.0000,8.67
ahjuma meaning,0,14,0.0000,8.14
ahjumi,0,2,0.0000,31.00
ahjumma,0,208,0.0000,8.19
ahjumma dan ahjussi adalah,0,10,0.0000,20.10
ahjumma in hangul,0,3,0.0000,21.67
ahjumma in korean,0,9,0.0000,9.78
ahjumma korea,0,14,0.0000,7.43
ahjumma korean,0,4,0.0000,19.00
ahjumma mean,0,3,0.0000,8.33
ahjumma meaning,0,72,0.0000,7.17
ahjumma meaning in korean,0,1,0.0000,7.00
ahjumma meaning korean,0,1,0.0000,7.00
ahjumma means,0,15,0.0000,8.47
ahjumma or ajumma,0,118,0.0000,7.92
ahjus,0,2,0.0000,2.50
ahjusai,0,1,0.0000,10.00
ahjusdi,0,66,0.0000,7.09
ahjushhi,0,11,0.0000,7.82
ahjushi,0,551,0.0000,6.48
ahjushi meaning,0,43,0.0000,5.28
ahjusi,0,326,0.0000,6.43
ahjusi adalah,0,74,0.0000,8.82
ahjusi artinya,0,125,0.0000,9.64
ahjusi itu apa,0,18,0.0000,9.33
ahjusi korea,0,5,0.0000,5.20
ahjusi meaning,0,21,0.0000,6.33
ahjusii,0,43,0.0000,6.14
ahjusshi meaning,0,64,0.0000,6.70
ahjussi adalah,0,916,0.0000,8.52
ahjussi age,0,58,0.0000,5.78
ahjussi age range,0,60,0.0000,5.63
ahjussi ahjumma artinya,0,42,0.0000,10.26
ahjussi ajumma,0,3,0.0000,10.33
ahjussi aktor korea,0,1,0.0000,5.00
ahjussi and ajumma,0,49,0.0000,10.14
ahjussi and oppa,0,100,0.0000,7.54
ahjussi and oppa meaning,0,44,0.0000,4.68
ahjussi apa,0,612,0.0000,7.37
ahjussi apa artinya,0,37,0.0000,7.51
ahjussi artinya,0,3687,0.0000,9.14
ahjussi artinya apa,0,3563,0.0000,7.80
ahjussi artinya dalam bahasa indonesia,0,82,0.0000,9.72
ahjussi artinya dalam bahasa korea,0,420,0.0000,10.31
ahjussi atau ahjussi,0,4,0.0000,7.00
ahjussi atau ajeossi,0,22,0.0000,6.45
ahjussi bahasa korea,0,924,0.0000,9.60
ahjussi bahasa korea artinya,0,236,0.0000,9.60
ahjussi bedeutung,0,131,0.0000,4.69
ahjussi bl,0,1,0.0000,2.00
ahjussi coreano,0,228,0.0000,5.08
ahjussi coréen,0,16,0.0000,8.81
ahjussi dalam bahasa korea,0,240,0.0000,10.21
ahjussi dalam bahasa korea artinya,0,54,0.0000,9.44
ahjussi dalam bahasa korea artinya apa,0,149,0.0000,9.51
ahjussi dan samchon,0,9,0.0000,8.33
ahjussi def,0,26,0.0000,5.96
ahjussi deutsch,0,3,0.0000,8.00
ahjussi drakor,0,1,0.0000,5.00
ahjussi en coreano,0,109,0.0000,3.99
ahjussi en español,0,5,0.0000,3.80
ahjussi fashion,0,3,0.0000,8.33
ahjussi female,0,23,0.0000,6.26
ahjussi female version,0,52,0.0000,7.94
ahjussi film,0,7,0.0000,10.71
ahjussi for women,0,119,0.0000,6.09
ahjussi hangul,0,196,0.0000,9.59
ahjussi i will pay for the ride,0,1,0.0000,1.00
ahjussi in english,0,228,0.0000,5.61
ahjussi in hangul,0,56,0.0000,9.36
ahjussi in japanese,0,1,0.0000,1.00
ahjussi in korea,0,49,0.0000,5.65
ahjussi in korean language,0,50,0.0000,4.88
ahjussi in korean meaning,0,290,0.0000,4.12
ahjussi in korean means,0,66,0.0000,5.17
ahjussi in tagalog,0,7,0.0000,4.14
ahjussi itu apa,0,10545,0.0000,8.70
ahjussi kdrama,0,2,0.0000,1.00
ahjussi korea,0,135,0.0000,5.80
ahjussi korea artinya,0,1746,0.0000,9.22
ahjussi korean actor,0,2,0.0000,1.50
ahjussi korean movie,0,21,0.0000,10.10
ahjussi korean to english,0,24,0.0000,4.58
ahjussi là gì,0,4,0.0000,8.75
ahjussi maksud,0,37,0.0000,7.70
ahjussi manhwa,0,2,0.0000,6.00
ahjussi mean,0,120,0.0000,5.17
ahjussi meaning age,0,46,0.0000,3.98
ahjussi meaning in bengali,0,74,0.0000,2.61
ahjussi meaning in english,0,1894,0.0000,4.79
ahjussi meaning in hindi korean,0,32,0.0000,4.47
ahjussi meaning in malayalam,0,36,0.0000,2.33
ahjussi meaning in tagalog,0,78,0.0000,7.78
ahjussi meaning in tamil,0,97,0.0000,4.03
ahjussi meaning in telugu,0,10,0.0000,4.80
ahjussi meaning in urdu,0,142,0.0000,6.25
ahjussi meaning woman,0,510,0.0000,4.15
ahjussi memsing,0,34,0.0000,8.00
ahjussi movie,0,162,0.0000,9.40
ahjussi ne demek,0,6,0.0000,14.33
ahjussi oppa artinya,0,137,0.0000,8.38
ahjussi opposite,0,14,0.0000,7.71
ahjussi or ahjussi,0,70,0.0000,7.86
ahjussi outfit,0,1,0.0000,10.00
ahjussi plural,0,26,0.0000,9.81
ahjussi pronunciation,0,86,0.0000,2.05
ahjussi pronunciation korean,0,6,0.0000,10.83
ahjussi que es,0,298,0.0000,3.77
ahjussi que significa en coreano,0,85,0.0000,3.61
ahjussi significado coreano,0,84,0.0000,3.80
ahjussi signification,0,147,0.0000,8.03
ahjussi significato,0,11,0.0000,6.73
ahjussi traduction,0,160,0.0000,7.39
ahjussi tradução,0,1,0.0000,18.00
ahjussi translation in english,0,15,0.0000,6.13
ahjussi tulisan korea,0,4,0.0000,10.50
ahjussi umur berapa,0,2,0.0000,3.00
ahjussi untuk perempuan,0,44,0.0000,6.82
ahjussi vs oppa,0,54,0.0000,7.07
ahjussi vs samchon,0,74,0.0000,4.07
ahjussi y ajumma,0,27,0.0000,8.19
ahjussi คืออะไร,0,2,0.0000,10.00
ahjussi แปลว่า,0,17,0.0000,9.06
ahjussi 意思,0,13,0.0000,8.85
ahjussi.,0,33,0.0000,6.12
ahjussi?,0,11,0.0000,6.36
ahjussie,0,44,0.0000,6.55
ahjussis,0,114,0.0000,7.87
ahjussis meaning,0,233,0.0000,5.34
ahjusso,0,7,0.0000,6.43
ahjusssi,0,22,0.0000,6.45
ahjussu,0,80,0.0000,6.99
ahjussy,0,14,0.0000,7.71
ahjuuma,0,2,0.0000,9.00
ahn chef,0,1,0.0000,25.00
ahn hyo seop drama 2026,0,1,0.0000,2.00
ahn jae-hong,0,1,0.0000,5.00
ahn seung jae,0,1,0.0000,1.00
ahn sung jae,0,38,0.0000,10.39
ahn sung jae femme,0,1,0.0000,2.00
ahn sung jae michelin star,0,5,0.0000,11.60
ahn sung jae net worth,0,2,0.0000,17.00
ahn sung-jae,0,4,0.0000,17.25
ahn sung-jae net worth,0,1,0.0000,15.00
ahn sung-jae restaurant,0,1,0.0000,56.00
ahn sung-ki,0,1,0.0000,3.00
ahsoo,0,1,0.0000,42.00
ahsuhwon,0,1,0.0000,78.00
ahujssi,0,66,0.0000,6.38
ahujussi,0,35,0.0000,6.31
ahusi,0,1,0.0000,2.00
ahussi,0,41,0.0000,6.05
ahyeon,0,1,0.0000,3.00
ai idols,0,1,0.0000,8.00
ai kpop group,0,1,0.0000,3.00
ai kpop groups,0,1,0.0000,37.00
ai members,0,1,0.0000,1.00
ai nổi tiếng hơn,0,1,0.0000,9.00
aigo artinya,0,4,0.0000,36.00
aigo bahasa korea artinya,0,1,0.0000,37.00
aigoo artinya,0,1,0.0000,45.00
aigoo artinya apa,0,1,0.0000,40.00
aigoo meaning in korean,0,1,0.0000,2.00
air seoul vs jin air,0,3,0.0000,4.33
airbnb,0,1,0.0000,64.00
airport code icn location,0,1,0.0000,3.00
airport express bus seoul,0,1,0.0000,29.00
airport taxi seoul,0,2,0.0000,25.50
airside?,0,1,0.0000,3.00
aiutami a rispondere,0,1,0.0000,2.00
ai？,0,1,0.0000,3.00
ajashi,0,6,0.0000,13.67
ajashi korean,0,27,0.0000,8.37
ajasi,0,1,0.0000,4.00
ajasse,0,1,0.0000,2.00
ajassi,0,1,0.0000,47.00
ajema meaning,0,2,0.0000,7.50
ajeoshi,0,4,0.0000,5.00
ajeosi,0,10,0.0000,7.20
ajeosshi,0,10,0.0000,8.60
ajeossi 2010,0,3,0.0000,7.00
ajeossi and his niece,0,1,0.0000,4.00
ajeossi artinya,0,146,0.0000,6.99
ajeossi in korean,0,361,0.0000,8.52
ajeossi korean,0,41,0.0000,8.10
ajeossi pronunciation,0,1,0.0000,3.00
ajeossi significado,0,48,0.0000,3.44
ajeossi traduction,0,6,0.0000,6.83
ajeshi,0,2,0.0000,2.50
ajeso,0,1,0.0000,2.00
ajhuma,0,1,0.0000,6.00
ajhumma,0,1,0.0000,8.00
ajhumma meaning,0,2,0.0000,6.00
ajhushi,0,9,0.0000,3.33
ajhusi,0,12,0.0000,3.92
ajhusshi,0,25,0.0000,5.96
ajhussi,0,13,0.0000,17.31
ajhussi meaning,0,115,0.0000,4.97
ajima in korean,0,4,0.0000,30.00
ajima korea,0,3,0.0000,10.67
ajima korean,0,30,0.0000,13.47
ajima korean meaning,0,5,0.0000,10.60
ajima meaning korean,0,13,0.0000,13.92
ajimma,0,1,0.0000,11.00
ajimoni,0,1,0.0000,2.00
ajishi,0,2,0.0000,1.00
ajjeosi,0,3,0.0000,7.67
ajjeossi,0,40,0.0000,8.47
ajjuma,0,3,0.0000,8.00
ajjuma meaning,0,2,0.0000,9.00
ajjushi,0,34,0.0000,5.35
ajjusi,0,37,0.0000,5.38
ajjusshi,0,4,0.0000,7.75
ajjussi,0,56,0.0000,6.02
ajoessi,0,2,0.0000,6.00
ajoomma meaning,0,19,0.0000,6.89
ajoshi,0,11,0.0000,12.55
ajoshi korean,0,111,0.0000,8.51
ajoshi meaning,0,31,0.0000,7.52
ajoshi meaning in korean,0,65,0.0000,5.72
ajosi,0,1,0.0000,1.00
ajosshi,0,1,0.0000,3.00
ajossi,0,2,0.0000,13.50
ajou university,0,2,0.0000,3.50
ajuchi,0,1,0.0000,1.00
ajuci,0,1,0.0000,1.00
ajuhma,0,1,0.0000,7.00
ajuhsi,0,4,0.0000,4.75
ajuhssi,0,65,0.0000,6.25
ajuma,0,1,0.0000,3.00
ajuma in english,0,6,0.0000,8.00
ajuma in korea,0,2,0.0000,10.50
ajuma in korean,0,6,0.0000,7.83
ajuma korean,0,12,0.0000,13.17
ajuma meaning,0,30,0.0000,9.03
ajuma meaning in korean,0,5,0.0000,9.60
ajuma means,0,12,0.0000,9.17
ajumaa,0,2,0.0000,7.50
ajumas,0,1,0.0000,9.00
ajumeoni,0,75,0.0000,7.68
ajumeoni meaning,0,50,0.0000,8.14
ajumeoni meaning in korean,0,11,0.0000,9.91
ajumeoni pronunciation,0,8,0.0000,9.25
ajumm,0,1,0.0000,1.00
ajumma age,0,1,0.0000,12.00
ajumma ahjussi,0,8,0.0000,10.50
ajumma ahjussi meaning,0,11,0.0000,10.18
ajumma and ahjussi,0,3,0.0000,7.00
ajumma and ajusshi,0,50,0.0000,10.66
ajumma and ajusshi meaning,0,87,0.0000,10.89
ajumma bedeutung,0,3,0.0000,4.33
ajumma def,0,1,0.0000,11.00
ajumma definition,0,1,0.0000,23.00
ajumma hat,0,1,0.0000,2.00
ajumma in english,0,88,0.0000,8.32
ajumma in hangul,0,4,0.0000,25.00
ajumma in korea,0,1,0.0000,12.00
ajumma in korean,0,163,0.0000,9.96
ajumma in korean meaning,0,13,0.0000,8.92
ajumma korean,0,166,0.0000,11.34
ajumma korean meaning,0,31,0.0000,9.45
ajumma male version,0,10,0.0000,8.60
ajumma mean,0,5,0.0000,9.80
ajumma meaning,0,1361,0.0000,6.79
ajumma meaning age,0,5,0.0000,7.60
ajumma meaning in english,0,473,0.0000,7.25
ajumma meaning in korea,0,2,0.0000,12.50
ajumma meaning in korean,0,214,0.0000,8.71
ajumma meaning in tagalog,0,1,0.0000,11.00
ajumma meaning in tamil,0,10,0.0000,1.40
ajumma meaning korean,0,12,0.0000,7.25
ajumma means,0,96,0.0000,9.16
ajumma opposite,0,5,0.0000,8.20
ajumma or ahjumma,0,19,0.0000,8.00
ajumma pronunciation,0,2,0.0000,6.50
ajumma spelling,0,6,0.0000,9.50
ajumma vs halmeoni,0,7,0.0000,8.00
ajummas,0,1,0.0000,28.00
ajummas meaning,0,26,0.0000,8.31
ajumna,0,2,0.0000,5.50
ajumoni,0,4,0.0000,4.00
ajumoni in korean,0,35,0.0000,9.40
ajumoni korean,0,5,0.0000,21.20
ajumoni meaning,0,24,0.0000,11.08
ajunma,0,1,0.0000,9.00
ajusan,0,1,0.0000,1.00
ajushee,0,24,0.0000,15.58
ajushee in korean,0,1,0.0000,8.00
ajushee meaning,0,31,0.0000,6.77
ajushee meaning in korean,0,6,0.0000,1.83
ajushhi,0,17,0.0000,8.82
ajushi,0,42,0.0000,13.24
ajushi adalah,0,2,0.0000,8.50
ajushi artinya,0,67,0.0000,8.97
ajushi in korean,0,89,0.0000,6.24
ajushi korean,0,126,0.0000,7.62
ajushi meaning,0,228,0.0000,6.65
ajushi meaning in korean,0,1,0.0000,4.00
ajushi means,0,9,0.0000,8.33
ajushii,0,15,0.0000,7.33
ajushu,0,6,0.0000,5.83
ajusi,0,43,0.0000,1.53
ajusi adalah,0,50,0.0000,8.72
ajusi artinya,0,54,0.0000,9.54
ajusi in korean,0,2,0.0000,8.50
ajusi korea,0,6,0.0000,6.17
ajusi meaning,0,38,0.0000,6.76
ajusii,0,5,0.0000,7.00
ajusshi,0,525,0.0000,8.60
ajusshi artinya,0,57,0.0000,7.89
ajusshi in hangul,0,13,0.0000,10.54
ajusshi in korean,0,52,0.0000,9.04
ajusshi korean,0,134,0.0000,8.16
ajusshi là gì,0,1,0.0000,11.00
ajusshi meaning in english,0,65,0.0000,4.98
ajusshi meaning in korean,0,295,0.0000,4.59
ajusshi means,0,8,0.0000,6.13
ajusshi movie,0,12,0.0000,12.17
ajusshi ne demek,0,2,0.0000,28.00
ajusshi significado,0,150,0.0000,2.93
ajusshi significato,0,4,0.0000,1.25
ajusshis,0,91,0.0000,8.12
ajusshis meaning,0,28,0.0000,7.29
ajussi,0,184,0.0000,5.79
ajussi artinya,0,50,0.0000,9.46
ajussi in korean,0,143,0.0000,6.48
ajussi korea,0,8,0.0000,6.63
ajussi korean,0,53,0.0000,6.92
ajussi meaning in english,0,141,0.0000,5.18
ajussi meaning korean,0,40,0.0000,5.95
ajussi means,0,31,0.0000,6.81
ajussi movie,0,2,0.0000,10.00
ajussi ne demek,0,1,0.0000,20.00
ajussie,0,15,0.0000,5.87
ajussis,0,2,0.0000,6.50
ajussy,0,11,0.0000,6.36
ajuushi,0,14,0.0000,6.64
aktor korea ahjussi,0,1,0.0000,25.00
alchemy of souls,0,1,0.0000,4.00
alcohol,0,1,0.0000,8.00
alcohol free,0,1,0.0000,2.00
alcool ?,0,1,0.0000,2.00
all,0,1,0.0000,11.00
all korean airlines,0,1,0.0000,16.00
all milkis flavors,0,4,0.0000,9.25
allergic,0,1,0.0000,5.00
allinurl:viva republica,0,6,0.0000,6.17
allo korea,0,1,0.0000,4.00
alternatif,0,1,0.0000,1.00
amazon,0,1,0.0000,24.00
amazon tower 2 inurl:reel,0,1,0.0000,77.00
amd 2,0,1,0.0000,2.00
amg sl,0,1,0.0000,7.00
amomento seoul,0,1,0.0000,3.00
among older korean americans approximately 14,0,1,0.0000,67.00
ampoule vs toner,0,1,0.0000,4.00
ampun bang jago meaning,0,1,0.0000,50.00
amy ahn chef ahn wife,0,2,0.0000,4.00
an ajumma,0,1,0.0000,10.00
an sung jae,0,4,0.0000,22.00
ancestral rites,0,3,0.0000,32.33
ancient capital of korea,0,2,0.0000,54.50
and 2027?,0,1,0.0000,2.00
and dairy products,0,1,0.0000,2.00
and in korea,0,1,0.0000,3.00
and korea ?,0,1,0.0000,2.00
and korean,0,1,0.0000,2.00
and mercedes,0,1,0.0000,3.00
and mosquitoes,0,1,0.0000,9.00
and v,0,1,0.0000,9.00
andong kim clan,0,2,0.0000,3.00
anghkor,0,2,0.0000,66.00
anh sung jae,0,2,0.0000,21.00
anh sung-jae,0,8,0.0000,37.38
anh sung-jae restaurant,0,1,0.0000,28.00
aniyo meaning in korean,0,1,0.0000,2.00
anju,0,1,0.0000,1.00
anju in korean,0,3,0.0000,9.00
anju in korean language,0,6,0.0000,7.17
anju korean,0,1,0.0000,5.00
anju korean in english,0,1,0.0000,10.00
anju korean meaning,0,5,0.0000,20.20
anju mahendru age,0,1,0.0000,2.00
anju meaning in korean,0,1,0.0000,8.00
anju meaning korean,0,19,0.0000,10.53
anju soju,0,5,0.0000,19.00
anju washington menu,0,1,0.0000,3.00
anjuma meaning korean,0,6,0.0000,7.67
anjumma,0,1,0.0000,10.00
anjushi,0,1,0.0000,1.00
anjussi,0,31,0.0000,6.10
annyeong ahjussi,0,2,0.0000,2.00
annyeonghaseyo,0,1,0.0000,3.00
annyeonghaseyo ahjussi,0,6,0.0000,5.67
another one,0,1,0.0000,10.00
another term,0,1,0.0000,1.00
anseong ramyeon,0,2,0.0000,6.00
ansung meaning,0,10,0.0000,6.90
ansung tangmyun,0,1,0.0000,9.00
answer,0,1,0.0000,12.00
any cross contamination,0,1,0.0000,2.00
any difference,0,1,0.0000,2.00
any gadgets,0,1,0.0000,8.00
any other,0,1,0.0000,14.00
anything else to do?,0,1,0.0000,1.00
apa arti ahjusi,0,43,0.0000,8.47
apa arti ahjussi,0,613,0.0000,8.54
apa arti ahjussi dalam bahasa indonesia,0,42,0.0000,9.50
apa arti ahjussi dalam bahasa korea,0,201,0.0000,10.15
apa arti aigo,0,1,0.0000,45.00
apa arti aigo dalam bahasa korea,0,1,0.0000,28.00
apa arti aigoo dalam bahasa korea,0,1,0.0000,34.00
apa arti araso,0,2,0.0000,47.00
apa arti dari ahjussi,0,20,0.0000,9.25
apa arti imo dalam bahasa korea,0,2,0.0000,11.00
apa arti sajangnim,0,1,0.0000,12.00
apa arti samchon,0,5,0.0000,9.00
apa arti samchon dalam bahasa korea,0,1,0.0000,1.00
apa artinya ahjussi,0,108,0.0000,8.28
apa bedanya ahjumma dan imo,0,3,0.0000,8.33
apa bedanya ahjussi dan samchon,0,40,0.0000,8.75
apa bedanya samchon dan ahjussi,0,25,0.0000,9.24
apa bedanya umur korea dan internasional,0,4,0.0000,9.25
apa itu ahjussi,0,1245,0.0000,7.96
apa itu ahjussi dalam bahasa korea,0,223,0.0000,10.00
apa itu ahjussi dan ahjumma,0,5,0.0000,8.60
apa itu ahjussi korea,0,1,0.0000,7.00
apa itu ajushi,0,10,0.0000,6.70
apa itu ajusi,0,9,0.0000,8.78
apa itu sajangnim,0,3,0.0000,11.67
apa itu sajangnim dalam bahasa korea,0,11,0.0000,10.00
apa itu samchon,0,9,0.0000,7.78
apa itu samchon dalam bahasa korea,0,1,0.0000,10.00
apa maksud ahjussi,0,1,0.0000,8.00
apa perbedaan umur korea dan internasional,0,12,0.0000,8.75
apakah mengandung alkohol,0,1,0.0000,2.00
apis korea,0,1,0.0000,3.00
aplikasi nonton drakor terbaik 2026,0,1,0.0000,2.00
apm mall dongdaemun,0,1,0.0000,4.00
apm mall seoul,0,1,0.0000,3.00
apprendre la langue coréenne,0,1,0.0000,3.00
apr beauty device,0,1,0.0000,22.00
apr corp,0,1,0.0000,2.00
apr corp medicube brand official,0,1,0.0000,11.00
apr corporation,0,39,0.0000,6.74
apr corporation medicube,0,1,0.0000,1.00
apr corporation medicube brand official,0,1,0.0000,9.00
apr corporation medicube brand skincare official,0,1,0.0000,11.00
apr-in medicube,0,2,0.0000,17.00
arachi artinya,0,1,0.0000,55.00
arachi bahasa korea,0,2,0.0000,40.50
arasho artinya,0,1,0.0000,41.00
araso adalah,0,1,0.0000,33.00
araso artinya,0,1,0.0000,48.00
araso artinya apa,0,1,0.0000,45.00
araso korea artinya,0,2,0.0000,35.50
arasso artinya,0,6,0.0000,43.50
are all kims in korea related,0,3,0.0000,12.33
are all kims related,0,12,0.0000,9.50
are all webtoons korean,0,4,0.0000,9.00
are bidets common in korea,0,27,0.0000,8.96
are bidets common in south korea,0,17,0.0000,8.82
are koreans superstitious,0,2,0.0000,69.50
are manhwa and webtoon the same,0,3,0.0000,6.33
are metal chopsticks harder to use,0,1,0.0000,19.00
are pc bangs still popular in korea,0,13,0.0000,6.31
are there any fireworks this weekend,0,1,0.0000,10.00
are there bidets in korea,0,36,0.0000,9.64
are there mosquitoes,0,1,0.0000,1.00
are there mosquitoes in korea,0,22,0.0000,8.32
are there mosquitoes in seoul,0,21,0.0000,8.24
are there mosquitoes in south korea,0,24,0.0000,9.33
are there mosquitos,0,1,0.0000,5.00
are there mosquitos in korea,0,7,0.0000,8.14
are there mosquitos in seoul,0,4,0.0000,6.50
are there pickpockets in seoul,0,2,0.0000,39.00
are there trash cans in korea,0,2,0.0000,8.50
are they ai,0,2,0.0000,1.50
are they ai generated,0,1,0.0000,4.00
are they ai?,0,1,0.0000,1.00
are they dangerous?,0,1,0.0000,2.00
are they good for you ?,0,1,0.0000,5.00
are they in relationships,0,1,0.0000,7.00
are they real or ai,0,1,0.0000,1.00
are they real people,0,3,0.0000,2.00
are they real people or ai,0,3,0.0000,2.33
are they real tho?,0,1,0.0000,4.00
are they real?,0,1,0.0000,1.00
are they still popular,0,1,0.0000,1.00
are they still using it,0,1,0.0000,2.00
are webtoons manga,0,1,0.0000,9.00
arex luggage space,0,1,0.0000,44.00
arjushi,0,2,0.0000,5.50
armistice in korea,0,1,0.0000,40.00
armistice in korean war,0,1,0.0000,32.00
army bts,0,1,0.0000,4.00
aroso meaning in korean,0,2,0.0000,11.00
arrival at incheon airport,0,1,0.0000,11.00
arrival card,0,3,0.0000,6.00
arrival card korea,0,2,0.0000,2.50
artbox blind box,0,1,0.0000,9.00
artbox seoul locations,0,3,0.0000,9.00
artbox stationery seoul,0,2,0.0000,10.00
artbox 韓国,0,1,0.0000,14.00
arti ahjumma,0,2,0.0000,16.00
arti ahjumma ahjussi,0,11,0.0000,9.09
arti ahjusi,0,182,0.0000,9.21
arti ahjussi,0,1911,0.0000,9.11
arti ahjussi bahasa korea,0,22,0.0000,9.73
arti ahjussi dalam bahasa indonesia,0,63,0.0000,8.94
arti ahjussi dalam bahasa korea,0,557,0.0000,9.68
arti ahjussi dan ahjumma,0,95,0.0000,9.95
arti aigo,0,1,0.0000,36.00
arti aigoo,0,1,0.0000,40.00
arti aigoo dalam bahasa korea,0,2,0.0000,30.50
arti ajushi,0,54,0.0000,9.17
arti ajusi,0,67,0.0000,9.10
arti ajusshi,0,31,0.0000,8.81
arti ajussi,0,54,0.0000,9.48
arti araso,0,2,0.0000,32.00
arti araso korea,0,1,0.0000,36.00
arti arasso,0,1,0.0000,36.00
arti dari ahjussi,0,95,0.0000,9.14
arti dari ahjussi dalam bahasa korea,0,48,0.0000,9.96
arti ige boya,0,1,0.0000,55.00
arti imo bahasa korea,0,1,0.0000,12.00
arti jebo,0,1,0.0000,29.00
arti jibang,0,4,0.0000,29.50
arti kata ahjussi,0,50,0.0000,9.48
arti kata ahjussi dalam bahasa korea,0,124,0.0000,9.60
arti pragos bahasa gaul,0,1,0.0000,59.00
arti sajangnim,0,1,0.0000,11.00
arti samchon,0,4,0.0000,9.75
arti samchon dalam bahasa korea,0,2,0.0000,1.00
artinya ahjussi,0,85,0.0000,8.54
artinya ahjussi dalam bahasa korea,0,50,0.0000,10.08
asian beauty salon near me,0,1,0.0000,4.00
asian blood type personality,0,1,0.0000,46.00
asian clap,0,2,0.0000,24.50
asian clapping,0,1,0.0000,2.00
asian clapping meaning,0,4,0.0000,21.50
asian dollar store near me,0,1,0.0000,3.00
asian food hall,0,1,0.0000,4.00
asian hair salon near me,0,1,0.0000,3.00
asian women wearing bikinis,0,1,0.0000,2.00
asians clapping,0,1,0.0000,24.00
astro korean drama,0,1,0.0000,26.00
asuji,0,1,0.0000,10.00
at night,0,1,0.0000,3.00
at what age are you an adult in korea,0,2,0.0000,16.00
at what age do you become an adult in korea,0,3,0.0000,10.67
at what age in korea are you considered an adult,0,2,0.0000,32.00
august 4,0,1,0.0000,8.00
augusti,0,1,0.0000,13.00
aujussi,0,27,0.0000,6.15
aunt and uncle in korean,0,1,0.0000,3.00
aunt in korean,0,4,0.0000,2.50
aunt in korean ajumma,0,1,0.0000,8.00
auntie in korean,0,3,0.0000,2.00
autumn foliage korea 2026,0,2,0.0000,10.00
autumn foliage seoul 2026,0,1,0.0000,10.00
autumn in seoul 2026,0,2,0.0000,11.50
autumn leaves korea 2026,0,1,0.0000,12.00
autumn month in korea 2026,0,1,0.0000,53.00
autumn south korea 2026,0,1,0.0000,58.00
average korean breakfast,0,6,0.0000,8.33
average number of pcs per pc bang korea,0,1,0.0000,10.00
average number of pcs per pc bang korea 2026,0,12,0.0000,8.50
average number of pcs per pc bang south korea 2026,0,10,0.0000,9.40
average number of seats per pc bang korea 2026,0,2,0.0000,10.00
average play time per session pc bang korea,0,2,0.0000,9.50
average price,0,1,0.0000,5.00
average seats per pc bang korea 2026,0,2,0.0000,11.50
average session time pc bang korea,0,1,0.0000,9.00
aws regulatory and antitrust investigations -site:youtube.com -site:reddit.com -site:x.com -site:twitter.com -site:facebook.com -site:instagram.com -site:tiktok.com -site:linkedin.com -site:pinterest.com -site:nytimes.com -site:wsj.com -site:yelp.com -site:rottentomatoes.com,0,1,0.0000,11.00
ayoshi,0,1,0.0000,2.00
ayushi in korean language,0,4,0.0000,1.00
ayushi name in korean language,0,2,0.0000,1.00
azuma in korean meaning,0,3,0.0000,14.33
a는?,0,1,0.0000,4.00
b blood type personality korean,0,17,0.0000,34.76
"babymonster weverse ""global"" or ""overseas"" or ""additional cities"" 2026",0,1,0.0000,10.00
bacas drink,0,1,0.0000,42.00
bacchus d,0,15,0.0000,6.67
bacchus d caffeine content,0,1,0.0000,9.00
bacchus d drink,0,2,0.0000,4.50
bacchus d vs f,0,33,0.0000,4.42
bacchus d vs red bull,0,4,0.0000,9.75
bacchus drink,0,67,0.0000,8.06
bacchus drink korea,0,19,0.0000,7.32
bacchus energy drink,0,13,0.0000,13.31
bacchus energy drink caffeine content,0,2,0.0000,10.00
bacchus energy drink korea,0,1,0.0000,3.00
bacchus f drink,0,1,0.0000,8.00
bacchus f energy drink,0,3,0.0000,2.67
bacchus f vs d,0,7,0.0000,4.14
bacchus korea,0,4,0.0000,10.25
bacchus korean,0,7,0.0000,8.00
bacchus korean drink,0,12,0.0000,9.50
bacchus korean drink caffeine content,0,1,0.0000,11.00
bacchus korean energy drink,0,3,0.0000,10.33
bacchus vs red bull,0,2,0.0000,3.00
bacchus-d,0,4,0.0000,4.25
bacchus-f,0,27,0.0000,6.11
bacchus.d,0,1,0.0000,2.00
baccus d,0,2,0.0000,2.00
baccus drink,0,1,0.0000,2.00
baccus f,0,2,0.0000,9.00
bachi,0,1,0.0000,3.00
bad ahjussi,0,2,0.0000,8.00
bae suzy,0,9,0.0000,3.67
bae suzy ideal type,0,1,0.0000,46.00
baedal minjok,0,1,0.0000,5.00
baek-il,0,1,0.0000,5.00
baekseok university,0,1,0.0000,3.00
baemin,0,4,0.0000,37.75
baemin korea,0,1,0.0000,24.00
baghn,0,1,0.0000,4.00
bahasa korea ahjussi,0,140,0.0000,9.48
bahasa korea ahjussi artinya,0,59,0.0000,9.15
bahasa korea imo artinya,0,1,0.0000,11.00
bahasa korea paman,0,6,0.0000,2.33
bahasa korea paman ahjussi,0,182,0.0000,10.49
bahasa koreanya paman,0,1,0.0000,2.00
bahnhof seoul (west) schließfächer,0,9,0.0000,41.22
baiton hotel dongdaemun,0,1,0.0000,7.00
bakas korean drink,0,1,0.0000,11.00
bali bali in korean,0,1,0.0000,3.00
balli balli,0,2,0.0000,1.50
ballpark date,0,1,0.0000,1.00
bamdokkaebi night market 2026,0,1,0.0000,9.00
ban chan,0,3,0.0000,43.00
ban chan korea,0,1,0.0000,40.00
ban chan korean food,0,1,0.0000,36.00
banana chips korea,0,1,0.0000,11.00
banana chips korean,0,2,0.0000,5.50
banana kick,0,10,0.0000,41.00
banana kick chocolate,0,1,0.0000,3.00
banana kick korean snack,0,5,0.0000,7.60
banana kick snack,0,3,0.0000,10.33
banana kick snack korea,0,1,0.0000,6.00
banana kicks,0,3,0.0000,22.33
banana milkis,0,1,0.0000,4.00
banchan,0,29,0.0000,44.83
banchan calories,0,1,0.0000,47.00
banchan culture,0,8,0.0000,11.88
banchan def,0,1,0.0000,24.00
banchan definition,0,6,0.0000,55.67
banchan dish,0,1,0.0000,33.00
banchan dishes,0,13,0.0000,42.38
banchan examples,0,1,0.0000,23.00
banchan food,0,2,0.0000,39.00
banchan in chinese,0,1,0.0000,54.00
banchan in korean,0,7,0.0000,34.29
banchan kimchi,0,2,0.0000,41.50
banchan korean,0,14,0.0000,40.14
banchan korean food,0,9,0.0000,39.11
banchan korean side dishes,0,1,0.0000,32.00
banchan list,0,2,0.0000,37.00
banchan maangchi,0,1,0.0000,33.00
banchan meaning,0,28,0.0000,45.46
banchan names,0,2,0.0000,39.50
banchan pronunciation,0,1,0.0000,40.00
banchan types,0,2,0.0000,34.00
banchan what is it,0,1,0.0000,28.00
bang korea,0,1,0.0000,24.00
bang pc,0,5,0.0000,12.00
banh yonsei,0,1,0.0000,2.00
bankom,0,1,0.0000,9.00
banshan food,0,1,0.0000,67.00
baseball fans stadium food costs after:2026-04-01,0,2,0.0000,53.00
baseball game seoul,0,5,0.0000,49.40
baseball game seoul tickets,0,1,0.0000,48.00
baseball games in seoul,0,2,0.0000,29.00
baseball games seoul 2026,0,17,0.0000,6.76
batagor di surabaya,0,1,0.0000,78.00
batagor enak di jogja,0,1,0.0000,96.00
bataiye,0,1,0.0000,11.00
bathroom in korea,0,2,0.0000,20.50
bathroom near me,0,1,0.0000,2.00
bathrooms in korea,0,13,0.0000,14.00
bathrooms in south korea,0,1,0.0000,9.00
baño publico en corea,0,1,0.0000,1.00
baño publico en corea del sur,0,2,0.0000,1.50
baños publicos en corea,0,1,0.0000,1.00
baños públicos de corea,0,1,0.0000,1.00
bb.q chicken vs bonchon,0,1,0.0000,37.00
bbq alone,0,1,0.0000,17.00
bbq bhc,0,1,0.0000,6.00
bbq chicken vs bonchon,0,1,0.0000,32.00
bbq vs bhc,0,15,0.0000,7.87
bbq vs bhc chicken,0,20,0.0000,6.50
beatpella,0,5,0.0000,20.80
beatpella house,0,18,0.0000,7.67
beatpella house age,0,1,0.0000,30.00
beatpella house leader,0,3,0.0000,10.67
beatpella house members,0,106,0.0000,9.26
beatpella house members age,0,5,0.0000,5.00
beatpella house members names,0,3,0.0000,1.00
beatpella house members real name,0,5,0.0000,8.20
beatpella house oldest to youngest,0,1,0.0000,3.00
beatpella house wiki,0,1,0.0000,5.00
beatpella house wikipedia,0,3,0.0000,22.00
beatpella house 介紹,0,1,0.0000,30.00
beatpella members,0,23,0.0000,5.83
beauty of joseon,0,4,0.0000,2.00
beauty of joseon sunscreen,0,3,0.0000,3.67
beauty of joseon sunscreen mauritius,0,1,0.0000,8.00
beauty of joseon. sunscreen,0,1,0.0000,5.00
because i need to win subin jang wonyoung,0,1,0.0000,10.00
bed sheet,0,1,0.0000,8.00
beda ahjumma dan imo,0,3,0.0000,8.00
beda ahjussi dan samchon,0,25,0.0000,9.52
beda oppa dan ahjussi,0,2,0.0000,10.50
beda samchon dan ahjussi,0,9,0.0000,7.89
bedanya ahjussi dan samchon,0,48,0.0000,7.77
bedanya samchon dan ahjussi,0,38,0.0000,8.95
beef dashi powder,0,2,0.0000,8.00
beef dashida,0,43,0.0000,9.67
beef dashida powder,0,34,0.0000,9.76
beef dashida substitute,0,6,0.0000,8.33
beef dasida,0,1,0.0000,4.00
beer and soju name,0,1,0.0000,12.00
behindthesurname,0,4,0.0000,11.50
beides,0,1,0.0000,3.00
benefit of seaweed soup,0,1,0.0000,72.00
benefits of fermented garlic,0,1,0.0000,2.00
benefits of korean seaweed soup,0,1,0.0000,67.00
benefits raw garlic,0,1,0.0000,2.00
besetzung von sold out on you,0,1,0.0000,5.00
best 2026 kdrama,0,6,0.0000,3.33
best 2026 kdramas so far,0,1,0.0000,13.00
best action kdrama 2026,0,1,0.0000,1.00
best apps for watching k-dramas 2026,0,2,0.0000,18.50
best apps for watching korean dramas 2026,0,1,0.0000,15.00
best asian dramas 2026,0,1,0.0000,26.00
best asian series on netflix 2026,0,1,0.0000,20.00
best asian sunscreens 2026,0,1,0.0000,6.00
best banchan,0,1,0.0000,43.00
best bingsu flavors,0,1,0.0000,1.00
best cafe for kids,0,1,0.0000,11.00
best chef in korea,0,2,0.0000,55.00
best college in south korea,0,1,0.0000,2.00
best colleges in korea,0,1,0.0000,2.00
best comedy kdrama 2026,0,3,0.0000,1.33
best drakor 2026,0,3,0.0000,1.67
best drama 2026 netflix,0,1,0.0000,20.00
best drama in 2026,0,1,0.0000,4.00
best drama korea 2026,0,1,0.0000,11.00
best dramas on netflix 2026,0,1,0.0000,17.00
best electronics to buy in korea,0,2,0.0000,17.50
best food seoul,0,1,0.0000,5.00
best free apps to watch korean dramas 2026,0,2,0.0000,17.50
best fried chicken seoul,0,1,0.0000,4.00
best high school in korea,0,1,0.0000,11.00
best high school in south korea,0,1,0.0000,1.00
best items at daiso,0,1,0.0000,8.00
best job in korea,0,1,0.0000,33.00
best job in south korea,0,1,0.0000,34.00
best jobs in korea,0,7,0.0000,31.43
best jobs in south korea,0,2,0.0000,52.00
best k dating shows,0,1,0.0000,29.00
best k drama 2026,0,21,0.0000,5.05
best k drama in 2026,0,2,0.0000,8.00
best k drama of 2026,0,6,0.0000,10.83
best k drama of 2026 so far,0,16,0.0000,8.94
best k drama on netflix 2026,0,2,0.0000,2.50
best k drama romance 2026,0,1,0.0000,61.00
best k drama to watch 2026,0,2,0.0000,32.00
best k drama to watch in 2026,0,1,0.0000,11.00
best k dramas 2026,0,4,0.0000,16.50
best k dramas 2026 so far,0,1,0.0000,39.00
best k dramas of 2026 so far,0,3,0.0000,10.33
best k dramas on netflix 2026,0,2,0.0000,30.00
best k dramas to watch 2026,0,2,0.0000,12.50
best k dramas to watch in 2026,0,1,0.0000,16.00
best k-drama 2026,0,3,0.0000,10.67
best k-drama on netflix 2026,0,1,0.0000,19.00
best k-dramas 2025 2026 recommendations,0,3,0.0000,18.33
best k-dramas 2026 recommendations,0,11,0.0000,15.00
best k-dramas of all time 2025 2026,0,1,0.0000,19.00
best k-dramas of all time 2026,0,9,0.0000,18.78
best k-dramas on hulu 2026,0,3,0.0000,19.00
best k-dramas on netflix 2026,0,2,0.0000,19.50
best k-dramas on netflix right now 2026,0,1,0.0000,14.00
best k-dramas recommendations 2026,0,4,0.0000,18.00
best k-dramas to watch 2025 2026 recommendations,0,1,0.0000,19.00
best k-dramas to watch 2026,0,1,0.0000,11.00
best k-dramas to watch 2026 recommendations,0,8,0.0000,18.38
best k-dramas to watch in 2026 recommendations,0,2,0.0000,17.00
best k-dramas to watch right now,0,1,0.0000,7.00
best kdrama 2025 2026,0,1,0.0000,30.00
best kdrama 2026 list,0,2,0.0000,9.00
best kdrama 2026 netflix,0,2,0.0000,10.00
best kdrama 2026 recommend,0,1,0.0000,9.00
best kdrama 2026 so far,0,5,0.0000,12.80
best kdrama 2026 to watch,0,3,0.0000,7.67
best kdrama in 2026,0,1,0.0000,9.00
best kdrama in 2026 so far,0,6,0.0000,8.67
best kdrama in netflix 2026,0,1,0.0000,17.00
best kdrama of 2025 and 2026,0,1,0.0000,3.00
best kdrama of 2026,0,1,0.0000,5.00
best kdrama of 2026 so far,0,61,0.0000,9.89
best kdrama on netflix 2026,0,5,0.0000,8.20
best kdrama right now 2026,0,1,0.0000,11.00
best kdrama rom com 2026,0,4,0.0000,5.50
best kdrama so far 2026,0,2,0.0000,19.50
best kdrama to watch 2026,0,2,0.0000,20.00
best kdrama to watch on netflix 2026,0,2,0.0000,19.50
best kdramas 2026,0,3,0.0000,5.67
best kdramas 2026 so far,0,2,0.0000,11.00
best kdramas of 2026,0,2,0.0000,7.50
best kdramas of 2026 so far,0,2,0.0000,10.00
best kdramas to watch 2026,0,2,0.0000,11.00
best kdramas to watch in 2026,0,1,0.0000,11.00
best kdrma 2026,0,1,0.0000,27.00
best kids cafe seoul,0,2,0.0000,22.50
best korea,0,3,0.0000,43.67
best korea drama 2026,0,1,0.0000,13.00
best korean 2026,0,1,0.0000,3.00
best korean banchan,0,1,0.0000,40.00
best korean chef,0,1,0.0000,35.00
best korean comedy series 2026,0,1,0.0000,3.00
best korean dating show,0,1,0.0000,20.00
best korean dating shows,0,3,0.0000,5.33
best korean drama 2025 and 2026,0,1,0.0000,20.00
best korean drama 2026,0,16,0.0000,12.75
best korean drama 2026 list,0,1,0.0000,11.00
best korean drama 2026 netflix,0,5,0.0000,4.00
best korean drama 2026 romantic comedy,0,1,0.0000,10.00
best korean drama 2026 so far,0,3,0.0000,8.33
best korean drama on netflix 2026,0,4,0.0000,2.50
best korean drama recommendations 2026,0,1,0.0000,9.00
best korean drama series 2026,0,1,0.0000,29.00
best korean drama to watch 2026,0,1,0.0000,13.00
best korean drama to watch in 2026,0,6,0.0000,8.17
best korean dramas 2025 2026 high rated,0,1,0.0000,20.00
best korean dramas 2026,0,6,0.0000,13.33
best korean dramas 2026 list,0,1,0.0000,11.00
best korean dramas 2026 netflix,0,2,0.0000,18.50
best korean dramas 2026 recommendations,0,3,0.0000,15.33
best korean dramas all time 2026,0,5,0.0000,15.60
best korean dramas for beginners 2025 2026,0,1,0.0000,13.00
best korean dramas netflix 2026,0,1,0.0000,14.00
best korean dramas of 2026,0,1,0.0000,12.00
best korean dramas of 2026 so far,0,2,0.0000,9.50
best korean dramas of all time 2026,0,13,0.0000,12.31
best korean dramas on netflix 2026,0,3,0.0000,10.33
best korean dramas on netflix 2026 available,0,1,0.0000,10.00
best korean dramas on netflix 2026 popular available,0,1,0.0000,11.00
best korean dramas on netflix india 2026,0,1,0.0000,9.00
best korean dramas recommendations 2026,0,1,0.0000,19.00
best korean dramas to watch 2026,0,14,0.0000,10.57
best korean dramas to watch in 2026,0,2,0.0000,10.50
best korean hangover drink,0,3,0.0000,9.67
best korean high school,0,1,0.0000,1.00
best korean hybrid sunscreen,0,1,0.0000,47.00
best korean ice cream,0,1,0.0000,8.00
best korean lunch,0,1,0.0000,3.00
best korean netflix shows 2026,0,2,0.0000,18.50
best korean rom com 2026,0,1,0.0000,6.00
best korean romance 2026,0,1,0.0000,8.00
best korean romance dramas on netflix 2026,0,2,0.0000,17.50
best korean romantic movies on netflix 2026,0,1,0.0000,2.00
best korean series 2025 2026,0,1,0.0000,31.00
best korean series 2026 netflix,0,3,0.0000,3.00
best korean series in 2026,0,4,0.0000,8.75
best korean series in netflix 2026,0,1,0.0000,18.00
best korean series to watch 2026,0,2,0.0000,12.00
best korean show 2026,0,2,0.0000,7.00
best korean shows 2026,0,2,0.0000,22.50
best korean shows on netflix 2026,0,1,0.0000,2.00
best korean streetwear brands 2025 2026,0,2,0.0000,18.50
best korean sunscreen,0,2,0.0000,27.50
best korean sunscreen 2025,0,3,0.0000,67.00
best korean sunscreen 2026,0,2,0.0000,40.50
best korean sunscreen for oily skin on iherb,0,2,0.0000,16.50
best korean sunscreens 2025,0,3,0.0000,60.00
best korean sunscreens 2026,0,2,0.0000,5.50
best korean tv shows 2026,0,1,0.0000,14.00
best korean universities,0,1,0.0000,6.00
best korean web series 2026,0,1,0.0000,14.00
best korean webtoons,0,1,0.0000,26.00
best market in seoul,0,1,0.0000,3.00
best markets in seoul,0,1,0.0000,5.00
best mc in korea,0,4,0.0000,3.75
best milkis flavor,0,25,0.0000,8.88
best milkis flavour,0,4,0.0000,8.75
best minced garlic,0,1,0.0000,3.00
best modern chinese drama,0,1,0.0000,3.00
best netflix kdrama 2026,0,1,0.0000,2.00
best netflix series 2026 korean,0,1,0.0000,3.00
best new k dramas 2026,0,1,0.0000,3.00
best night market in seoul,0,7,0.0000,2.43
best night markets in seoul,0,1,0.0000,1.00
best night markets seoul,0,1,0.0000,3.00
best noodles seoul,0,1,0.0000,36.00
best ongoing k-dramas 2026,0,1,0.0000,3.00
best ongoing kdrama 2026,0,1,0.0000,3.00
best ongoing korean drama 2026,0,1,0.0000,23.00
best paying jobs in korea,0,6,0.0000,45.67
best paying jobs in south korea,0,4,0.0000,47.50
best pc bangs in seoul,0,2,0.0000,19.50
best platforms to watch korean dramas 2026,0,1,0.0000,14.00
best pojangmacha seoul,0,3,0.0000,44.67
best repellant,0,1,0.0000,9.00
best rom com k drama 2026,0,1,0.0000,9.00
best rom com k dramas 2026,0,5,0.0000,10.00
best rom com kdrama 2026,0,4,0.0000,11.50
best romance k-dramas recommendations 2025 2026,0,1,0.0000,19.00
best romantic comedy korean drama on netflix 2026,0,1,0.0000,3.00
best romantic k dramas 2026,0,1,0.0000,13.00
best romantic k dramas on netflix 2026,0,1,0.0000,3.00
best romantic k-dramas on netflix 2026,0,1,0.0000,19.00
best romantic korean drama 2026,0,1,0.0000,9.00
best romantic korean drama on netflix 2026,0,2,0.0000,2.50
best romcom kdrama 2026,0,3,0.0000,20.00
best shopping busan,0,1,0.0000,2.00
best south korean university,0,1,0.0000,2.00
best souvenirs from korea,0,1,0.0000,37.00
best spas seoul,0,1,0.0000,4.00
best stationery store seoul,0,1,0.0000,19.00
best streaming services for korean dramas 2026,0,1,0.0000,12.00
best street food market in seoul,0,1,0.0000,2.00
best sunscreen for combination skin korean,0,1,0.0000,5.00
best tech products,0,1,0.0000,6.00
best things to buy at daiso,0,3,0.0000,9.33
best things to buy from daiso,0,1,0.0000,11.00
best things to buy from south korea,0,1,0.0000,38.00
best things to buy in daiso,0,1,0.0000,10.00
best things to get at daiso,0,3,0.0000,17.00
best thrift stores near me,0,1,0.0000,1.00
best time to go to namsan tower,0,1,0.0000,34.00
best time to go to south korea,0,1,0.0000,2.00
best time to visit namsan tower,0,2,0.0000,42.50
best time to visit south korea,0,1,0.0000,2.00
best underground shopping in seoul,0,1,0.0000,19.00
best underground shopping seoul,0,7,0.0000,21.57
best universities in korea,0,1,0.0000,5.00
best universities in south korea,0,1,0.0000,2.00
best university in korea,0,9,0.0000,2.56
best university in seoul,0,1,0.0000,2.00
best university in south korea,0,4,0.0000,2.25
best university in south korea for international students,0,2,0.0000,3.00
best way to eat korean bbq,0,4,0.0000,47.50
best way to travel from seoul to busan,0,3,0.0000,84.67
best websites to watch korean dramas 2026,0,4,0.0000,17.00
best yakgwa brand,0,1,0.0000,18.00
bhabhi in korean language,0,1,0.0000,3.00
bhc vs bbq,0,14,0.0000,6.14
bhc vs bbq chicken,0,44,0.0000,6.86
bhojpuri proverbs,0,1,0.0000,66.00
bibimbap recipe,0,1,0.0000,3.00
bidet,0,2,0.0000,3.00
bidet buttons,0,1,0.0000,11.00
bidet in korea,0,9,0.0000,11.22
bidet in korean,0,2,0.0000,16.50
bidet korea,0,2,0.0000,6.50
bidet korean,0,1,0.0000,4.00
big 3 korean universities,0,32,0.0000,8.84
big 3 universities in korea,0,4,0.0000,10.00
big in korea,0,1,0.0000,47.00
big korea,0,1,0.0000,46.00
big ocean,0,1,0.0000,3.00
big sister in korean,0,1,0.0000,2.00
biggest celebrity in korea,0,1,0.0000,1.00
bikorea,0,2,0.0000,17.00
bila wujud,0,1,0.0000,2.00
billion?,0,1,0.0000,2.00
bingsoo or bingsu,0,1,0.0000,26.00
bingsu,0,5,0.0000,21.20
bingsu flavor,0,2,0.0000,17.00
bingsu flavors,0,5,0.0000,17.60
bingsu flavours,0,1,0.0000,22.00
bingsu or bingsoo,0,1,0.0000,32.00
bingsu places near me,0,1,0.0000,7.00
bingsu ss2,0,2,0.0000,30.00
bingsu toppings,0,6,0.0000,9.50
birth cafe,0,1,0.0000,2.00
birthday cafe korea,0,3,0.0000,33.00
birthday cafe kpop,0,1,0.0000,10.00
birthday cafe seoul,0,1,0.0000,34.00
black buldak spice level,0,1,0.0000,2.00
blaze korean bbq & hot pot menu,0,1,0.0000,3.00
blind box korea,0,1,0.0000,10.00
blood type a korean personality,0,11,0.0000,31.27
blood type a personality,0,1,0.0000,62.00
blood type a personality korean,0,9,0.0000,29.44
blood type a personality traits korean,0,11,0.0000,31.27
blood type and personality korean,0,12,0.0000,38.00
blood type characteristics korean,0,9,0.0000,32.89
blood type compatibility for couples korean,0,1,0.0000,10.00
blood type compatibility korean,0,2,0.0000,41.50
blood type in korea,0,9,0.0000,31.56
blood type in korean,0,10,0.0000,32.90
blood type in korean culture,0,3,0.0000,36.67
blood type korea,0,2,0.0000,34.00
blood type korea personality,0,2,0.0000,32.50
blood type korean,0,12,0.0000,27.08
blood type korean personality,0,9,0.0000,39.11
blood type meaning korea,0,2,0.0000,39.50
blood type o korean personality,0,14,0.0000,29.43
blood type o personality korean,0,10,0.0000,32.00
blood type personalities korea,0,2,0.0000,42.00
blood type personality,0,3,0.0000,60.67
blood type personality korea,0,15,0.0000,17.53
blood type personality korean,0,46,0.0000,27.11
blood type personality test korean,0,4,0.0000,24.00
blood type personality theory popularity in japan south korea taiwan,0,1,0.0000,73.00
blood type personality theory south korea,0,2,0.0000,15.00
blood type personality traits korean,0,1,0.0000,39.00
blood type stereotypes korea,0,3,0.0000,32.33
blood types in korea,0,12,0.0000,40.50
blood types korea,0,5,0.0000,30.40
blood types korean,0,13,0.0000,30.38
blood types korean personalities,0,2,0.0000,33.00
blood types personality korean,0,6,0.0000,35.83
bloodhounds kim sae ron,0,1,0.0000,3.00
blor-071,0,1,0.0000,67.00
board game cafe hongdae,0,4,0.0000,4.00
board game cafe korea,0,2,0.0000,9.50
board game cafe seoul,0,19,0.0000,10.00
bob ahjussi,0,18,0.0000,2.56
bob ahjussi meaning,0,72,0.0000,4.19
bob ahjussi meaning in hindi,0,7,0.0000,5.71
bocchus d,0,1,0.0000,6.00
bogo sipeo meaning,0,1,0.0000,2.00
bojagi,0,2,0.0000,3.00
bojagi wrapping,0,4,0.0000,42.50
bojagi wrapping tutorial,0,1,0.0000,11.00
bok nal,0,3,0.0000,1.00
bok nal south korea,0,1,0.0000,1.00
bokip korea,0,1,0.0000,41.00
boknal,0,1,0.0000,30.00
boknal 2026,0,51,0.0000,3.65
boknal day,0,1,0.0000,1.00
boleh,0,2,0.0000,2.50
bon gwan,0,43,0.0000,10.37
bon-gwan,0,52,0.0000,9.04
bonchon meaning,0,1,0.0000,76.00
bonchon meaning in korean,0,2,0.0000,29.00
bonchon or bbq chicken,0,1,0.0000,31.00
bonchon vs bb.q,0,1,0.0000,29.00
bonchon vs bbq chicken,0,1,0.0000,21.00
bonchon vs kyochon,0,3,0.0000,18.00
bongwan,0,61,0.0000,8.67
bongwan korea,0,5,0.0000,8.80
bonkwan,0,1,0.0000,8.00
booking tips,0,1,0.0000,6.00
boom korean,0,1,0.0000,19.00
boomer in korean,0,12,0.0000,10.92
boricha tea where to buy,0,1,0.0000,12.00
boryeong daecheon beach mud square official,0,2,0.0000,8.00
boryeong mud experience hall official,0,2,0.0000,2.00
boryeong mud experience official,0,3,0.0000,4.67
boryeong mud festival,0,7,0.0000,8.57
boryeong mud festival 2022,0,1,0.0000,27.00
boryeong mud festival 2026,0,54,0.0000,8.81
boryeong mud festival 2026 dates,0,16,0.0000,6.81
boryeong mud festival 2026 dates official,0,2,0.0000,3.00
boryeong mud festival 2026 july 24 august 9 official,0,13,0.0000,4.00
boryeong mud festival daecheon beach official,0,1,0.0000,3.00
boryeong mud festival official,0,3,0.0000,6.67
boryeong mud festival official daecheon beach,0,1,0.0000,2.00
boryeong mud festival official website,0,2,0.0000,6.50
boryeong mud festival south korea,0,2,0.0000,4.00
boryeong mud museum official,0,3,0.0000,4.33
boryeong mud square official,0,2,0.0000,2.50
boryeong mudflat experience official tourism,0,3,0.0000,2.00
boryeong traditional market official,0,1,0.0000,2.00
bossam and jokbal,0,9,0.0000,9.33
bossam jokbal,0,1,0.0000,2.00
both,0,6,0.0000,10.00
both do,0,1,0.0000,3.00
both of them,0,1,0.0000,8.00
both please,0,2,0.0000,5.50
both\,0,1,0.0000,13.00
brand,0,1,0.0000,12.00
brand kr,0,1,0.0000,15.00
brand name ?,0,1,0.0000,1.00
brands that start with the letter k,0,1,0.0000,2.00
bread shuttle meaning,0,1,0.0000,24.00
breakfast binding of isaac,0,1,0.0000,5.00
breakfast convenience store,0,2,0.0000,6.00
breakfast foods in korea,0,1,0.0000,41.00
breakfast in korean,0,1,0.0000,1.00
breakfast in seoul near me,0,2,0.0000,4.00
breakfast in south korea,0,1,0.0000,3.00
breakfast isaac,0,1,0.0000,3.00
breakfast issac,0,1,0.0000,16.00
breakfast option,0,1,0.0000,5.00
breakfast store,0,1,0.0000,6.00
bruh,0,1,0.0000,6.00
bts,0,72,0.0000,9.36
bts all members completed military service 2026,0,83,0.0000,8.77
bts all members completed military service latest 2026,0,4,0.0000,9.25
bts all members completed military service march 2026,0,1,0.0000,9.00
bts are,0,1,0.0000,8.00
bts band,0,1,0.0000,39.00
bts bts,0,1,0.0000,1.00
bts concert now,0,1,0.0000,1.00
bts concert now 2026 bts members military service reunion plans 2026,0,15,0.0000,9.47
bts concert today,0,1,0.0000,1.00
bts criticism,0,1,0.0000,19.00
bts current status,0,1,0.0000,9.00
bts current status 2026 members military service,0,1,0.0000,7.00
bts current status 2026 members military service reunion,0,6,0.0000,6.17
bts current status 2026 members military service reunion 2026,0,11,0.0000,4.82
bts current status 2026 military service comeback,0,1,0.0000,9.00
bts current status 2026 military service return,0,1,0.0000,9.00
bts current status 2026 military service reunion,0,2,0.0000,7.00
bts current status members military service 2026,0,1,0.0000,7.00
bts current status military service 2026,0,2,0.0000,8.00
bts enlistment,0,1,0.0000,9.00
bts events,0,1,0.0000,1.00
bts jin fifa,0,2,0.0000,16.00
bts jungkook,0,1,0.0000,5.00
bts jungkook military service status 2026,0,2,0.0000,10.50
bts members completed military service 2026,0,32,0.0000,8.31
bts members current military service 2026,0,8,0.0000,7.38
bts members current military service status 2026,0,7,0.0000,6.86
bts members current military status 2026,0,1,0.0000,8.00
bts members military enlistment status 2026,0,2,0.0000,10.00
bts members military service 2026,0,5,0.0000,8.20
bts members military service completed 2025 2026,0,2,0.0000,8.50
bts members military service completed 2026,0,55,0.0000,8.84
bts members military service completed 2026 status,0,2,0.0000,10.00
bts members military service completed all members 2026,0,1,0.0000,8.00
bts members military service completion 2026,0,8,0.0000,8.38
bts members military service completion dates 2026,0,5,0.0000,8.80
bts members military service completion status 2026,0,3,0.0000,10.00
bts members military service discharge 2026,0,1,0.0000,10.00
bts members military service enlistment discharge dates 2026,0,3,0.0000,6.67
bts members military service return 2026,0,2,0.0000,10.00
bts members military service status 2026,0,59,0.0000,9.05
bts members military service status as of 2026,0,5,0.0000,9.60
bts members military service status august 2026,0,2,0.0000,9.50
bts members military service status july 2026,0,7,0.0000,8.86
bts members military service update 2026,0,3,0.0000,10.33
bts military,0,1,0.0000,9.00
bts military discharge dates 2026,0,1,0.0000,11.00
bts military enlistment,0,1,0.0000,18.00
bts military service all members completed 2026,0,3,0.0000,9.67
bts military service all members discharged 2026,0,2,0.0000,11.00
bts military service completed 2026,0,8,0.0000,9.38
bts military service completed all members 2026,0,8,0.0000,9.75
bts military service completed members 2026,0,2,0.0000,9.50
bts military service completion 2025 2026,0,3,0.0000,9.00
bts military service completion 2026,0,5,0.0000,9.40
bts military service completion dates 2025 2026,0,6,0.0000,10.33
bts military service completion dates 2026,0,5,0.0000,9.60
bts military service completion status 2026,0,1,0.0000,11.00
bts military service discharge 2026,0,4,0.0000,10.00
bts military service end date 2026,0,1,0.0000,7.00
bts military service return 2026,0,1,0.0000,11.00
bts military service schedule,0,3,0.0000,39.67
bts military service schedule 2026,0,1,0.0000,11.00
bts military service status 2026,0,21,0.0000,9.67
bts military service status as of 2026,0,4,0.0000,9.50
bts military service status july 2026,0,3,0.0000,8.67
bts military service timeline,0,2,0.0000,25.50
bts military service timeline 2026,0,1,0.0000,10.00
bts military service update 2026,0,1,0.0000,10.00
bts next stop,0,2,0.0000,1.00
bts schedule 2026,0,2,0.0000,1.00
bts schedule august 2026,0,3,0.0000,1.00
bts trainees,0,1,0.0000,11.00
bts upcoming events,0,1,0.0000,1.00
bts v sdt,0,1,0.0000,17.00
bts v sdt military,0,1,0.0000,11.00
bts новости чонгук,0,1,0.0000,3.00
bts последние новости,0,1,0.0000,2.00
bts участники возраст,0,1,0.0000,3.00
bts??,0,1,0.0000,2.00
bu mu,0,1,0.0000,3.00
bukchon 8 views,0,1,0.0000,49.00
bukchon hanok village,0,6,0.0000,34.50
bukchon hanok village best time to visit,0,2,0.0000,61.50
bukchon hanok village closing time,0,5,0.0000,17.80
bukchon hanok village entrance fee,0,1,0.0000,3.00
bukchon hanok village hours,0,3,0.0000,34.33
bukchon hanok village images,0,2,0.0000,23.50
bukchon hanok village january,0,1,0.0000,73.00
bukchon hanok village korea tourism organization,0,1,0.0000,8.00
bukchon hanok village opening hours,0,9,0.0000,17.11
bukchon hanok village operating hours,0,2,0.0000,52.50
bukchon hanok village orari,0,1,0.0000,33.00
bukchon hanok village photo spot,0,2,0.0000,42.50
bukchon hanok village photos,0,10,0.0000,31.40
bukchon hanok village seoul metropolitan government,0,6,0.0000,9.50
bukchon hanok village seoul metropolitan government official,0,14,0.0000,9.50
bukchon hanok village to insadong,0,1,0.0000,86.00
bukchon hanok village tourist restricted hours 2026 official seoul,0,2,0.0000,10.50
bukchon hanok village visit seoul official,0,7,0.0000,7.86
bukchon hanok village visiting hours restrictions official 2026,0,2,0.0000,11.00
bukchon hanok village visitor hours 2026 official,0,3,0.0000,8.67
bukchon hanok village visitor hours official seoul 2026,0,1,0.0000,8.00
bukchon hanok village visitor restrictions official 2025,0,1,0.0000,11.00
bukchon-ro 11-gil,0,4,0.0000,10.00
buldak business idea,0,6,0.0000,7.00
buldak company,0,4,0.0000,10.75
buldak factory,0,1,0.0000,9.00
buldak global,0,1,0.0000,8.00
buldak headquarters,0,11,0.0000,10.55
buldak is from which country,0,2,0.0000,12.00
buldak manufacturer,0,1,0.0000,12.00
buldak net worth,0,17,0.0000,6.53
buldak noodles made in which country,0,2,0.0000,11.00
buldak origin country,0,3,0.0000,11.00
buldak parent company,0,1,0.0000,7.00
buldak ramen carbonara scoville,0,1,0.0000,3.00
buldak ramen price in korea,0,1,0.0000,1.00
buldak revenue,0,1,0.0000,7.00
buldak scoville units,0,1,0.0000,4.00
buldak spicy chicken scoville,0,1,0.0000,3.00
buldak spicy ramen hot chicken flavour scoville,0,1,0.0000,3.00
buldak spicy tteokbokki scoville,0,1,0.0000,9.00
buldak toomba,0,4,0.0000,7.50
bulkogi photos,0,1,0.0000,3.00
bulteok meaning,0,1,0.0000,43.00
bungeo samanco,0,4,0.0000,4.00
bunun adı ne,0,1,0.0000,2.00
busan,0,50,0.0000,2.56
busan and seoul,0,4,0.0000,53.50
busan during chuseok,0,2,0.0000,20.50
busan festival,0,3,0.0000,66.33
busan festivals,0,1,0.0000,61.00
busan fireworks festival 2026,0,1,0.0000,3.00
busan fireworks festival 2026 dates,0,1,0.0000,10.00
busan korea,0,1,0.0000,2.00
busan museum,0,1,0.0000,5.00
busan night life,0,1,0.0000,3.00
busan oder seoul,0,2,0.0000,30.50
busan or pusan,0,2,0.0000,43.00
busan or seoul,0,36,0.0000,35.17
busan or seoul better,0,3,0.0000,29.00
busan seoul,0,11,0.0000,55.00
busan seoul korea,0,4,0.0000,60.75
busan seoul south korea,0,2,0.0000,57.50
busan taxi dangerous,0,4,0.0000,10.00
busan to seoul travel time,0,1,0.0000,70.00
busan university,0,1,0.0000,4.00
busan vs pusan,0,1,0.0000,45.00
busan vs seoul nightlife,0,3,0.0000,12.33
busan weather today,0,1,0.0000,2.00
business closures,0,1,0.0000,2.00
business insider kospi today korea stock market index samsung sk hynix chips 2026 7,0,5,0.0000,9.20
business proposal kdrama,0,1,0.0000,3.00
buy dashi powder,0,1,0.0000,3.00
byung jae,0,1,0.0000,3.00
bánh yonsei,0,1,0.0000,4.00
bánh yonsei hàn quốc,0,1,0.0000,4.00
cable car seoul tower,0,1,0.0000,35.00
cable car to n seoul tower,0,2,0.0000,57.50
cafe event kpop,0,1,0.0000,18.00
cagongjok,0,17,0.0000,12.59
cagonjok,0,1,0.0000,33.00
calpico vs milkis,0,3,0.0000,2.67
calpis korean,0,2,0.0000,8.00
calpis milkis,0,6,0.0000,8.33
calpis vs milkis,0,125,0.0000,7.33
camera shops in seoul,0,1,0.0000,3.00
camp stanley south korea,0,1,0.0000,2.00
campen,0,1,0.0000,3.00
camping in korea,0,1,0.0000,48.00
can i bring soju back from korea,0,1,0.0000,6.00
can i buy it in korea,0,1,0.0000,3.00
can i drink everyday,0,1,0.0000,9.00
can i eat samgyupsal alone,0,1,0.0000,14.00
can i go out of korea airport during layover,0,1,0.0000,15.00
can i leave incheon airport during a layover,0,1,0.0000,28.00
can i leave seoul airport during layover,0,1,0.0000,24.00
can i see pictures,0,2,0.0000,2.00
can i wear shorts in korea,0,1,0.0000,2.00
can u show me some images?,0,1,0.0000,2.00
can u show pics,0,1,0.0000,70.00
can you bring drinks on korean subway,0,1,0.0000,9.00
can you bring soju back from korea,0,1,0.0000,8.00
can you buy books at starfield library,0,1,0.0000,13.00
can you buy korean sunscreen in usa,0,1,0.0000,26.00
can you drink on korean subway,0,2,0.0000,11.00
can you eat in korean subway,0,9,0.0000,10.00
can you eat kimchi by itself,0,2,0.0000,67.00
can you eat on korean subway,0,1,0.0000,9.00
can you flush toilet paper in korea,0,2,0.0000,9.00
can you flush toilet paper in south korea,0,2,0.0000,19.00
can you go out of incheon airport during layover,0,1,0.0000,23.00
can you go to kbbq alone,0,2,0.0000,28.50
can you go to korean bbq by yourself,0,1,0.0000,21.00
can you have it with alcohol,0,1,0.0000,5.00
can you leave seoul airport during layover,0,3,0.0000,20.33
can you show me some images?,0,1,0.0000,3.00
can you sleep at incheon airport,0,1,0.0000,29.00
can you use google map in korea,0,1,0.0000,28.00
can you wear jeans in south korea,0,1,0.0000,3.00
capital of plastic surgery,0,4,0.0000,72.50
cara menulis ahjussi,0,5,0.0000,8.40
care?,0,1,0.0000,2.00
career in korea,0,1,0.0000,45.00
career opportunities in korea,0,1,0.0000,43.00
career opportunities in south korea,0,1,0.0000,41.00
careers in south korea,0,2,0.0000,42.50
carrer timeline,0,1,0.0000,22.00
cashless travel korea,0,2,0.0000,46.50
cass beer price in korea,0,2,0.0000,1.00
caste,0,1,0.0000,4.00
catholic pilgrimage,0,1,0.0000,3.00
catholic pilgrimage inurl:discussion,0,3,0.0000,41.33
cau university korea,0,1,0.0000,3.00
cease fire 1953,0,1,0.0000,4.00
centela spf,0,1,0.0000,3.00
centre pompidou hanwha address,0,1,0.0000,10.00
centre pompidou hanwha seoul address,0,4,0.0000,10.00
centre pompidou seoul,0,1,0.0000,9.00
cerita korea best di netflix 2026,0,5,0.0000,1.00
cgi kpop group,0,2,0.0000,6.00
cha eun woo,0,1,0.0000,3.00
cha eun woo face genius,0,5,0.0000,9.60
cha eun woo korean beauty standards,0,1,0.0000,11.00
cha eun woo meaning in english,0,1,0.0000,13.00
cha eun-woo face genius nickname,0,9,0.0000,9.89
cha eun-woo face genius nickname origin,0,2,0.0000,11.00
cha eun-woo nickname face genius,0,2,0.0000,10.00
chabak in english,0,3,0.0000,1.00
chabuk in english,0,1,0.0000,4.00
chaebol chung yong-jin,0,2,0.0000,17.00
chaebols meaning,0,1,0.0000,2.00
chaltteok pie,0,1,0.0000,9.00
chan chan korea,0,1,0.0000,54.00
chan korean food,0,1,0.0000,32.00
changdeokgung,0,1,0.0000,22.00
changgyeonggung palace light show 2026,0,6,0.0000,8.50
changwon,0,1,0.0000,2.00
chapter,0,1,0.0000,3.00
chapter 2,0,1,0.0000,8.00
chayo artinya,0,1,0.0000,43.00
chef ahn,0,21,0.0000,15.00
chef ahn mosu,0,1,0.0000,5.00
chef ahn sung jae,0,6,0.0000,15.00
chef ahn sung-jae,0,1,0.0000,18.00
chef ang sung jae,0,1,0.0000,37.00
chef anh,0,6,0.0000,3.50
chef anh restaurant,0,1,0.0000,45.00
chef anh sung jae,0,5,0.0000,2.80
chef anh sung jae restaurant,0,5,0.0000,36.40
chef anh sung-jae,0,1,0.0000,2.00
chef kang min-goo,0,1,0.0000,2.00
chef sung ahn,0,4,0.0000,14.25
chef sung jae,0,1,0.0000,11.00
cheonggukjang vs doenjang,0,2,0.0000,55.50
cheongnyangni market,0,1,0.0000,4.00
cheongsam university location,0,1,0.0000,2.00
cheongyang pepper vs jalapeno,0,1,0.0000,7.00
cheonyeon cider,0,1,0.0000,3.00
cheusok 2026,0,1,0.0000,1.00
chicken price in south korea,0,1,0.0000,1.00
chicor vs olive young,0,1,0.0000,32.00
chief kim kdrama 2026,0,1,0.0000,10.00
chilling cider,0,1,0.0000,2.00
chillsung cider,0,2,0.0000,2.50
chilseok,0,1,0.0000,3.00
chilsun cider,0,1,0.0000,1.00
chilsung,0,6,0.0000,10.83
chilsung cider,0,46,0.0000,6.54
chilsung cider alcohol,0,11,0.0000,5.64
chilsung cider alcohol content,0,4,0.0000,5.50
chilsung cider bottle,0,1,0.0000,3.00
chilsung cider halal,0,15,0.0000,7.13
chilsung cider ingredients,0,2,0.0000,6.50
chilsung cider is it alcoholic,0,4,0.0000,4.75
chilsung cider korea,0,1,0.0000,11.00
chilsung cider soda,0,1,0.0000,17.00
chilsung cider taste,0,1,0.0000,1.00
chilsung lemon lime soda,0,2,0.0000,5.00
chilsung meaning,0,3,0.0000,6.67
chilsung sider,0,1,0.0000,10.00
chilsung soda,0,2,0.0000,11.50
chilsung sprite,0,1,0.0000,6.00
chilsung vs sprite,0,9,0.0000,7.00
chincha korea,0,1,0.0000,39.00
chinese bakery near me,0,1,0.0000,3.00
chinese drama 2026,0,1,0.0000,6.00
chingoos meaning,0,1,0.0000,27.00
chiseok 2026,0,3,0.0000,10.33
cho man sik,0,1,0.0000,50.00
chobok,0,1,0.0000,44.00
chobok 2026,0,30,0.0000,9.00
chobok korea,0,1,0.0000,6.00
choessi ajeossi,0,1,0.0000,27.00
chogiwa meaning,0,2,0.0000,41.00
choi min sik,0,11,0.0000,47.73
choi min sik awards,0,1,0.0000,37.00
choi min sik best movies,0,3,0.0000,50.33
choi min sik exhuma,0,1,0.0000,13.00
choi min sik in exhuma,0,3,0.0000,12.00
choi min sik young,0,3,0.0000,2.33
choi min-sik,0,46,0.0000,13.46
choi min-sik best movies,0,3,0.0000,41.67
choi min-sik exhuma,0,2,0.0000,20.00
choi min-sik movies and shows,0,1,0.0000,58.00
choi min-sik young,0,1,0.0000,2.00
choi minsik,0,4,0.0000,39.75
chon cance,0,20,0.0000,4.25
choncance,0,52,0.0000,4.15
chonnam national university,0,1,0.0000,2.00
chonse,0,2,0.0000,42.50
choong ang high school,0,1,0.0000,2.00
chowall meaning,0,1,0.0000,41.00
chuesok 2026,0,3,0.0000,9.33
chun doo hwan,0,1,0.0000,3.00
chung ang university,0,4,0.0000,2.50
chung bung,0,1,0.0000,63.00
chung name origin,0,1,0.0000,2.00
chung yong-jin,0,2,0.0000,3.00
chung yoo-kyung,0,5,0.0000,3.20
chungcheong to seoul,0,1,0.0000,3.00
chungnam national university,0,3,0.0000,2.67
chungwoon literature library,0,1,0.0000,5.00
chunjang vs doenjang,0,6,0.0000,10.17
chusak,0,1,0.0000,3.00
chuseok,0,7,0.0000,2.29
chuseok 2026 busan,0,12,0.0000,8.00
chuseok 2026 calendar,0,1,0.0000,8.00
chuseok 2026 date,0,7,0.0000,10.86
chuseok 2026 dates,0,13,0.0000,7.46
chuseok 2026 dates korea,0,3,0.0000,11.67
chuseok 2026 holiday,0,3,0.0000,10.67
chuseok 2026 how many days,0,6,0.0000,9.33
chuseok 2026 korea,0,1,0.0000,10.00
chuseok 2026 seoul,0,3,0.0000,9.00
chuseok date 2026,0,1,0.0000,11.00
chuseok dates 2026,0,4,0.0000,8.75
chuseok day 2026,0,3,0.0000,11.33
chuseok holiday korea 2026,0,4,0.0000,8.75
chuseok holidays 2026,0,5,0.0000,9.80
chuseok in 2026,0,3,0.0000,10.00
chuseok in korea 2026,0,4,0.0000,8.50
chuseok korea 2026,0,7,0.0000,12.14
chuseok korea 2026 dates,0,2,0.0000,12.00
chuseok korean holiday,0,1,0.0000,2.00
chuseok seoul 2026,0,12,0.0000,9.17
chuseok september 2026,0,3,0.0000,7.33
chuseok south korea 2026 dates,0,1,0.0000,12.00
chuseok traffic,0,1,0.0000,27.00
chuseok travel,0,1,0.0000,34.00
chuseok week 2026,0,1,0.0000,9.00
chuseok.2026,0,3,0.0000,7.00
chuseok2026,0,2,0.0000,10.00
chusoek,0,1,0.0000,2.00
chusoek 2026,0,1,0.0000,10.00
chusok 2026,0,6,0.0000,8.67
chusuk 2026,0,1,0.0000,11.00
chzzk lol park,0,31,0.0000,7.74
chzzk lol park (gran seoul 3f),0,3,0.0000,7.00
chính hãng k,0,1,0.0000,3.00
cica,0,1,0.0000,1.00
cider chilsung,0,2,0.0000,10.50
cider drink,0,1,0.0000,3.00
cider in korea,0,7,0.0000,9.00
cider in korean,0,6,0.0000,11.33
cider korea,0,2,0.0000,7.50
cider korean,0,11,0.0000,7.55
cider korean drink,0,9,0.0000,8.67
cider vs soda,0,1,0.0000,11.00
cimer spa incheon,0,1,0.0000,4.00
cinca korea,0,3,0.0000,24.33
cklc ignou,0,1,0.0000,7.00
clan,0,1,0.0000,9.00
clan gimhae kim,0,1,0.0000,3.00
clan in korea,0,2,0.0000,10.50
clan in korean,0,1,0.0000,4.00
clan kim,0,1,0.0000,22.00
clans in korea,0,7,0.0000,23.29
clans in south korea,0,7,0.0000,7.00
clap along meaning,0,2,0.0000,44.50
clap in korean,0,3,0.0000,13.67
clapping in korean,0,1,0.0000,13.00
clapping while laughing,0,39,0.0000,8.05
cloth slippers,0,1,0.0000,4.00
clothing,0,1,0.0000,30.00
co to je?,0,1,0.0000,2.00
coco hy,0,1,0.0000,3.00
coex mall subway station,0,2,0.0000,24.00
coffee creamer,0,1,0.0000,3.00
cognome?,0,1,0.0000,1.00
coin laundry,0,3,0.0000,6.00
coin laundry in korean,0,1,0.0000,14.00
coin laundry korea,0,3,0.0000,8.00
coin laundry near me,0,1,0.0000,14.00
coin laundry seoul,0,1,0.0000,7.00
coin noraebang,0,5,0.0000,7.20
collabs?,0,1,0.0000,5.00
college,0,2,0.0000,6.50
colours queen cushion foundation,0,1,0.0000,3.00
come fast in korean,0,2,0.0000,2.50
comedy k drama 2026,0,1,0.0000,1.00
comedy kdrama 2026,0,6,0.0000,1.67
comedy kdramas 2026,0,1,0.0000,3.00
comedy korean drama 2026,0,1,0.0000,1.00
comedy korean movie 2026,0,2,0.0000,3.50
comic in korean,0,2,0.0000,18.00
comic naver,0,1,0.0000,5.00
comic.naver.com english,0,1,0.0000,2.00
comix,0,1,0.0000,5.00
common banchan,0,1,0.0000,40.00
common banchan dishes,0,1,0.0000,36.00
common jobs in korea,0,1,0.0000,35.00
common jobs in south korea,0,3,0.0000,40.00
common korean breakfast,0,2,0.0000,22.00
common korean last names,0,1,0.0000,3.00
common korean side dishes,0,1,0.0000,36.00
como se prepara video,0,1,0.0000,2.00
companies similar to otoki corporation publicly traded,0,2,0.0000,17.00
compare,0,1,0.0000,4.00
comparison,0,1,0.0000,6.00
compressed modernity,0,3,0.0000,60.33
compressed modernity korea,0,1,0.0000,48.00
condition korean drink,0,1,0.0000,36.00
consuming raw garlic benefits,0,1,0.0000,2.00
contact lens in korea,0,1,0.0000,46.00
contact lenses korea,0,1,0.0000,52.00
convenience store,0,1,0.0000,48.00
convenience store ice cream,0,2,0.0000,22.00
convenience store in south korea,0,1,0.0000,59.00
convenience store korea,0,5,0.0000,58.00
convenience store seoul,0,2,0.0000,32.50
convenience stores korea,0,1,0.0000,45.00
convenient store in korea,0,1,0.0000,61.00
convenient store korea,0,1,0.0000,56.00
convers,0,1,0.0000,3.00
cool piece korean drink,0,1,0.0000,1.00
cool things to do in seoul,0,1,0.0000,3.00
coolpis,0,6,0.0000,4.33
corea del sur?,0,1,0.0000,2.00
corea partidos,0,1,0.0000,5.00
corn shaped bread,0,1,0.0000,4.00
corée du sud,0,1,0.0000,4.00
cosmax,0,2,0.0000,14.00
cosmax oem,0,1,0.0000,12.00
"cosmax, inc. analyst price target disagreement",0,90,0.0000,4.40
"cosmax, inc. forecast and analysis",0,81,0.0000,4.67
cosmetics,0,1,0.0000,2.00
cosrx,0,2,0.0000,24.50
cosrx snail mucin made in which country,0,2,0.0000,7.50
cosrx snail mucin price in korea,0,1,0.0000,1.00
coupang,0,1,0.0000,4.00
coupang about,0,1,0.0000,41.00
coupang amazon,0,4,0.0000,7.00
coupang bangalore,0,1,0.0000,3.00
coupang business,0,1,0.0000,59.00
coupang business model,0,1,0.0000,32.00
coupang careers,0,1,0.0000,2.00
coupang company,0,2,0.0000,29.00
coupang country of origin,0,2,0.0000,10.50
coupang ecommerce,0,1,0.0000,33.00
coupang farfetch,0,1,0.0000,8.00
coupang global fulfillment,0,1,0.0000,58.00
coupang history,0,1,0.0000,10.00
coupang india,0,3,0.0000,6.00
coupang india reviews,0,1,0.0000,3.00
coupang korean company,0,1,0.0000,29.00
coupang origin country,0,7,0.0000,8.14
coupang share price,0,7,0.0000,2.29
coupang stock price,0,1,0.0000,2.00
coupang stock price today,0,1,0.0000,2.00
coupang what is,0,1,0.0000,25.00
coupang what is it,0,1,0.0000,60.00
coupang wiki,0,2,0.0000,41.50
coupang wikipedia,0,2,0.0000,13.00
couples spa seoul,0,1,0.0000,8.00
cream bread korean,0,1,0.0000,1.00
ctrl alt resign naver,0,1,0.0000,3.00
cu breakfast menu,0,1,0.0000,4.00
cu yonsei cream bread,0,2,0.0000,6.50
cu?,0,1,0.0000,10.00
cuccoo,0,1,0.0000,8.00
cuchen,0,1,0.0000,2.00
cuchen rice cooker korea,0,1,0.0000,58.00
cuchen vs cuckoo,0,2,0.0000,17.50
cuchen vs cuckoo rice cooker,0,3,0.0000,10.33
cuckoo,0,1,0.0000,45.00
cuckoo brand origin,0,2,0.0000,6.00
cuckoo rice cooker,0,1,0.0000,15.00
cuckoo rice cooker brand origin,0,3,0.0000,8.33
cuckoo rice cooker country of origin,0,1,0.0000,7.00
cuckoo rice cooker korean to english,0,1,0.0000,32.00
cuckoo rice cooker made in korea,0,1,0.0000,46.00
cuckoo rice cooker made in which country,0,1,0.0000,12.00
cuckoo rice cooker wiki,0,3,0.0000,8.00
cuckoo scorched rice,0,1,0.0000,24.00
cuckoo titan water purifier,0,1,0.0000,2.00
cuckoo vs cuchen rice cooker,0,1,0.0000,7.00
cuckoo which country brand,0,1,0.0000,11.00
culture+hiking,0,1,0.0000,11.00
current military status of bts members as of 2026,0,1,0.0000,1.00
current political situation south korea 2026,0,1,0.0000,16.00
current president of republic of korea 2026,0,5,0.0000,10.80
current president of south korea 2026,0,2,0.0000,15.00
current president of south korea 2026 party,0,1,0.0000,5.00
current south korea president 2026,0,2,0.0000,11.00
current south korean president 2026,0,1,0.0000,11.00
cushion foundation,0,1,0.0000,3.00
cushion shades,0,3,0.0000,34.00
cushion test,0,1,0.0000,15.00
custard cake korean,0,2,0.0000,9.00
custard korean snack,0,30,0.0000,7.93
cuál es mejor de los dos,0,1,0.0000,1.00
cu편의점,0,1,0.0000,2.00
cái này thì sao,0,1,0.0000,1.00
còn không,0,1,0.0000,1.00
có,0,2,0.0000,6.50
có tốt không,0,1,0.0000,4.00
của nước nào,0,1,0.0000,3.00
da coreia do sul,0,1,0.0000,3.00
dadhida,0,1,0.0000,9.00
daegu university ranking,0,1,0.0000,3.00
daegu vs busan,0,1,0.0000,47.00
daejeon expo science park squid game,0,8,0.0000,15.38
daejeon university,0,1,0.0000,4.00
daekyeung university south korea,0,1,0.0000,3.00
daewon foreign language high school,0,1,0.0000,4.00
daftar drama korea 2026,0,2,0.0000,1.00
daftar drama korea terbaru 2026,0,9,0.0000,3.33
daftar film korea 2026,0,1,0.0000,1.00
daftar film korea terbaru 2026,0,2,0.0000,4.00
dagwa cookie,0,1,0.0000,30.00
daishida,0,1,0.0000,3.00
daiso korea,0,14,0.0000,6.29
daiso korea home goods,0,1,0.0000,5.00
daiso korea items,0,2,0.0000,2.50
daiso korea kitchen products,0,1,0.0000,8.00
daiso korea must buy,0,20,0.0000,8.25
daiso korea myeongdong,0,1,0.0000,3.00
daiso korea products,0,3,0.0000,5.33
daiso korea shopping,0,1,0.0000,7.00
daiso korea snacks,0,3,0.0000,6.00
daiso korea souvenirs,0,4,0.0000,3.75
daiso korea tax free,0,6,0.0000,8.33
daiso korea tax refund,0,4,0.0000,7.00
daiso korea vs japan,0,2,0.0000,11.00
daiso korea what to buy,0,3,0.0000,8.33
daiso korean store,0,1,0.0000,28.00
daiso logo,0,1,0.0000,1.00
daiso melbourne,0,1,0.0000,4.00
daiso must buy korea,0,5,0.0000,9.40
daiso must buys,0,2,0.0000,6.00
daiso opening hours korea,0,1,0.0000,14.00
daiso tax free,0,1,0.0000,9.00
daiso tax free korea,0,4,0.0000,9.00
daiso tax refund korea,0,3,0.0000,9.00
daiso things to buy,0,1,0.0000,4.00
daiso what to buy,0,1,0.0000,8.00
daisy,0,1,0.0000,3.00
damyang jeon clan,0,1,0.0000,4.00
dancer name,0,1,0.0000,4.00
dankook university,0,1,0.0000,3.00
dashi,0,1,0.0000,2.00
dashi beef powder,0,12,0.0000,8.17
dashi broth,0,1,0.0000,2.00
dashi da,0,4,0.0000,7.00
dashi in korean,0,2,0.0000,8.50
dashi korean meaning,0,6,0.0000,8.00
dashi korean meaning in english,0,14,0.0000,8.79
dashi meaning in korean,0,6,0.0000,5.83
dashi meaning korean,0,38,0.0000,9.61
dashi powder alternative,0,1,0.0000,2.00
dashi powder for takoyaki,0,1,0.0000,3.00
dashi powder korean,0,1,0.0000,9.00
dashi powder substitute,0,1,0.0000,2.00
dashi vs broth,0,1,0.0000,12.00
dashi vs dashida,0,20,0.0000,3.90
dashida,0,228,0.0000,9.05
dashida beef powder,0,17,0.0000,10.29
dashida beef seasoning,0,1,0.0000,10.00
dashida beef stock,0,17,0.0000,8.65
dashida beef stock powder,0,3,0.0000,8.67
dashida korean,0,9,0.0000,9.67
dashida korean seasoning,0,1,0.0000,7.00
dashida official website,0,3,0.0000,10.00
dashida powder,0,278,0.0000,9.73
dashida powder how to use,0,1,0.0000,9.00
dashida seasoning substitute,0,5,0.0000,13.00
dashida substitute,0,11,0.0000,9.27
dashida vs hondashi,0,15,0.0000,5.60
dasida,0,2,0.0000,2.00
dasida beef,0,1,0.0000,32.00
dasida beef powder,0,17,0.0000,11.47
dasida beef powder ingredients,0,1,0.0000,3.00
dasida beef stock,0,2,0.0000,7.00
dasida beef stock powder,0,16,0.0000,9.25
dasida chicken bouillon powder,0,1,0.0000,7.00
dasida chicken powder,0,1,0.0000,5.00
dasida powder,0,4,0.0000,22.50
dasida substitute,0,4,0.0000,10.75
date,0,1,0.0000,4.00
dates in 2026,0,1,0.0000,4.00
dates?,0,1,0.0000,9.00
dating a korean woman,0,1,0.0000,6.00
dating show korea 2026,0,1,0.0000,5.00
dating shows like singles inferno,0,1,0.0000,1.00
day option,0,1,0.0000,6.00
day or night,0,1,0.0000,1.00
day spa duluth,0,1,0.0000,9.00
day trip from seoul to jeonju,0,1,0.0000,21.00
day trip to jeonju from seoul,0,1,0.0000,24.00
daytime,0,1,0.0000,8.00
ddukbokki vs tteokbokki,0,1,0.0000,43.00
de corea,0,1,0.0000,4.00
de esos,0,1,0.0000,3.00
de qué sabor es,0,1,0.0000,22.00
dear ahjussi,0,2,0.0000,15.50
debi manjoo,0,1,0.0000,11.00
decode vs suzy,0,26,0.0000,24.27
deep dive korea company,0,3,0.0000,8.33
deepdive company korea,0,2,0.0000,12.00
deepdive inc korea,0,1,0.0000,13.00
define ahjussi,0,47,0.0000,6.45
define banchan,0,1,0.0000,32.00
definitive guide to seoul luxury fashion,0,41,0.0000,38.56
delaffe coffee,0,4,0.0000,4.75
delaffe drink,0,2,0.0000,6.50
deli,0,1,0.0000,3.00
deli korea,0,1,0.0000,18.00
deli manjo,0,65,0.0000,6.48
deli manjoo corn,0,124,0.0000,6.19
deli manjoo korean food,0,60,0.0000,3.33
deli manjoo korean snack,0,104,0.0000,3.54
deli manjoo myeongdong,0,72,0.0000,9.76
deli manjoo near me,0,3,0.0000,7.00
deli manjoo penang,0,1,0.0000,9.00
deli manju,0,73,0.0000,8.73
delimajoo,0,15,0.0000,7.87
delimanjoo menu,0,1,0.0000,3.00
delimanjoo myeongdong,0,31,0.0000,10.84
delimanjoo near me,0,8,0.0000,10.63
delimanjoo photos,0,3,0.0000,4.00
delimanju,0,6,0.0000,4.33
democratic party of korea logo 2022,0,1,0.0000,11.00
denmark,0,1,0.0000,17.00
deokdam meaning,0,1,0.0000,29.00
deoksugung palace,0,1,0.0000,2.00
departing,0,1,0.0000,2.00
department of external relations inurl:reel,0,1,0.0000,49.00
des témoignages,0,1,0.0000,12.00
design in korean,0,1,0.0000,30.00
di korea,0,1,0.0000,3.00
dianne durcholz,0,1,0.0000,1.00
did anyone leave,0,1,0.0000,6.00
did bts go to military,0,1,0.0000,5.00
did korea get rid of the age system,0,1,0.0000,17.00
did she get plastic surgery,0,1,0.0000,5.00
did she make it,0,1,0.0000,9.00
did wonyoung get plastic surgery,0,1,0.0000,3.00
didn't it close,0,1,0.0000,11.00
difference between ahjussi and samchon,0,26,0.0000,4.04
difference between busan and seoul,0,1,0.0000,34.00
difference between doenjang and ssamjang,0,1,0.0000,54.00
difference between international age and korean age,0,3,0.0000,12.00
difference between jin ramen and shin ramen,0,4,0.0000,8.50
difference between kakigori and bingsu,0,1,0.0000,33.00
difference between korean and international age,0,2,0.0000,11.00
difference between oppa and hyung,0,1,0.0000,3.00
difference between rabokki and tteokbokki,0,2,0.0000,11.00
difference between samchon and ahjussi,0,28,0.0000,4.50
difference between seoul and busan,0,1,0.0000,39.00
difference between tteokbokki and topokki,0,1,0.0000,38.00
difference between tteokbokki and yopokki,0,2,0.0000,65.00
different kim clans,0,2,0.0000,11.00
different types of tteokbokki,0,1,0.0000,1.00
digital kpop group,0,2,0.0000,9.00
dikorea,0,1,0.0000,5.00
dining near gimpo airport,0,3,0.0000,28.67
dish culture,0,1,0.0000,44.00
disney land korea,0,1,0.0000,7.00
distance between south korea and japan,0,1,0.0000,3.00
dmz tour,0,1,0.0000,3.00
do electric toothbrushes work better,0,1,0.0000,3.00
do i need an arrival card for korea,0,1,0.0000,23.00
do i need k eta as a us citizen,0,1,0.0000,5.00
do i need to print korea e arrival card,0,1,0.0000,28.00
do korean convenience stores have bathrooms,0,7,0.0000,9.71
do korean guys fall in love fast,0,1,0.0000,2.00
do korean toilets have bidets,0,21,0.0000,8.71
do koreans eat a lot of garlic,0,2,0.0000,8.00
do koreans eat kimchi every day,0,1,0.0000,40.00
do koreans eat raw garlic,0,2,0.0000,9.50
do koreans eat rice for breakfast,0,5,0.0000,8.20
do koreans find buldak spicy,0,2,0.0000,20.50
do koreans give red envelopes,0,1,0.0000,33.00
do koreans have a different age system,0,1,0.0000,11.00
do koreans put their last name first,0,1,0.0000,2.00
do koreans still use korean age,0,40,0.0000,9.13
do koreans use bidet,0,56,0.0000,8.23
do koreans use bidet or toilet paper,0,21,0.0000,7.10
do koreans use bidets,0,17,0.0000,11.12
do koreans use toilet paper,0,1,0.0000,9.00
do koreans use toilet paper or water,0,29,0.0000,6.69
do koreans use torriden,0,5,0.0000,5.80
do koreans use water or toilet paper,0,14,0.0000,6.07
do koreans wipe or wash,0,1,0.0000,7.00
do most koreans live in apartments,0,5,0.0000,9.80
do toilets in korea have bidets,0,9,0.0000,10.33
do you need e arrival card for korea,0,1,0.0000,25.00
do you need k-eta to enter korea,0,1,0.0000,32.00
doces coreanos tradicionais,0,1,0.0000,1.00
docofil blanket,0,1,0.0000,3.00
doctor on the edge,0,1,0.0000,5.00
doenjang vs gochujang,0,4,0.0000,20.25
does bibimbap have nuts,0,2,0.0000,40.00
does bts have to serve in the military,0,1,0.0000,1.00
does bukchon hanok village close,0,21,0.0000,7.24
does chilsung cider have alcohol,0,18,0.0000,5.22
does chilsung cider have caffeine,0,11,0.0000,7.00
does coupang deliver to usa,0,1,0.0000,63.00
does coupang ship to canada,0,1,0.0000,41.00
does daiso do tax free,0,2,0.0000,10.50
does daiso have tax free,0,2,0.0000,9.50
does google map work in seoul,0,1,0.0000,19.00
does google maps work in south korea,0,1,0.0000,63.00
does illit have a webtoon,0,1,0.0000,3.00
does it contain a lot of sugar,0,1,0.0000,5.00
does it contain alcohol,0,1,0.0000,3.00
does it give energy?,0,1,0.0000,3.00
does it have a bathroom,0,1,0.0000,3.00
does it have msg,0,1,0.0000,3.00
does it have nuts,0,1,0.0000,6.00
does it snow in korea,0,1,0.0000,2.00
does korea ground planes on exam days,0,1,0.0000,6.00
does korea have bidet,0,18,0.0000,9.28
does korea have bidets,0,80,0.0000,10.91
does korea have bidets like japan,0,4,0.0000,6.75
does korea have mosquitoes,0,13,0.0000,8.85
does korea have summer break,0,1,0.0000,2.00
does korea use bidet,0,11,0.0000,10.18
does korea use bidets,0,36,0.0000,8.50
does korea use international age now,0,1,0.0000,9.00
does korea use toilet paper or water,0,29,0.0000,6.55
does korean age still exist,0,8,0.0000,12.25
does kpop demon hunters take place in korea,0,1,0.0000,22.00
does medicube own aprilskin,0,1,0.0000,11.00
does milkis have alcohol,0,35,0.0000,2.83
does milkis have caffeine,0,1,0.0000,25.00
does olive young have tax refund,0,1,0.0000,13.00
does seoul have mosquitoes,0,5,0.0000,9.40
does seoul national university teach in english,0,1,0.0000,3.00
does south korea have bidets,0,34,0.0000,8.88
does south korea have jet spray,0,34,0.0000,8.35
does south korea have mosquitoes,0,10,0.0000,8.50
does south korea use bidets,0,31,0.0000,8.32
does ssamjang need to be refrigerated,0,1,0.0000,18.00
does this have caffeine,0,1,0.0000,2.00
does vita 500 have caffeine,0,9,0.0000,6.22
does wonyoung know about wonyoungism,0,88,0.0000,8.27
does yakgwa have nuts,0,1,0.0000,25.00
dog breed jindo,0,3,0.0000,22.67
dog breed korean,0,2,0.0000,33.00
dog breeds jindo,0,1,0.0000,24.00
dogs native to korea,0,1,0.0000,11.00
doli maju manjar coreano,0,2,0.0000,8.50
doli manjoos food,0,2,0.0000,3.00
doli manjoos korea,0,8,0.0000,5.88
doli manjoos korean food,0,6,0.0000,4.17
doli manju,0,18,0.0000,1.00
doli manju corea,0,2,0.0000,2.00
dolimanjoo,0,28,0.0000,7.54
dollar shave club dorco,0,2,0.0000,13.00
dollar store in korea,0,25,0.0000,9.92
dolly manjoo,0,3,0.0000,1.00
dolly manju comida coreana,0,3,0.0000,1.00
dolly manju corea,0,11,0.0000,5.18
donde comprarlos,0,1,0.0000,6.00
donde conseguir en colombia,0,1,0.0000,8.00
dong da men,0,1,0.0000,38.00
dong dae mun,0,1,0.0000,3.00
dong dae mun korea,0,1,0.0000,24.00
dong dae mun market,0,3,0.0000,18.00
dong eui institute of technology,0,1,0.0000,5.00
dong eui university,0,1,0.0000,3.00
dongbang culture university ranking,0,1,0.0000,3.00
dongdaemun,0,20,0.0000,3.20
dongdaemun culture and history park,0,1,0.0000,3.00
dongdaemun fabric market seoul,0,1,0.0000,7.00
dongdaemun fashion market,0,1,0.0000,3.00
dongdaemun general market,0,1,0.0000,25.00
dongdaemun market,0,59,0.0000,11.22
dongdaemun market clothes,0,1,0.0000,15.00
dongdaemun market directory,0,1,0.0000,2.00
dongdaemun market in seoul,0,1,0.0000,23.00
dongdaemun market reviews,0,1,0.0000,3.00
dongdaemun market seoul,0,4,0.0000,17.50
dongdaemun market shopping,0,1,0.0000,21.00
dongdaemun market vs namdaemun market,0,15,0.0000,10.07
dongdaemun markets,0,1,0.0000,16.00
dongdaemun meaning,0,1,0.0000,28.00
dongdaemun night market,0,3,0.0000,3.00
dongdaemun or hongdae,0,51,0.0000,26.51
dongdaemun saebit market,0,1,0.0000,19.00
dongdaemun seoul,0,1,0.0000,3.00
dongdaemun seoul shopping,0,1,0.0000,2.00
dongdaemun shopping,0,2,0.0000,11.50
dongdaemun sourcing guide,0,2,0.0000,6.00
dongdaemun traditional market,0,7,0.0000,9.43
dongdaemun vs hongdae,0,66,0.0000,19.65
dongdaemun vs myeongdong,0,2,0.0000,14.50
dongdaemun vs namdaemun market,0,33,0.0000,9.33
dongdaemun wholesale market,0,1,0.0000,13.00
dongduk women's university,0,8,0.0000,25.88
dongduk women's university history 1950 official,0,1,0.0000,10.00
dongduk womens university,0,1,0.0000,43.00
dongguk university,0,1,0.0000,4.00
dongjang,0,1,0.0000,88.00
dongmyo grandpa,0,59,0.0000,6.78
dongmyo toy street,0,1,0.0000,3.00
dongseo university,0,2,0.0000,3.00
donjeong,0,4,0.0000,79.25
doors mall,0,1,0.0000,9.00
dorama 2026,0,3,0.0000,3.33
doramas 2026,0,12,0.0000,2.67
doramas 2026 recomendados,0,1,0.0000,3.00
doramas de 2026,0,1,0.0000,4.00
dorco,0,2,0.0000,7.00
dorco blades reddit,0,1,0.0000,11.00
dorco capital,0,2,0.0000,7.00
dorco co.,0,2,0.0000,4.50
dorco company,0,1,0.0000,15.00
dorco dollar shave club,0,2,0.0000,5.50
dorco razor company,0,1,0.0000,3.00
dorco razors,0,1,0.0000,3.00
dorco wiki,0,5,0.0000,8.60
dorco wikipedia,0,2,0.0000,8.50
dorcoo,0,1,0.0000,75.00
dosa korean meaning,0,1,0.0000,37.00
doshirak meaning,0,4,0.0000,23.25
dosirak,0,1,0.0000,29.00
dosirak box,0,2,0.0000,25.00
dosirak korean,0,1,0.0000,22.00
dosirak meaning,0,3,0.0000,19.67
douth korea,0,1,0.0000,4.00
down perm korean men,0,3,0.0000,9.00
down perm two block,0,3,0.0000,6.67
dowry in south korea,0,2,0.0000,30.50
drakor 2026,0,22,0.0000,2.95
drakor 2026 netflix,0,2,0.0000,1.00
drakor 2026 terbaik,0,1,0.0000,3.00
drakor 2026 terbaru,0,3,0.0000,1.00
drakor 2026 yang sudah tayang,0,2,0.0000,3.00
drakor action,0,1,0.0000,14.00
drakor bagus 2026,0,7,0.0000,2.29
drakor booming 2026,0,2,0.0000,1.00
drakor bulan februari 2026,0,1,0.0000,3.00
drakor comedy terbaru,0,1,0.0000,1.00
drakor fantasi 2026,0,5,0.0000,1.00
drakor fantasi terbaru,0,6,0.0000,1.00
drakor fantasy 2026,0,3,0.0000,1.00
drakor favorit 2026,0,1,0.0000,6.00
drakor juli 2026,0,1,0.0000,8.00
drakor komedi 2026,0,8,0.0000,2.25
drakor komedi action 2026,0,5,0.0000,1.00
drakor komedi romantis 2026,0,4,0.0000,2.00
drakor komedi romantis terbaru 2026,0,1,0.0000,6.00
drakor komedi terbaru,0,9,0.0000,1.00
drakor komedi terbaru 2026,0,1,0.0000,1.00
drakor lawyer terbaru,0,1,0.0000,4.00
drakor lucu 2026,0,1,0.0000,1.00
drakor lucu terbaru,0,2,0.0000,1.00
drakor mei 2026,0,4,0.0000,4.00
drakor netflix 2026,0,18,0.0000,1.00
drakor netflix terbaru 2026,0,10,0.0000,1.00
drakor on going juni 2026,0,2,0.0000,6.00
drakor on going mei 2026,0,1,0.0000,3.00
drakor ongoing juni 2026,0,1,0.0000,9.00
drakor recommended 2026,0,1,0.0000,1.00
drakor rekomendasi 2026,0,8,0.0000,3.88
drakor romance 2026,0,3,0.0000,2.67
drakor romantis 2026,0,3,0.0000,3.00
drakor romantis komedi 2026,0,1,0.0000,1.00
drakor romantis terbaik 2026,0,4,0.0000,1.00
drakor romcom 2026,0,5,0.0000,1.00
drakor sekolah 2026,0,1,0.0000,3.00
drakor seru 2026,0,6,0.0000,2.67
drakor seru terbaru 2026,0,1,0.0000,7.00
drakor streaming 2026,0,2,0.0000,1.00
drakor tayang di netflix 2026,0,1,0.0000,1.00
drakor terbaik 2026,0,5,0.0000,1.40
drakor terbaik bulan ini,0,1,0.0000,5.00
drakor terbaru,0,2,0.0000,2.00
drakor terbaru 2024 rating tertinggi,0,1,0.0000,4.00
drakor terbaru 2025,0,1,0.0000,3.00
drakor terbaru 2026 di netflix,0,7,0.0000,1.00
drakor terbaru 2026 fantasi,0,1,0.0000,1.00
drakor terbaru 2026 genre action,0,1,0.0000,1.00
drakor terbaru 2026 januari,0,1,0.0000,7.00
drakor terbaru 2026 komedi romantis,0,9,0.0000,5.89
drakor terbaru 2026 list,0,1,0.0000,1.00
drakor terbaru 2026 netflix,0,4,0.0000,1.00
drakor terbaru 2026 on going,0,2,0.0000,3.00
drakor terbaru 2026 recommended netflix,0,2,0.0000,11.00
drakor terbaru 2026 romantis,0,13,0.0000,5.31
drakor terbaru 2026 romantis rating tertinggi,0,1,0.0000,3.00
drakor terbaru 2026 trending,0,1,0.0000,2.00
drakor terbaru 2026 yang bagus,0,1,0.0000,3.00
drakor terbaru comedy,0,1,0.0000,1.00
drakor terbaru di netflix,0,1,0.0000,3.00
drakor terbaru di netflix 2026,0,5,0.0000,1.40
drakor terbaru di viu 2026,0,1,0.0000,1.00
drakor terbaru februari 2026,0,1,0.0000,8.00
drakor terbaru juli 2026,0,1,0.0000,6.00
drakor terbaru juni 2026,0,1,0.0000,7.00
drakor terbaru komedi,0,1,0.0000,1.00
drakor terbaru mei 2026,0,1,0.0000,1.00
drakor terbaru mei juni 2026,0,1,0.0000,1.00
drakor terbaru netflix 2026,0,3,0.0000,1.00
drakor terbaru thriller,0,1,0.0000,1.00
drakor terhits 2026,0,3,0.0000,1.00
drakor terlaris sepanjang masa,0,1,0.0000,3.00
drakor thriller terbaru,0,4,0.0000,1.00
drakor trending 2026,0,3,0.0000,1.00
drakor viu terbaru 2026,0,1,0.0000,1.00
drakor yang bagus,0,1,0.0000,3.00
drakor yang rilis 2026,0,1,0.0000,1.00
drakor yang seru 2026,0,3,0.0000,3.00
drakor yang tayang 2026,0,1,0.0000,3.00
drakor yang wajib ditonton 2026,0,1,0.0000,3.00
drakor2026,0,1,0.0000,9.00
drama 2026,0,1,0.0000,3.00
drama action korea terbaru,0,1,0.0000,1.00
drama china terbaru 2026,0,1,0.0000,4.00
drama chinois romance 2026,0,1,0.0000,4.00
drama coreano 2026,0,1,0.0000,3.00
drama coreen 2026,0,1,0.0000,2.00
drama coréen 2026,0,4,0.0000,2.25
drama komedi korea terbaru,0,2,0.0000,1.00
drama korea,0,1,0.0000,3.00
drama korea 2026,0,1,0.0000,5.00
drama korea 2026 list,0,10,0.0000,2.00
drama korea 2026 netflix,0,17,0.0000,1.06
drama korea 2026 rating tertinggi,0,1,0.0000,4.00
drama korea 2026 romance,0,1,0.0000,1.00
drama korea action romantis terbaru,0,1,0.0000,1.00
drama korea bulan april 2026,0,1,0.0000,8.00
drama korea fantasi 2026,0,1,0.0000,1.00
drama korea fantasi terbaru,0,1,0.0000,1.00
drama korea juli 2026,0,1,0.0000,1.00
drama korea kerajaan terbaru 2026,0,1,0.0000,4.00
drama korea komedi 2026,0,2,0.0000,1.00
drama korea komedi romantis 2026,0,1,0.0000,1.00
drama korea komedi romantis terbaru 2026,0,2,0.0000,1.00
drama korea komedi terbaru,0,7,0.0000,1.00
drama korea lucu terbaru,0,2,0.0000,1.00
drama korea mei 2026,0,2,0.0000,1.00
drama korea netflix 2026,0,4,0.0000,1.00
drama korea netflix terbaru 2026,0,13,0.0000,1.00
drama korea on going 2026,0,1,0.0000,5.00
drama korea paling populer 2026,0,2,0.0000,2.00
drama korea populer 2026,0,6,0.0000,1.50
drama korea rating tertinggi 2026,0,1,0.0000,5.00
drama korea seru 2026,0,1,0.0000,1.00
drama korea terbaik 2026,0,6,0.0000,3.67
drama korea terbaru,0,1,0.0000,8.00
drama korea terbaru 2026,0,336,0.0000,3.96
drama korea terbaru 2026 action,0,1,0.0000,5.00
drama korea terbaru 2026 netflix,0,8,0.0000,1.25
drama korea terbaru 2026 rating tertinggi,0,19,0.0000,4.84
drama korea terbaru 2026 rating tertinggi netflix,0,4,0.0000,10.50
drama korea terbaru 2026 rating tinggi,0,1,0.0000,6.00
drama korea terbaru 2026 romantis,0,7,0.0000,5.29
drama korea terbaru 2026 yang sedang tayang,0,6,0.0000,2.17
drama korea terbaru 2026 youtube,0,1,0.0000,11.00
drama korea terbaru juni 2026,0,2,0.0000,8.00
drama korea terbaru komedi,0,2,0.0000,1.00
drama korea terbaru mei 2026,0,4,0.0000,5.25
drama korea terpopuler 2026,0,1,0.0000,4.00
drama korea thriller terbaru,0,3,0.0000,1.00
drama korea upcoming 2026,0,1,0.0000,1.00
drama korea viu terbaru 2026,0,1,0.0000,1.00
drama netflix korea 2026,0,1,0.0000,1.00
drama romantis korea 2026,0,2,0.0000,1.00
drama smotret 2026,0,1,0.0000,11.00
drama terbaru 2026 korea,0,1,0.0000,1.00
drama+korea+terbaru+2026,0,1,0.0000,7.00
dramas 2026 coreanos,0,2,0.0000,4.00
dramas coreanos 2026,0,3,0.0000,3.00
dramas coreanos 2026 netflix,0,2,0.0000,3.00
drink in korea,0,1,0.0000,29.00
drinking culture in korea,0,2,0.0000,48.00
drinking etiquette in korea,0,1,0.0000,55.00
drinking in korea,0,1,0.0000,59.00
drinking in south korea,0,1,0.0000,65.00
drinking korea,0,3,0.0000,56.00
drinks in korea,0,2,0.0000,22.50
dubai chewy,0,1,0.0000,31.00
dulces coreanos tradicionales,0,1,0.0000,2.00
duli manjoo korean,0,6,0.0000,1.33
duli manju,0,10,0.0000,2.70
dumok neoguri,0,3,0.0000,18.00
dundun dongdaemun reviews,0,1,0.0000,2.00
during rainy season?,0,1,0.0000,6.00
dyson blowdryer,0,3,0.0000,6.00
e - arrival card india,0,1,0.0000,2.00
e arrival card for south korea,0,1,0.0000,48.00
e arrival card india,0,3,0.0000,3.33
e arrival card korea,0,2,0.0000,15.00
e arrival card korea 2026,0,1,0.0000,31.00
e arrival card vs k eta,0,24,0.0000,9.17
e in corea?,0,1,0.0000,10.00
e kta,0,1,0.0000,19.00
e questo?,0,1,0.0000,27.00
e sim,0,1,0.0000,3.00
e travel korea,0,1,0.0000,26.00
e-arrival card vs k-eta,0,3,0.0000,7.00
earrival korea,0,1,0.0000,1.00
eating alone in korea,0,1,0.0000,67.00
eating kbbq alone,0,2,0.0000,20.00
eating korean bbq,0,4,0.0000,31.75
eating korean bbq alone,0,1,0.0000,20.00
eden soba,0,1,0.0000,4.00
effects of eating raw garlic everyday,0,1,0.0000,2.00
egg drop vs isaac toast,0,1,0.0000,36.00
ehwa,0,1,0.0000,2.00
ehwa university,0,1,0.0000,4.00
elder sister in korean language,0,1,0.0000,3.00
ele pode entrar?,0,1,0.0000,3.00
elections south korea,0,1,0.0000,7.00
electronic market seoul,0,1,0.0000,28.00
electronic travel authorization (k-eta),0,1,0.0000,26.00
electronic travel authorization korea,0,2,0.0000,31.50
electronics in korea,0,2,0.0000,44.00
electronics market seoul,0,1,0.0000,29.00
electronics store seoul,0,1,0.0000,32.00
elite high school in korea,0,1,0.0000,11.00
emergency alert korea,0,1,0.0000,8.00
emergency broadcast,0,3,0.0000,23.67
employment in korea,0,1,0.0000,44.00
employment in south korea,0,3,0.0000,38.33
ems,0,1,0.0000,2.00
ems from korea,0,2,0.0000,19.00
ems in korea,0,1,0.0000,14.00
ems korea,0,12,0.0000,11.42
ems korea 2026,0,2,0.0000,5.50
ems korea post,0,1,0.0000,10.00
ems post korea,0,1,0.0000,8.00
ems seoul,0,1,0.0000,10.00
ems shipping korea,0,2,0.0000,9.00
ems shipping line,0,1,0.0000,8.00
ems south korea,0,1,0.0000,11.00
en corea,0,2,0.0000,4.00
endless yearning naver webtoon,0,1,0.0000,9.00
enggeh atau inggih,0,1,0.0000,40.00
english,0,2,0.0000,7.00
english friendly?,0,1,0.0000,1.00
english meaning,0,1,0.0000,1.00
english to chinese,0,1,0.0000,2.00
english to korean,0,1,0.0000,2.00
enka vs trot,0,1,0.0000,1.00
enmofficial.com,0,1,0.0000,73.00
entrambe le cose,0,1,0.0000,1.00
entrambi,0,1,0.0000,3.00
eobseo artinya,0,1,0.0000,46.00
epic korea,0,11,0.0000,36.82
epic korean,0,16,0.0000,10.88
epic seoul,0,1,0.0000,13.00
epicenter tourist,0,2,0.0000,28.00
epickorean,0,1,0.0000,9.00
erpb in korea,0,1,0.0000,1.00
erzähl mir mehr über das unternehmen,0,1,0.0000,1.00
es gibt es nicht,0,1,0.0000,4.00
es muy picante?,0,1,0.0000,1.00
esa es la unica forma?,0,1,0.0000,2.00
esim card for tourists in korea,0,2,0.0000,29.00
essence korean skincare routine,0,1,0.0000,50.00
essstäbchen kaufen,0,1,0.0000,2.00
estas 100% seguro,0,1,0.0000,2.00
estate,0,1,0.0000,2.00
estrenos doramas 2026,0,1,0.0000,4.00
estrenos dramas coreanos abril 2026,0,1,0.0000,3.00
estrenos series coreanas 2026,0,1,0.0000,5.00
et en corée ?,0,1,0.0000,2.00
et septembre ?,0,1,0.0000,3.00
eta arrival,0,10,0.0000,16.80
eta ki?,0,1,0.0000,2.00
euljiro at night,0,2,0.0000,9.50
euljiro night alley,0,2,0.0000,6.00
euljiro printing alley,0,8,0.0000,11.63
euljiro seoul nightlife,0,1,0.0000,9.00
evaluate the men's grooming and personal care company dollar shave club on razor blades,0,1,0.0000,1.00
event venues in seoul yongsan,0,2,0.0000,49.50
everyone jump in korean,0,1,0.0000,3.00
ewha girls high school,0,1,0.0000,8.00
ewha univ,0,1,0.0000,3.00
ewha university ranking,0,1,0.0000,3.00
ewha womans university,0,6,0.0000,2.83
ewha womans university courses,0,1,0.0000,3.00
ewha womans university ranking,0,2,0.0000,3.00
exactly what it is,0,1,0.0000,2.00
excuse me in korean,0,2,0.0000,2.50
exhuma,0,1,0.0000,8.00
exhuma actress,0,2,0.0000,24.00
exhuma actress name,0,1,0.0000,25.00
exhuma choi min sik,0,1,0.0000,14.00
exhuma choi min-sik,0,1,0.0000,13.00
expand on this?,0,1,0.0000,9.00
expiry?,0,1,0.0000,3.00
explain,0,1,0.0000,9.00
explain korean age,0,2,0.0000,8.00
exploring the philosophical values of kimchi and kimjang culture,0,5,0.0000,55.80
exposition park museum inurl:blog,0,2,0.0000,43.00
express bus terminal seoul shopping,0,1,0.0000,30.00
express bus terminal shopping,0,4,0.0000,24.00
express bus terminal station underground shopping mall,0,1,0.0000,27.00
express bus terminal underground shopping,0,2,0.0000,22.00
f energy drink,0,1,0.0000,6.00
face genius,0,1,0.0000,3.00
face genius cha eun woo,0,1,0.0000,8.00
face genius kpop,0,2,0.0000,19.00
face genius meaning,0,10,0.0000,9.00
face genius nickname cha eun-woo,0,2,0.0000,9.50
face genius of korea,0,25,0.0000,9.64
facts about wonyoung,0,1,0.0000,2.00
famous,0,1,0.0000,3.00
famous high school in korea,0,1,0.0000,6.00
famous high school in south korea,0,1,0.0000,6.00
famous kdrama 2026,0,1,0.0000,9.00
famous korean alcoholic drink,0,1,0.0000,29.00
famous korean breakfast,0,1,0.0000,48.00
famous korean comics,0,1,0.0000,49.00
famous korean convenience store,0,3,0.0000,11.00
famous korean diet,0,1,0.0000,10.00
famous korean mc,0,15,0.0000,5.53
famous korean proverbs,0,2,0.0000,47.50
famous korean universities,0,3,0.0000,11.67
famous korean university,0,2,0.0000,11.00
famous korean webtoon,0,2,0.0000,19.00
famous market in seoul,0,1,0.0000,3.00
famous university in korea,0,1,0.0000,2.00
fantasy kdrama 2026,0,11,0.0000,9.36
far east university korea,0,1,0.0000,3.00
fast culture meaning,0,1,0.0000,11.00
fast in korean,0,10,0.0000,2.40
faster in korean,0,11,0.0000,2.00
faster in korean informal,0,1,0.0000,2.00
faster in korean language,0,1,0.0000,2.00
faster in korean pali,0,8,0.0000,8.13
felix stray kids,0,1,0.0000,2.00
female version of ahjussi,0,13,0.0000,10.69
fermented food in korea,0,2,0.0000,72.50
ferry nami island,0,1,0.0000,36.00
feuerwerk,0,1,0.0000,8.00
feuerwerk?,0,1,0.0000,6.00
film baru korea 2026,0,1,0.0000,1.00
film coreen 2026,0,1,0.0000,4.00
film coréen netflix romantique 2026,0,2,0.0000,2.50
film drakor terbaru 2026,0,53,0.0000,3.00
film drakor terbaru 2026 rating tertinggi,0,3,0.0000,3.00
film drakor thriller terbaru,0,1,0.0000,1.00
film drama korea terbaru 2026,0,4,0.0000,4.50
film han,0,6,0.0000,14.67
film komedi korea 2026,0,2,0.0000,3.00
film komedi korea terbaru,0,4,0.0000,1.50
film korea 2026,0,1,0.0000,1.00
film korea hits 2026,0,2,0.0000,1.00
film korea kerajaan terbaru 2026,0,1,0.0000,6.00
film korea komedi 2026,0,1,0.0000,1.00
film korea komedi terbaru,0,29,0.0000,1.00
film korea lucu terbaru,0,4,0.0000,1.00
film korea netflix rating tertinggi 2026,0,2,0.0000,3.50
film korea netflix terbaru 2026,0,1,0.0000,4.00
film korea romance 2026,0,2,0.0000,1.00
film korea seru 2026,0,1,0.0000,3.00
film korea terbaru 2026 action,0,3,0.0000,4.33
film korea terbaru 2026 rating tertinggi,0,8,0.0000,3.88
film korea terbaru 2026 romantis,0,6,0.0000,6.00
film korea terbaru netflix 2026,0,1,0.0000,4.00
film korea terpopuler 2026,0,1,0.0000,3.00
film korea trending 2026,0,1,0.0000,3.00
film korea viral 2026,0,1,0.0000,3.00
film korean 2026,0,1,0.0000,5.00
film lucu korea terbaru,0,1,0.0000,1.00
film movie korea terbaru 2026,0,1,0.0000,1.00
film netflix drakor terbaru 2026,0,1,0.0000,1.00
film romantis korea 2026,0,1,0.0000,3.00
film semi korea 2026,0,1,0.0000,8.00
film terbaru korea 2026,0,6,0.0000,1.00
filmy koreańskie 2026,0,1,0.0000,1.00
find the look,0,1,0.0000,14.00
find the man in the picture,0,1,0.0000,2.00
firework festival seoul 2026,0,2,0.0000,8.50
fireworks festival korea,0,1,0.0000,1.00
fireworks festival seoul 2026,0,4,0.0000,8.50
fireworks seoul 2026,0,1,0.0000,8.00
first match,0,1,0.0000,1.00
fish cakes korean near me,0,1,0.0000,7.00
fish market seoul,0,1,0.0000,56.00
fish shaped korean ice cream,0,1,0.0000,9.00
fish toner,0,1,0.0000,2.00
flag south korea,0,1,0.0000,4.00
flash crash circuit breaker,0,12,0.0000,6.08
flea market seoul,0,2,0.0000,2.50
flex pc bang,0,1,0.0000,11.00
flight to south korea from us,0,1,0.0000,2.00
flights to seoul korea,0,1,0.0000,2.00
floor culture,0,23,0.0000,9.70
floor cushion,0,1,0.0000,14.00
food and fashion,0,1,0.0000,15.00
food and skincare,0,1,0.0000,7.00
food arrangement,0,1,0.0000,10.00
food hall,0,9,0.0000,12.33
food hall near me,0,3,0.0000,5.33
food halls,0,1,0.0000,4.00
food markets in seoul,0,1,0.0000,4.00
foodhall,0,1,0.0000,42.00
foodhall near me,0,1,0.0000,6.00
for birthday,0,1,0.0000,2.00
for economics major,0,1,0.0000,10.00
for english,0,1,0.0000,2.00
for older women,0,1,0.0000,1.00
for transfer,0,1,0.0000,9.00
forbes 2024,0,1,0.0000,27.00
forbes korea,0,2,0.0000,2.00
forbes korea 2022 power celebrity list top 5,0,1,0.0000,17.00
forbes korea 2022 power celebrity ranking bts blackpink son heung-min,0,1,0.0000,10.00
forbes korea 2022 power celebrity top 5 list,0,1,0.0000,18.00
forbes korea 2022 power celebrity top 5 ranking,0,2,0.0000,17.00
forbes korea 2026,0,1,0.0000,10.00
forbes korea 2026 power celebrity 40,0,1,0.0000,11.00
forbes korea 40,0,1,0.0000,20.00
forbes korea power celebrity,0,3,0.0000,9.33
forbes korea power celebrity 2023,0,8,0.0000,13.63
forbes korea power celebrity 2024,0,36,0.0000,8.33
forbes korea power celebrity 2025,0,2,0.0000,28.00
forbes korea power celebrity 2026 full list,0,1,0.0000,10.00
forbes korea power celebrity 40,0,4,0.0000,13.75
forbes korea power celebrity 40 2024,0,2,0.0000,10.00
forbes korea power celebrity 40 2026,0,32,0.0000,9.66
forbes korea power celebrity 40 2026 list,0,6,0.0000,10.17
forbes korea power celebrity 40 2026 ranking,0,1,0.0000,16.00
forbes korea power celebrity 40 list,0,1,0.0000,7.00
forbes power celebrity 40 2026,0,3,0.0000,9.00
forbes power celebrity 40 2026 vote,0,6,0.0000,8.50
forbes power celebrity 40 vote,0,1,0.0000,7.00
foto,0,3,0.0000,1.33
fotos,0,2,0.0000,14.00
fotos del equipo,0,1,0.0000,12.00
four points sheraton downtown inurl:reel,0,3,0.0000,36.33
france arrival card,0,1,0.0000,3.00
français coréen,0,1,0.0000,2.00
français coréen traduction,0,1,0.0000,2.00
free,0,1,0.0000,4.00
free manhwa,0,1,0.0000,6.00
free nap zone incheon airport,0,1,0.0000,20.00
frieze seoul 2027,0,1,0.0000,1.00
from seoul,0,1,0.0000,7.00
from south korea,0,1,0.0000,5.00
funniest,0,1,0.0000,4.00
funny korean drama 2026,0,1,0.0000,3.00
future korea party,0,4,0.0000,14.25
g,0,1,0.0000,8.00
gadget shopping,0,1,0.0000,25.00
gadgets,0,1,0.0000,5.00
gadgets to buy in korea,0,3,0.0000,6.33
gaejasig,0,2,0.0000,3.00
gaepo high school,0,1,0.0000,3.00
galaxy robot park,0,3,0.0000,7.00
game restaurant travel,0,1,0.0000,5.00
game store restaurant,0,1,0.0000,12.00
gametrics pc bang sample size korea,0,1,0.0000,11.00
gametrics pc bang share meaning,0,2,0.0000,12.00
gaming cafe in korea,0,4,0.0000,10.00
gaming cafe korea,0,2,0.0000,10.50
gamsahamnida meaning,0,1,0.0000,2.00
gangnam express bus terminal shopping,0,1,0.0000,30.00
gangnam malls,0,1,0.0000,25.00
gangnam medical tour,0,1,0.0000,23.00
gangnam medical tourism,0,1,0.0000,27.00
gangnam namdaemun,0,1,0.0000,17.00
gangnam shopping mall,0,1,0.0000,30.00
gangnam shopping underground,0,5,0.0000,22.00
gangnam station mall,0,2,0.0000,33.00
gangnam station shopping,0,2,0.0000,26.00
gangnam station underground,0,1,0.0000,43.00
gangnam station underground mall,0,1,0.0000,20.00
gangnam station underground shopping,0,7,0.0000,22.14
gangnam station underground shopping center,0,6,0.0000,22.33
gangnam station underground shopping mall,0,3,0.0000,18.67
gangnam station underground shopping mall 2023,0,3,0.0000,18.67
gangnam station underground shopping mall multiple lines,0,2,0.0000,10.00
gangnam station vs coex center of seoul energy,0,1,0.0000,11.00
gangnam surgical corridor,0,10,0.0000,8.80
gangnam terminal underground shopping center,0,3,0.0000,20.33
gangnam underground,0,1,0.0000,34.00
gangnam underground mall,0,3,0.0000,25.00
gangnam underground shopping,0,21,0.0000,27.24
gangnam underground shopping area seoul,0,79,0.0000,23.32
gangnam underground shopping center,0,6,0.0000,27.17
gangnam underground shopping mall,0,6,0.0000,27.33
gangnam underground shopping vs goto mall,0,5,0.0000,12.80
gaoli bangzi,0,2,0.0000,26.00
garae tteok vs ssal tteok vs mil tteok,0,3,0.0000,7.67
garbage in korean,0,1,0.0000,2.00
gargi in korean,0,1,0.0000,3.00
garlic and mugwort,0,1,0.0000,31.00
garlic benefits,0,1,0.0000,3.00
garlic bread,0,1,0.0000,4.00
garlic chinese medicine,0,1,0.0000,3.00
garlic consumption by country,0,7,0.0000,27.29
garlic consumption per capita,0,1,0.0000,1.00
garlic eater meaning,0,2,0.0000,34.50
garlic eaters meaning,0,2,0.0000,42.00
garlic for health benefits,0,1,0.0000,3.00
garlic in korea,0,40,0.0000,9.60
garlic in korean,0,18,0.0000,27.61
garlic in korean cuisine,0,3,0.0000,6.33
garlic korea,0,1,0.0000,33.00
garlic origin country,0,1,0.0000,2.00
garlic powder,0,2,0.0000,2.50
gas station breakfast,0,1,0.0000,10.00
gelatin in korean,0,2,0.0000,10.50
geleneksel kore tatlıları,0,1,0.0000,12.00
gen z k-drama,0,1,0.0000,1.00
geng pc bang,0,2,0.0000,31.50
genre aksi,0,1,0.0000,6.00
get schooled manhwa,0,1,0.0000,7.00
getting around incheon,0,13,0.0000,38.00
ggondae culture,0,1,0.0000,7.00
ggondae in korean meaning,0,1,0.0000,15.00
ggondae meaning,0,43,0.0000,8.88
ghost chilli,0,1,0.0000,6.00
ghost pepper,0,1,0.0000,5.00
gibt’s noch was?,0,1,0.0000,3.00
gift giving in korean culture,0,1,0.0000,12.00
gift giving in south korea,0,6,0.0000,38.83
gift in korea,0,1,0.0000,40.00
gifts in korean,0,1,0.0000,20.00
gijesa,0,5,0.0000,38.20
gim last name,0,3,0.0000,10.00
gimbap cheonguk,0,1,0.0000,10.00
gimbap or kimbap triangle,0,1,0.0000,54.00
gimhae,0,1,0.0000,3.00
gimhae clan,0,1,0.0000,1.00
gimhae clan korea,0,1,0.0000,4.00
gimhae kim clan,0,6,0.0000,2.50
gimhae kim clan history,0,1,0.0000,9.00
gimhae kim clan idols,0,1,0.0000,3.00
gimnyeong kim clan,0,2,0.0000,11.00
gimpo korean food,0,1,0.0000,32.00
girl,0,1,0.0000,1.00
gisanim,0,6,0.0000,7.83
give,0,1,0.0000,5.00
give me amazon link,0,1,0.0000,7.00
give me more shows,0,1,0.0000,12.00
give me pictures of these things,0,1,0.0000,4.00
give me the images also.,0,1,0.0000,33.00
gks scholarship,0,1,0.0000,3.00
glass skin sunscreen,0,1,0.0000,2.00
global cyber university,0,8,0.0000,2.88
"global cyber university,",0,1,0.0000,3.00
global tax free korea kiosk,0,2,0.0000,29.50
globally,0,1,0.0000,9.00
go on,0,2,0.0000,6.50
go youn-jung before plastic surgery,0,1,0.0000,2.00
gobizkorea,0,1,0.0000,26.00
goblin,0,1,0.0000,8.00
goblin beach,0,1,0.0000,1.00
goblin beach scene,0,2,0.0000,10.50
goblin beach scene location,0,2,0.0000,12.00
goblin filming location,0,1,0.0000,1.00
goblin kim go eun smile,0,1,0.0000,10.00
goblin location,0,2,0.0000,9.00
goblin parking,0,1,0.0000,33.00
goblin scene,0,1,0.0000,2.00
goblin scene at sea,0,1,0.0000,9.00
goblin sea,0,1,0.0000,49.00
goblin sea location,0,5,0.0000,5.80
goblin sea scene,0,1,0.0000,10.00
goblin trip,0,1,0.0000,42.00
gocheok sky dome concert,0,1,0.0000,6.00
gochujang and doenjang,0,1,0.0000,29.00
gochujang and ssamjang difference,0,1,0.0000,48.00
gochujang doenjang,0,1,0.0000,9.00
gochujang or ssamjang,0,1,0.0000,68.00
gochujang sauce vs paste,0,2,0.0000,63.00
gochujang sauce vs ssamjang,0,1,0.0000,43.00
gochujang scoville,0,3,0.0000,9.00
gochujang scoville scale,0,5,0.0000,14.80
gochujang scoville units,0,7,0.0000,9.71
gochujang spice level,0,1,0.0000,40.00
gochujang spicy level,0,2,0.0000,26.00
gochujang vs gochujang sauce,0,1,0.0000,59.00
gochujang vs ssamjang,0,3,0.0000,56.00
goddess of fortune manhwa,0,1,0.0000,11.00
gogae meaning,0,1,0.0000,34.00
going to korea,0,1,0.0000,3.00
going to korean bbq alone,0,1,0.0000,28.00
gold land serie coreana 2026,0,1,0.0000,4.00
gold spam set,0,1,0.0000,11.00
golden corn subway,0,1,0.0000,36.00
gomtange menu,0,1,0.0000,3.00
good for you?,0,1,0.0000,1.00
good gifts from korea,0,1,0.0000,10.00
good jobs in korea,0,3,0.0000,34.67
good k dramas to watch 2026,0,2,0.0000,9.50
good kdrama 2026,0,1,0.0000,4.00
good korean drama 2026,0,2,0.0000,23.00
good korean dramas 2026,0,1,0.0000,45.00
good morning in korean,0,1,0.0000,4.00
good morning in korean formal,0,1,0.0000,3.00
good morning sir in korean,0,1,0.0000,2.00
goods moment korea,0,1,0.0000,10.00
google map for korea,0,1,0.0000,32.00
google maps 2026,0,1,0.0000,6.00
google maps for korea,0,1,0.0000,33.00
google maps for south korea,0,3,0.0000,40.00
google maps korea,0,1,0.0000,3.00
google maps lag,0,1,0.0000,10.00
gooun,0,4,0.0000,7.50
gopchang seaweed,0,1,0.0000,5.00
gorae bap,0,1,0.0000,7.00
goraebap meaning,0,8,0.0000,6.75
goraebap snacks,0,8,0.0000,4.25
goto mall vs gangnam underground,0,4,0.0000,10.50
gps in korea,0,1,0.0000,68.00
grain syrup yakgwa,0,1,0.0000,14.00
grand mother in korean,0,1,0.0000,2.00
grandfather in korea,0,1,0.0000,2.00
grandfather in korean language,0,1,0.0000,2.00
grandma and grandpa in korean,0,3,0.0000,3.00
grandma in korea,0,1,0.0000,2.00
grandma in korean,0,1,0.0000,3.00
grandma in korean informal,0,1,0.0000,2.00
grandma in korean language,0,2,0.0000,2.00
grandmother in korea,0,2,0.0000,2.00
grandmother in korean,0,7,0.0000,2.14
grandpa in korean,0,65,0.0000,2.14
granny in korean,0,5,0.0000,2.00
green laver vs original seaweed,0,2,0.0000,64.00
gs25,0,1,0.0000,5.00
gundae korean,0,11,0.0000,10.73
gunwi high school,0,1,0.0000,3.00
gwacheon,0,1,0.0000,3.00
gwacheon jungang high school,0,1,0.0000,2.00
gwangalli beach fireworks 2026,0,1,0.0000,15.00
gwangalli beach fireworks time,0,1,0.0000,1.00
gwangalli beach vs haeundae beach,0,1,0.0000,11.00
gwangan bridge fireworks,0,3,0.0000,3.67
gwangjang market vs dongdaemun market,0,1,0.0000,27.00
gwangjang market vs namdaemun market,0,1,0.0000,13.00
gwangsan kim,0,3,0.0000,9.00
gwangsan kim clan,0,1,0.0000,3.00
gwangsan kim clan meaning,0,1,0.0000,9.00
gwangsan kim clan prime minister south korea,0,1,0.0000,2.00
gwangsan kim clan south korean prime minister,0,1,0.0000,2.00
gyeongbokgung palace dress up,0,1,0.0000,2.00
gyeongbuk arts high school,0,1,0.0000,3.00
gyeongjong of joseon,0,1,0.0000,3.00
gyeongju choi clan,0,3,0.0000,2.67
gyeongju kim clan,0,4,0.0000,12.25
gyeongju kim clan history,0,2,0.0000,9.00
gyeongju museum without walls nickname,0,1,0.0000,2.00
gyeongju museum without walls official tourism,0,1,0.0000,8.00
gyodong yakgwa,0,1,0.0000,25.00
görsel var mı,0,1,0.0000,1.00
güney kore,0,1,0.0000,8.00
ha,0,5,0.0000,5.20
ha gil-jong,0,1,0.0000,41.00
haa,0,1,0.0000,2.00
habrá mucha gente,0,1,0.0000,1.00
hackworth certificate of loss receipts korea about face,0,1,0.0000,10.00
haebangchon,0,10,0.0000,29.80
haebangchon in korean,0,3,0.0000,5.33
haebangchon seoul,0,23,0.0000,12.13
haebangchon seoul map,0,4,0.0000,6.25
haebangchon village,0,27,0.0000,10.74
"haebangchon, seoul",0,2,0.0000,13.00
haenyeo,0,32,0.0000,54.94
haenyeo jeju,0,6,0.0000,47.83
haenyeo meaning,0,19,0.0000,51.00
haenyeo of jeju island,0,2,0.0000,27.50
haenyeo unesco heritage,0,1,0.0000,38.00
haenyeo women,0,1,0.0000,48.00
haeundae beach,0,1,0.0000,5.00
haewon cho clan,0,5,0.0000,3.00
hair dryer korean brand,0,2,0.0000,8.50
hajima korean meaning,0,1,0.0000,3.00
halal atau tidak,0,1,0.0000,4.00
half,0,1,0.0000,11.00
hallyu meaning,0,1,0.0000,2.00
halmaenial,0,17,0.0000,12.29
halmeoni vs ajumma,0,7,0.0000,9.29
hamheung,0,21,0.0000,10.76
hamheung cold noodles,0,1,0.0000,24.00
hamheung naengmyeon,0,18,0.0000,14.94
hamheung naengmyeon seoul,0,1,0.0000,17.00
hamheung noodles,0,2,0.0000,7.00
hamheung style cold noodle,0,2,0.0000,11.50
hamheung vs pyongyang naengmyeon,0,101,0.0000,8.99
hamhung cold noodles,0,9,0.0000,13.00
hamhung naengmyeon,0,24,0.0000,13.38
hampyeong mo clan,0,1,0.0000,2.00
han (film),0,1,0.0000,14.00
han movie,0,1,0.0000,34.00
han river,0,1,0.0000,3.00
han river fireworks 2026,0,5,0.0000,9.40
han river run,0,2,0.0000,6.50
han river running,0,6,0.0000,6.33
han river running route,0,10,0.0000,11.20
han river swimming,0,1,0.0000,12.00
han sohee,0,1,0.0000,2.00
han?,0,1,0.0000,5.00
hana academy seoul,0,1,0.0000,2.00
hanbok rental gyeongbokgung palace,0,1,0.0000,1.00
haneyo,0,1,0.0000,63.00
hangang swimming pool 2026,0,5,0.0000,9.20
hangout with yoo,0,1,0.0000,5.00
hangover drink,0,1,0.0000,1.00
hangover drink in korea,0,1,0.0000,11.00
hangover drink korea,0,2,0.0000,26.00
hangover drinks korea,0,1,0.0000,12.00
hangover soup korea,0,1,0.0000,3.00
hangul,0,1,0.0000,3.00
hangul day 2026,0,2,0.0000,10.50
hangwa,0,7,0.0000,6.57
hangwa korean dessert,0,2,0.0000,12.00
hangwa recipe,0,4,0.0000,10.25
hanhoakeonekteu joo seoul,0,1,0.0000,1.00
hankuk medical school,0,1,0.0000,3.00
hankuk university,0,6,0.0000,2.83
hankuk university foreign studies,0,1,0.0000,2.00
hankuk university of foreign studies,0,3,0.0000,2.00
hanlim arts high school,0,1,0.0000,3.00
hanok village,0,3,0.0000,55.67
hansae university,0,2,0.0000,3.00
hansol high school,0,1,0.0000,2.00
hanta naengmyeon,0,1,0.0000,1.00
hanwha seoul,0,1,0.0000,59.00
hanyang cyber university,0,3,0.0000,3.00
hanyang erica,0,1,0.0000,4.00
hanyang university,0,4,0.0000,2.75
hanyang university acceptance rate,0,1,0.0000,2.00
hanyang university global ranking,0,1,0.0000,2.00
hanyang university ranking,0,1,0.0000,3.00
hanyang university world ranking,0,1,0.0000,3.00
hapgeunrye,0,1,0.0000,56.00
happy korea,0,1,0.0000,52.00
happy to korea,0,5,0.0000,44.80
harabeoji,0,1,0.0000,2.00
hard korean exam date,0,1,0.0000,3.00
harvard of south korea,0,1,0.0000,1.00
has he been convicted?,0,1,0.0000,2.00
hast du auch fotos,0,1,0.0000,2.00
have all bts members completed military service as of 2026,0,3,0.0000,10.67
have all bts members completed military service by 2026,0,3,0.0000,9.67
hay mosquitos,0,1,0.0000,11.00
hay que pagar,0,1,0.0000,11.00
hayır değil,0,1,0.0000,1.00
hbo max korean drama 2026 list,0,1,0.0000,20.00
he asked me,0,1,0.0000,2.00
head spa in korea,0,1,0.0000,24.00
head spa seoul 헤드스파서울 | korean private beauty & wellness head spa,0,1,0.0000,8.00
healthy korean food for weight loss,0,1,0.0000,6.00
heart signal concept,0,1,0.0000,1.00
heart signal vs singles inferno,0,6,0.0000,2.67
heart signal vs transit love,0,4,0.0000,6.00
hellcat beatbox age,0,3,0.0000,11.00
heo nam-jun,0,1,0.0000,2.00
heo name,0,1,0.0000,2.00
her idol,0,1,0.0000,4.00
her image,0,1,0.0000,3.00
hickok waekon llc,0,1,0.0000,58.00
high paying jobs in south korea,0,1,0.0000,66.00
high schools in korea,0,1,0.0000,11.00
high schools in seoul korea,0,1,0.0000,2.00
high-tech public toilets,0,2,0.0000,16.00
highball vs beer,0,1,0.0000,4.00
highest,0,1,0.0000,3.00
highest one,0,1,0.0000,1.00
highest paid job in korea,0,4,0.0000,28.25
highest paid jobs in korea,0,4,0.0000,37.75
highest paying job in korea,0,3,0.0000,42.67
highest paying job in south korea,0,1,0.0000,2.00
highest paying jobs in korea,0,1,0.0000,30.00
highest paying jobs in south korea,0,7,0.0000,44.43
highest rated,0,1,0.0000,13.00
highest rated k drama 2026,0,1,0.0000,1.00
highest rated kdrama 2026,0,1,0.0000,2.00
highest rated korean drama 2026,0,1,0.0000,3.00
hike in seoul,0,1,0.0000,49.00
hikes in seoul,0,1,0.0000,48.00
hiking culture,0,1,0.0000,49.00
hiking in korean,0,3,0.0000,2.00
hiking in korean language,0,2,0.0000,2.50
hiking in seoul,0,6,0.0000,58.33
hiking in seoul korea,0,1,0.0000,60.00
hiking in seoul south korea,0,2,0.0000,48.50
hiking korean,0,1,0.0000,43.00
hiking seoul,0,1,0.0000,51.00
hiking trails in seoul,0,1,0.0000,50.00
hindi,0,2,0.0000,15.50
hip hop in korea,0,1,0.0000,29.00
hip hop in south korea,0,10,0.0000,39.70
his reputation?,0,1,0.0000,3.00
historical kdrama 2026 list,0,1,0.0000,8.00
history,0,1,0.0000,4.00
history of banchan,0,2,0.0000,12.00
history of webtoons,0,2,0.0000,18.50
hit kdrama 2026,0,2,0.0000,10.50
hn,0,2,0.0000,9.00
ho dong,0,1,0.0000,5.00
hobungppang ajeossi,0,5,0.0000,9.60
hocance,0,7,0.0000,53.86
hocance meaning,0,2,0.0000,32.00
hoeshik,0,1,0.0000,1.00
hoesik,0,77,0.0000,8.81
hoesik culture,0,5,0.0000,12.20
hoesik in korean,0,8,0.0000,8.25
hoesik korea,0,6,0.0000,9.17
hoesik meaning,0,26,0.0000,9.77
hoesik meaning korean,0,11,0.0000,11.91
hoesik menu,0,1,0.0000,7.00
hokshi meaning in korean,0,1,0.0000,2.00
holy trinity of south korea,0,5,0.0000,12.60
hon bap,0,1,0.0000,8.00
hon bun meaning,0,1,0.0000,1.00
honbab meaning,0,2,0.0000,11.50
honbap,0,23,0.0000,11.35
honbap meaning,0,12,0.0000,7.25
honbap restaurants,0,4,0.0000,25.75
hondashi vs dashida,0,5,0.0000,7.80
honey biscuits korean,0,1,0.0000,2.00
honey pot pads cooling,0,1,0.0000,3.00
hong ik university,0,1,0.0000,4.00
hong myung-bo,0,1,0.0000,8.00
hong myung-bo appointment controversy kfa 2024,0,1,0.0000,10.00
hongcheon university,0,1,0.0000,3.00
hongdae board game cafe,0,1,0.0000,8.00
hongdae meaning,0,5,0.0000,79.80
hongdae pc bang,0,2,0.0000,23.50
hongdae station hongik university station underground shopping mall,0,1,0.0000,12.00
hongdae station hongik university underground shopping mall,0,1,0.0000,10.00
hongdae station multiple lines underground shopping mall,0,29,0.0000,8.97
hongdae station multiple subway lines underground shopping mall,0,22,0.0000,8.00
hongdae station multiple subway lines underground shopping mall 2023,0,3,0.0000,8.67
hongdae station seoul multiple lines underground shopping mall,0,10,0.0000,10.20
hongdae station seoul multiple subway lines underground shopping mall,0,39,0.0000,6.72
hongdae station seoul subway lines underground shopping mall,0,19,0.0000,8.89
hongdae station seoul subway lines underground shopping mall 2023,0,3,0.0000,9.67
hongdae station seoul underground shopping mall multiple lines,0,1,0.0000,11.00
hongdae station subway lines 2023 underground shopping mall,0,4,0.0000,15.75
hongdae station subway lines underground shopping mall,0,5,0.0000,7.40
hongdae station subway lines underground shopping mall 2023,0,6,0.0000,9.33
hongdae station subway multiple lines underground shopping mall,0,2,0.0000,9.50
hongdae station underground shopping 2023,0,1,0.0000,11.00
hongdae station underground shopping center,0,4,0.0000,14.50
hongdae station underground shopping center 2023,0,1,0.0000,20.00
hongdae station underground shopping center mall,0,2,0.0000,15.00
hongdae station underground shopping mall,0,26,0.0000,14.15
hongdae station underground shopping mall 2023,0,48,0.0000,15.75
hongdae station underground shopping mall 2023 multiple lines,0,10,0.0000,10.10
hongdae station underground shopping mall 2023 seoul,0,2,0.0000,15.00
hongdae station underground shopping mall connected,0,1,0.0000,1.00
hongdae station underground shopping mall june 2023,0,24,0.0000,15.79
hongdae station underground shopping mall lines,0,3,0.0000,5.33
hongdae station underground shopping mall multiple lines,0,46,0.0000,9.87
hongdae station underground shopping mall multiple lines 2023,0,11,0.0000,9.55
hongdae station underground shopping mall multiple lines june 2023,0,2,0.0000,9.00
hongdae station underground shopping mall multiple subway lines,0,23,0.0000,6.87
hongdae station underground shopping mall multiple subway lines 2023,0,10,0.0000,8.10
hongdae station underground shopping mall multiple subway lines june 2023,0,1,0.0000,10.00
hongdae station underground shopping mall name,0,1,0.0000,22.00
hongdae station underground shopping mall seoul,0,6,0.0000,14.33
hongdae station underground shopping mall seoul 2023,0,3,0.0000,11.00
hongdae station underground shopping mall seoul subway,0,4,0.0000,7.50
hongdae station underground shopping mall subway,0,2,0.0000,5.50
hongdae station underground shopping mall subway lines,0,6,0.0000,7.33
hongdae station underground shopping mall subway lines 2023,0,16,0.0000,1.38
hongdae subway station underground shopping mall,0,1,0.0000,11.00
hongdae underground mall,0,2,0.0000,25.00
hongdae underground shopping,0,3,0.0000,8.67
hongdae underground shopping mall,0,1,0.0000,1.00
hongdae underground shopping mall subway station,0,3,0.0000,1.00
hongdae vintage,0,1,0.0000,9.00
hongik univ,0,1,0.0000,2.00
hongik university,0,3,0.0000,3.33
hongik university acceptance rate,0,1,0.0000,3.00
hongik university seoul campus photos,0,2,0.0000,2.00
"hongik university station ""underground shopping mall""",0,10,0.0000,6.70
hongik university station seoul underground shopping mall,0,3,0.0000,11.00
hongik university station shopping mall underground,0,6,0.0000,10.33
hongik university station underground mall,0,24,0.0000,9.92
hongik university station underground mall shopping,0,25,0.0000,10.36
hongik university station underground passage shopping,0,2,0.0000,11.00
hongik university station underground shopping,0,3,0.0000,12.00
hongik university station underground shopping 2023,0,1,0.0000,1.00
hongik university station underground shopping arcade,0,3,0.0000,10.67
hongik university station underground shopping center mall,0,10,0.0000,9.10
hongik university station underground shopping mall,0,155,0.0000,10.15
hongik university station underground shopping mall -site:instagram.com,0,6,0.0000,9.33
hongik university station underground shopping mall 2023,0,2,0.0000,1.00
hongik university station underground shopping mall connected,0,4,0.0000,9.50
hongik university station underground shopping mall seoul,0,13,0.0000,8.38
honja meaning,0,51,0.0000,9.45
honja meaning korean,0,4,0.0000,8.00
honor serie coreana 2026,0,1,0.0000,2.00
honsul,0,63,0.0000,6.86
hoobae meaning,0,1,0.0000,55.00
hosan university,0,1,0.0000,2.00
hoscos meaning,0,1,0.0000,48.00
hot drama,0,1,0.0000,1.00
hotel near korean street food market,0,2,0.0000,59.50
hottracks gwanghwamun,0,15,0.0000,11.13
hottracks seoul,0,29,0.0000,10.10
house of hur tropical dew sunscreen,0,1,0.0000,6.00
how,0,1,0.0000,6.00
how about baseball?,0,1,0.0000,20.00
how about blue and yellow,0,1,0.0000,4.00
how about in korea,0,2,0.0000,9.50
how about in korean,0,1,0.0000,1.00
how about kim,0,1,0.0000,4.00
how about korea,0,2,0.0000,4.00
how about seoul,0,1,0.0000,5.00
how about south korea,0,1,0.0000,2.00
how are you in korean,0,1,0.0000,2.00
how bad are the mosquitos,0,1,0.0000,2.00
how common is kim in korea,0,3,0.0000,12.67
how common is the name kim in korea,0,1,0.0000,15.00
how common is the surname kim in korea,0,1,0.0000,12.00
how did clapping start,0,1,0.0000,2.00
how did they form,0,1,0.0000,11.00
how did they get famous,0,1,0.0000,3.00
how did wonyoung become a kpop idol,0,11,0.0000,8.00
how did wonyoung become so popular,0,5,0.0000,7.60
how did wonyoung get famous,0,30,0.0000,5.17
how do ages work in korea,0,1,0.0000,35.00
how do i drink this?,0,1,0.0000,2.00
how do korean age work,0,3,0.0000,45.00
how do korean ages work,0,4,0.0000,35.75
how do koreans laugh,0,2,0.0000,23.50
how do koreans say i love you,0,1,0.0000,3.00
how do koreans sit on the floor,0,4,0.0000,9.75
how do pc cafes work,0,3,0.0000,9.00
how do you get into it?,0,1,0.0000,2.00
how do you say aunt in korean,0,1,0.0000,2.00
how do you say brother in korean,0,1,0.0000,2.00
how do you say grandma in korean,0,1,0.0000,2.00
how do you say hurry in korean,0,1,0.0000,2.00
how do you say hurry up in korean,0,2,0.0000,2.00
how do you say old man in korean,0,2,0.0000,2.00
how do you say sir in korean,0,4,0.0000,2.50
how do you say uncle in korean,0,7,0.0000,2.00
how does age in korea work,0,1,0.0000,33.00
how does age work in korea,0,8,0.0000,37.00
how does age work in south korea,0,1,0.0000,36.00
how does cosrx get snail mucin,0,1,0.0000,5.00
how does korean age system work,0,1,0.0000,25.00
how does korean age work,0,14,0.0000,37.00
how does milkis taste like,0,4,0.0000,9.25
how does the age system work in korea,0,1,0.0000,21.00
how does the company make money,0,1,0.0000,5.00
how does the korean age system work,0,2,0.0000,46.50
how does the korean language work,0,1,0.0000,2.00
how does webtoon work,0,1,0.0000,3.00
how famous is wonyoung,0,13,0.0000,7.46
how far in advance,0,1,0.0000,1.00
how good was he,0,1,0.0000,10.00
how hot is gochujang,0,1,0.0000,1.00
how hot is it,0,1,0.0000,2.00
how is busan different from seoul,0,1,0.0000,2.00
how is jungkook,0,1,0.0000,3.00
how is korean age different,0,1,0.0000,24.00
how is korean age different from international age,0,2,0.0000,11.50
how is manhwa read,0,1,0.0000,11.00
how is south korea in october,0,1,0.0000,3.00
how is wonyoung so perfect,0,8,0.0000,6.75
how is wonyoung so pretty,0,11,0.0000,5.27
how is wonyoung so rich,0,2,0.0000,27.50
how it compares,0,1,0.0000,23.00
how late are they open?,0,1,0.0000,6.00
how long are korean baseball games,0,1,0.0000,36.00
how long did the korean war last,0,1,0.0000,2.00
how long does banchan last in fridge,0,1,0.0000,22.00
how long does banchan last in the fridge,0,1,0.0000,26.00
how long has wonyoung been an idol,0,4,0.0000,9.75
how long is a kbo baseball game,0,1,0.0000,24.00
how long is chuseok 2026,0,2,0.0000,9.50
how many airlines does korea have,0,1,0.0000,1.00
how many airports does korea have,0,4,0.0000,7.50
how many airports in korea,0,3,0.0000,9.33
how many are they?,0,1,0.0000,3.00
how many banchan per meal,0,1,0.0000,3.00
how many branches are there,0,1,0.0000,1.00
how many calories is this,0,1,0.0000,3.00
how many clans are there,0,1,0.0000,3.00
how many international airport in korea,0,2,0.0000,10.50
how many international airports in korea,0,2,0.0000,6.50
how many international airports in south korea,0,6,0.0000,5.33
how many kim,0,2,0.0000,7.50
how many kim clans are there,0,10,0.0000,11.00
how many kim clans are there in korea,0,23,0.0000,10.22
how many kim in korea,0,7,0.0000,9.86
how many kims are in korea,0,10,0.0000,10.00
how many kims are there in the world,0,2,0.0000,28.00
how many kims in korea,0,45,0.0000,10.02
how many koreans are named kim,0,3,0.0000,12.00
how many koreans have the last name kim,0,1,0.0000,16.00
how many packs of olive young skincare should i buy,0,1,0.0000,39.00
how many parties in south korea,0,6,0.0000,9.67
how many people,0,1,0.0000,7.00
how many people have the last name kim,0,1,0.0000,17.00
how many people in korea have the last name kim,0,1,0.0000,16.00
how many political parties are there in south korea,0,3,0.0000,7.33
how many political parties in south korea,0,14,0.0000,9.07
how many scoville is shin ramen,0,1,0.0000,68.00
how many scoville units,0,1,0.0000,12.00
how many scoville units is the buldak spicy ramen,0,1,0.0000,3.00
how many types of food,0,1,0.0000,6.00
how many universities in south korea,0,2,0.0000,3.00
how many university in south korea,0,1,0.0000,3.00
how many webtoons are there,0,1,0.0000,31.00
how many were made,0,1,0.0000,1.00
how much,0,3,0.0000,2.33
how much are tickets,0,1,0.0000,4.00
how much caffeine in bacchus d,0,2,0.0000,3.00
how much do they cost,0,1,0.0000,4.00
how much do they cost per hour,0,1,0.0000,7.00
how much do they earn?,0,1,0.0000,3.00
how much do they usually cost?,0,1,0.0000,4.00
how much does it cost to ship to us,0,1,0.0000,3.00
how much fructose,0,1,0.0000,3.00
how much garlic do koreans eat,0,1,0.0000,10.00
how much garlic should i eat daily,0,1,0.0000,2.00
how much in korean,0,1,0.0000,2.00
how much is a bag of chips in south korea,0,1,0.0000,1.00
how much is a bottle of soju in korea,0,1,0.0000,2.00
how much is convenience store food in korea,0,2,0.0000,42.50
how much is king crab in korea,0,1,0.0000,1.00
how much is shipping from korea to us,0,3,0.0000,1.00
how much is soju in korea,0,4,0.0000,1.00
how much is tax refund in korea olive young,0,1,0.0000,12.00
how much is the price,0,1,0.0000,6.00
how much it costs,0,1,0.0000,15.00
how much money to bring to korea,0,2,0.0000,40.00
how much would shipping be?,0,1,0.0000,5.00
how much would tickets cost,0,1,0.0000,4.00
how often should you get a korean body scrub,0,1,0.0000,66.00
how often to do korean body scrub,0,1,0.0000,68.00
how often to get korean body scrub,0,2,0.0000,72.50
how old are you in korea,0,3,0.0000,59.00
how old are you in korean,0,5,0.0000,55.60
how old is a legal adult in korea,0,1,0.0000,26.00
how old is an adult in korea,0,3,0.0000,28.00
how old is jang wonyoung,0,1,0.0000,3.00
how old is south korea,0,4,0.0000,29.00
how old is wonyoung,0,1,0.0000,3.00
how old is yella e,0,1,0.0000,4.00
how popular is wonyoung,0,21,0.0000,10.57
how popular is wonyoung in korea,0,11,0.0000,10.27
how rich is wonyoung,0,1,0.0000,3.00
how spicy,0,1,0.0000,2.00
how spicy is it,0,3,0.0000,2.00
how spicy is kimchi scoville units,0,4,0.0000,8.00
how spicy is korean food,0,2,0.0000,28.50
how spicy is tteokbokki,0,1,0.0000,24.00
how spicy?,0,1,0.0000,14.00
how tall is lotte world tower,0,1,0.0000,2.00
how tall is wonyoung,0,2,0.0000,3.00
how to address an older male in korean,0,1,0.0000,1.00
how to address older man in korean,0,4,0.0000,1.00
how to ask for more banchan in korean,0,3,0.0000,31.33
how to avoid rental scams in korea,0,8,0.0000,49.13
how to buy from korea,0,2,0.0000,32.00
how to buy korean cosmetics wholesale,0,1,0.0000,82.00
how to buy vip tickets,0,1,0.0000,2.00
how to call uncle in korean,0,4,0.0000,2.00
how to cook?,0,1,0.0000,2.00
how to drink pororo drink,0,1,0.0000,11.00
how to eat at a korean bbq restaurant,0,1,0.0000,45.00
how to eat at korean bbq,0,5,0.0000,61.00
how to eat banchan,0,1,0.0000,23.00
how to eat bbq,0,3,0.0000,41.67
how to eat bingsu properly,0,2,0.0000,11.00
how to eat kbbq,0,2,0.0000,37.50
how to eat korean barbecue,0,2,0.0000,66.00
how to eat korean bbq,0,27,0.0000,47.67
how to eat korean bbq with lettuce,0,1,0.0000,1.00
how to eat korean food,0,3,0.0000,53.67
how to eat samgyupsal,0,1,0.0000,46.00
how to eat ssamjang,0,1,0.0000,11.00
how to get into snu as an international student,0,1,0.0000,3.00
how to get kbo tickets,0,2,0.0000,37.50
how to get out of incheon airport,0,2,0.0000,18.00
how to get to namsan cable car,0,1,0.0000,40.00
how to go busan from seoul,0,2,0.0000,90.00
how to korean for outdoor enthusiasts,0,5,0.0000,1.00
how to leave incheon airport,0,1,0.0000,19.00
how to leave incheon airport during layover,0,2,0.0000,14.50
how to open,0,2,0.0000,2.00
how to open a pororo drink,0,2,0.0000,10.00
how to open pororo,0,1,0.0000,7.00
how to open pororo drink,0,39,0.0000,6.36
how to open triangle kimbap,0,2,0.0000,36.50
how to order at korean bbq,0,2,0.0000,50.00
how to order korean bbq,0,3,0.0000,65.00
how to pay for stuff in korea,0,1,0.0000,22.00
how to pay in south korea as a tourist,0,1,0.0000,21.00
how to pronounce ahjussi,0,4,0.0000,5.00
how to read korean manhwa,0,1,0.0000,10.00
how to read korean webtoon,0,2,0.0000,16.50
how to read korean webtoons,0,3,0.0000,6.00
how to read manhwa on webtoon,0,3,0.0000,9.00
how to read webtoon,0,3,0.0000,12.67
how to read webtoons,0,1,0.0000,17.00
how to read webtoons in korean,0,2,0.0000,14.50
how to say but in korean,0,1,0.0000,3.00
how to say grandma in korean,0,1,0.0000,2.00
how to say hurry in korean,0,2,0.0000,2.00
how to say hurry up in korean,0,8,0.0000,2.00
how to say i don't know in korean,0,1,0.0000,2.00
how to say mister in korean,0,3,0.0000,3.00
how to say mr in korean,0,2,0.0000,1.50
how to say old man in korean,0,11,0.0000,2.82
how to say sir in korean,0,24,0.0000,2.17
how to say uncle in korean,0,14,0.0000,2.29
how to sell korean cosmetics,0,1,0.0000,100.00
how to travel from seoul to busan,0,1,0.0000,68.00
how to understand manhwa story,0,3,0.0000,10.00
how to use,0,1,0.0000,2.00
how to use bidet in korea,0,1,0.0000,11.00
how to use chopsticks korean,0,1,0.0000,57.00
how to use maxim coffee sticks,0,2,0.0000,9.00
how to use metal chopsticks,0,2,0.0000,51.00
how to use ssamjang paste,0,1,0.0000,30.00
how to visit dmz from seoul,0,1,0.0000,63.00
how to wrap triangle kimbap,0,1,0.0000,26.00
how to write ahjussi in korean,0,6,0.0000,6.17
how to write gargi in korean,0,2,0.0000,1.00
how?,0,1,0.0000,1.00
huckle beatbox age,0,1,0.0000,11.00
hulu korean dramas 2026,0,3,0.0000,10.33
hunja in english,0,3,0.0000,1.00
hunja meaning in english,0,1,0.0000,1.00
hunting pocha,0,2,0.0000,47.50
hurom,0,1,0.0000,5.00
hurom brand,0,1,0.0000,3.00
hurom company,0,1,0.0000,22.00
hurom juicer,0,1,0.0000,2.00
hurom ls,0,1,0.0000,2.00
hurom slow juicer,0,1,0.0000,2.00
hurry hurry in korean,0,2,0.0000,2.00
hurry in korean,0,54,0.0000,2.04
hurry in korean language,0,4,0.0000,2.00
hurry up in korean,0,13,0.0000,1.92
husbands in action 2026,0,1,0.0000,6.00
hva med mercedes,0,1,0.0000,3.00
hvad koster billetterne,0,1,0.0000,2.00
hwa jang sil,0,1,0.0000,2.00
hwa ramyun vs shin ramyun,0,2,0.0000,37.50
hwachae bingsu,0,4,0.0000,15.75
hwachae korean fruit punch tiktok food trend july 2026,0,1,0.0000,8.00
hwajeong tiger dome,0,1,0.0000,2.00
hwasan lee clan,0,2,0.0000,5.00
hwasan yi clan,0,1,0.0000,4.00
hwaseong-si,0,1,0.0000,3.00
hweshik,0,2,0.0000,16.00
hweshik in korean,0,1,0.0000,1.00
hwimori,0,1,0.0000,1.00
hwimun high school,0,1,0.0000,10.00
hybrid sunscreen korean,0,1,0.0000,30.00
hyosung souvenir,0,2,0.0000,36.50
hype streetwear brands,0,1,0.0000,9.00
hyundai chungun high school,0,1,0.0000,2.00
hyundai department store food hall,0,3,0.0000,10.67
hyung meaning in hindi,0,3,0.0000,3.00
hyungs meaning,0,1,0.0000,3.00
hàn,0,1,0.0000,1.00
hình ảnh,0,1,0.0000,1.00
hội chứng jang wonyoung,0,1,0.0000,1.00
i can't see the photos,0,1,0.0000,22.00
i didn& 't sign up for this manhwa,0,1,0.0000,3.00
i dont like u in korean,0,1,0.0000,2.00
i have watched all these.,0,1,0.0000,14.00
i mean similar,0,1,0.0000,1.00
i really want to tell you kdrama 2026,0,2,0.0000,6.50
i want to see something,0,1,0.0000,7.00
ice cup korea,0,1,0.0000,9.00
ice cup korean,0,2,0.0000,7.50
ice cup price,0,1,0.0000,1.00
ice cups korean where to buy,0,2,0.0000,9.00
ichon hangang park running,0,1,0.0000,34.00
icn airport layover,0,4,0.0000,38.75
icn layover,0,1,0.0000,33.00
iconic korea,0,5,0.0000,28.00
iconic korean,0,3,0.0000,40.00
iconic korean movies,0,1,0.0000,12.00
iconix ebs,0,1,0.0000,8.00
iconix entertainment,0,4,0.0000,49.75
iconix entertainment logo,0,1,0.0000,33.00
iconix ocon ebs sk broadband,0,8,0.0000,9.00
iconix/ocon/ebs/sk broadband,0,3,0.0000,5.67
idol,0,1,0.0000,3.00
idol training korea,0,2,0.0000,22.50
idol wonyoung,0,3,0.0000,19.33
if i eat raw garlic everyday what will happen,0,1,0.0000,2.00
if i have k eta do i need arrival card,0,2,0.0000,10.50
igen,0,2,0.0000,6.50
ijikeung,0,1,0.0000,9.00
ikisini de yap,0,1,0.0000,15.00
ikorean,0,3,0.0000,65.33
ikorean.com,0,7,0.0000,73.43
il kimchi,0,1,0.0000,1.00
ilchon meaning,0,2,0.0000,48.00
iljins meaning,0,2,0.0000,21.50
illit members position,0,1,0.0000,2.00
im from india in korean,0,1,0.0000,2.00
image related to this,0,1,0.0000,5.00
imagen del aeropuerto,0,1,0.0000,2.00
images,0,3,0.0000,8.00
imagine korea,0,1,0.0000,68.00
imagine your korea,0,1,0.0000,42.00
immagini,0,1,0.0000,3.00
imo artinya bahasa korea,0,4,0.0000,10.50
imo artinya korea,0,20,0.0000,9.80
imo bahasa korea,0,3,0.0000,9.00
imo bahasa korea artinya,0,2,0.0000,14.50
imo dalam bahasa korea,0,5,0.0000,11.40
imo in korean,0,2,0.0000,2.00
imo in korean meaning,0,2,0.0000,1.00
imo in korean means,0,2,0.0000,11.50
imo korea artinya,0,5,0.0000,8.60
imo korean,0,2,0.0000,17.50
imo korean meaning,0,7,0.0000,7.43
imo meaning korean,0,10,0.0000,11.60
imo vs ajumma,0,5,0.0000,5.00
imonim korean,0,1,0.0000,8.00
imported korean alcohol shop,0,12,0.0000,18.83
imported korean traditional liquor,0,1,0.0000,39.00
importing medical devices into korea,0,4,0.0000,74.50
imun seolnongtang,0,16,0.0000,26.38
imun seolnongtang seoul,0,3,0.0000,26.00
in alcohol,0,1,0.0000,2.00
in corea?,0,1,0.0000,2.00
in daiso,0,1,0.0000,2.00
in italiano,0,1,0.0000,1.00
in korea,0,7,0.0000,4.14
in korea what age are you an adult,0,14,0.0000,9.50
in korea?,0,1,0.0000,8.00
in korean,0,1,0.0000,1.00
in korean culture who pays for the wedding,0,2,0.0000,30.00
in other countries,0,1,0.0000,10.00
in php,0,1,0.0000,19.00
in public toilet,0,1,0.0000,1.00
in relationship,0,1,0.0000,1.00
in relationships,0,1,0.0000,1.00
in seoul,0,2,0.0000,6.50
in september,0,2,0.0000,7.50
in singing,0,1,0.0000,1.00
in sk,0,1,0.0000,18.00
in south korea,0,2,0.0000,5.00
in south korea which job is best,0,1,0.0000,67.00
in südkorea,0,1,0.0000,4.00
in the mountain,0,1,0.0000,5.00
in your own home naver webtoon,0,1,0.0000,27.00
incheon airport,0,1,0.0000,5.00
incheon airport blog,0,1,0.0000,5.00
incheon airport layover,0,3,0.0000,25.33
incheon airport layover what to do,0,1,0.0000,26.00
incheon airport long layover,0,2,0.0000,34.00
incheon airport minimum connection time,0,1,0.0000,13.00
incheon airport nap zone,0,2,0.0000,26.50
incheon airport nap zone terminal 1,0,1,0.0000,25.00
incheon airport overnight layover,0,4,0.0000,38.00
incheon airport rest area,0,2,0.0000,23.00
incheon airport resting area,0,1,0.0000,24.00
incheon airport terminal 1 nap zone,0,1,0.0000,36.00
incheon airport to city,0,1,0.0000,32.00
incheon airport to seoul,0,7,0.0000,33.71
incheon airport to seoul arex,0,1,0.0000,30.00
incheon airport to seoul transfer,0,14,0.0000,23.50
incheon airport transit,0,2,0.0000,20.50
incheon airport transport,0,1,0.0000,24.00
incheon international airport,0,1,0.0000,8.00
incheon international airport connecting flights,0,1,0.0000,22.00
incheon international airport layover,0,4,0.0000,33.25
incheon layover,0,6,0.0000,33.50
incheon long layover,0,2,0.0000,23.00
incheon national university,0,1,0.0000,2.00
incheon national university ranking,0,1,0.0000,3.00
incheon taxi meaning,0,1,0.0000,8.00
incheon university ranking,0,1,0.0000,2.00
incheonairport-blog.com,0,2,0.0000,18.00
indumax cosmobeauty,0,1,0.0000,36.00
indépendance inurl:reel,0,2,0.0000,58.00
inha university,0,3,0.0000,3.33
inki life,0,1,0.0000,3.00
inspire me korea,0,1,0.0000,40.00
instant noodles salmonella,0,4,0.0000,3.00
international age,0,6,0.0000,27.50
international age meaning,0,3,0.0000,12.00
international age system,0,1,0.0000,18.00
internet cafe in korea,0,2,0.0000,32.00
internet cafe korea,0,3,0.0000,23.00
internet in korea for tourist,0,1,0.0000,18.00
interview,0,1,0.0000,9.00
ipali,0,1,0.0000,3.00
ipchun,0,1,0.0000,61.00
is 18 an adult in korea,0,1,0.0000,30.00
is 4400 scoville hot,0,1,0.0000,7.00
is 4404 scoville hot,0,1,0.0000,1.00
is ahjussi rude,0,36,0.0000,2.28
is ajumma rude,0,9,0.0000,8.56
is bacchus d bad for you,0,32,0.0000,10.50
is bacchus d good for you,0,1,0.0000,4.00
is bacchus energy drink safe,0,4,0.0000,11.00
is bacchus-d bad for you,0,6,0.0000,10.83
is baseball popular in korea,0,3,0.0000,57.00
is bukchon hanok village free,0,2,0.0000,39.50
is buldak korean or japanese,0,1,0.0000,45.00
is buldak ramen korean or japanese,0,1,0.0000,43.00
is buldak ramen or ramyeon,0,1,0.0000,45.00
is busan cheaper than seoul,0,3,0.0000,45.33
is busan cheaper than seoul for tourists,0,1,0.0000,52.00
is busan in seoul,0,6,0.0000,40.50
is busan near seoul,0,1,0.0000,54.00
is busan or seoul better,0,2,0.0000,38.00
is calpis and milkis the same,0,7,0.0000,4.57
is chilsung alcoholic,0,9,0.0000,4.22
is chilsung cider alcoholic,0,37,0.0000,4.62
is chilsung cider halal,0,11,0.0000,8.18
is chilsung cider sprite,0,11,0.0000,4.91
is cider a korean brand?,0,1,0.0000,5.00
is cider korean,0,4,0.0000,7.25
is coupang a korean company,0,2,0.0000,21.00
is cuckoo a korean brand?,0,1,0.0000,62.00
is daiso japanese or korean,0,1,0.0000,47.00
is daiso korean or japanese,0,2,0.0000,63.00
is daiso tax free,0,3,0.0000,9.33
is dashida msg,0,15,0.0000,6.93
is dashida same as dashi,0,17,0.0000,3.53
is dollar shave club razors good,0,1,0.0000,3.00
is dongdaemun worth visiting,0,1,0.0000,2.00
is everything at daiso $1?,0,1,0.0000,49.00
is gks scholarship hard to get,0,1,0.0000,2.00
is global musinsa legit,0,1,0.0000,24.00
is gochujang bean paste,0,1,0.0000,68.00
is gochujang spicy,0,1,0.0000,7.00
is hangul day a public holiday,0,13,0.0000,6.08
is het beter om seoul of busan te bezoeken,0,233,0.0000,55.32
is incheon airport open 24 hours,0,1,0.0000,21.00
is it a good brand,0,1,0.0000,8.00
is it a retailer?,0,1,0.0000,1.00
is it age,0,1,0.0000,9.00
is it alcohol?,0,1,0.0000,2.00
is it bad for you,0,1,0.0000,2.00
is it bland,0,1,0.0000,6.00
is it everywhere?,0,1,0.0000,2.00
is it famous,0,1,0.0000,2.00
is it finance,0,1,0.0000,3.00
is it good to eat raw garlic everyday,0,1,0.0000,2.00
is it good?,0,2,0.0000,12.00
is it important,0,1,0.0000,2.00
is it made from corn,0,1,0.0000,2.00
is it nice,0,1,0.0000,7.00
is it number 1,0,1,0.0000,1.00
is it okay to travel on chuseok,0,5,0.0000,33.80
is it open to public,0,1,0.0000,7.00
is it overpriced,0,1,0.0000,3.00
is it pollution,0,1,0.0000,1.00
is it popular in korea,0,1,0.0000,7.00
is it real,0,1,0.0000,3.00
is it spicy,0,2,0.0000,2.50
is it spicy tho,0,1,0.0000,2.00
is it spicy?,0,1,0.0000,8.00
is it still number 1,0,1,0.0000,1.00
is it topokki or tteokbokki?,0,1,0.0000,28.00
is it unsafe,0,1,0.0000,4.00
is it used,0,1,0.0000,3.00
is it very unhealthy,0,1,0.0000,2.00
is it weird to go to korean bbq alone,0,2,0.0000,27.50
is jang wonyoung korean,0,1,0.0000,13.00
is jeju air star alliance,0,1,0.0000,11.00
is k-eta same as e-arrival card,0,2,0.0000,9.00
is kaist a sky university,0,19,0.0000,9.47
is kaist good,0,1,0.0000,2.00
is kaist hard to get into,0,1,0.0000,3.00
is kaist part of sky,0,12,0.0000,5.50
is kaist private or public,0,1,0.0000,2.00
is kakao webtoon free,0,3,0.0000,9.00
is khanada korean,0,1,0.0000,41.00
is kim a common name in korea,0,1,0.0000,2.00
is kim a korean last name,0,1,0.0000,21.00
is kim a surname,0,1,0.0000,11.00
is kim a surname in korea,0,1,0.0000,16.00
is kim last name korean,0,1,0.0000,20.00
is korea expensive,0,1,0.0000,2.00
is korea holiday today,0,1,0.0000,2.00
is korea republic south korea,0,1,0.0000,2.00
is korea tropical,0,2,0.0000,9.00
is korean age still a thing,0,8,0.0000,13.13
is korean age system still used,0,1,0.0000,1.00
is korean food spicy,0,13,0.0000,32.62
is korean older than english,0,1,0.0000,6.00
is korean similar to hindi,0,1,0.0000,2.00
is korean sunscreen banned in us,0,7,0.0000,4.14
is makgeolli healthy,0,2,0.0000,2.50
is makgeolli stronger than soju?,0,2,0.0000,15.00
is manhwa and webtoon the same,0,12,0.0000,6.25
is manhwa korean,0,3,0.0000,10.33
is mave ai,0,1,0.0000,41.00
is mave ai or cgi,0,2,0.0000,8.00
is medicube and aprilskin same company,0,1,0.0000,9.00
is milkis alcohol,0,40,0.0000,2.88
is milkis carbonated,0,1,0.0000,12.00
is milkis good,0,2,0.0000,32.50
is milkis halal,0,2,0.0000,3.00
is milkis japanese,0,3,0.0000,8.67
is milkis like calpis,0,7,0.0000,6.57
is milkis the same as calpis,0,13,0.0000,5.69
is musinsa a good brand,0,1,0.0000,31.00
is musinsa ethical,0,2,0.0000,30.50
is musinsa fast fashion,0,1,0.0000,29.00
is musinsa legit,0,1,0.0000,41.00
is musinsa legit reddit,0,1,0.0000,4.00
is musinsa reliable,0,1,0.0000,16.00
is musinsa trustworthy,0,1,0.0000,33.00
is namdaemun in myeongdong,0,1,0.0000,23.00
is namdaemun market worth visiting,0,1,0.0000,22.00
is naver and webtoon the same,0,21,0.0000,9.52
is naver map only for korea,0,1,0.0000,20.00
is naver webtoon and webtoon the same,0,26,0.0000,8.12
is naver webtoon in english,0,2,0.0000,2.00
is october 9 a holiday,0,2,0.0000,11.00
is otoki and ottogi the same,0,15,0.0000,6.87
is ottogi and otoki the same,0,6,0.0000,6.00
is pork belly all fat,0,1,0.0000,3.00
is pororo drink good for kids,0,1,0.0000,9.00
is pusan national university good,0,1,0.0000,3.00
is queen of tears happy ending,0,1,0.0000,2.00
is rice good for you,0,1,0.0000,2.00
is samanco korean or japanese,0,2,0.0000,9.00
is seoul a good place to live,0,1,0.0000,22.00
is seoul airport easy to navigate,0,1,0.0000,17.00
is seoul or busan better,0,2,0.0000,19.00
is seoul subway 24 hours,0,1,0.0000,22.00
is she famous,0,1,0.0000,4.00
is she famous?,0,1,0.0000,4.00
is she kind,0,1,0.0000,3.00
is she nice?,0,1,0.0000,5.00
is she popular?,0,1,0.0000,7.00
is single's inferno like love island,0,1,0.0000,8.00
is singles inferno a reality show,0,1,0.0000,20.00
is singles inferno like love island,0,1,0.0000,11.00
is singles inferno popular in korea,0,1,0.0000,11.00
is snail extract worth buying,0,4,0.0000,48.25
is soju served hot or cold,0,1,0.0000,34.00
is south korea a first world country,0,1,0.0000,3.00
is south korea a high context culture,0,1,0.0000,50.00
is south korea clean like japan,0,1,0.0000,8.00
is south korea safe for americans,0,1,0.0000,2.00
is squid game a real place,0,1,0.0000,11.00
is ssamjang spicy,0,4,0.0000,74.25
is the drama 2026 worth watching,0,1,0.0000,47.00
is the last name kim korean,0,1,0.0000,24.00
is the spelling correct?,0,1,0.0000,3.00
is there a chance,0,1,0.0000,5.00
is there a place like this in korea?! visiting a cheongdam skin care shop (2024),0,2,0.0000,21.50
is there an asian love island,0,1,0.0000,1.00
is there bidet in south korea,0,8,0.0000,9.75
is there mosquitoes in korea,0,2,0.0000,4.00
is there plastic in ramen noodles,0,1,0.0000,2.00
is this alcohol,0,1,0.0000,6.00
is this an alcohol?,0,1,0.0000,3.00
is this good for health,0,1,0.0000,3.00
is this good?,0,1,0.0000,2.00
is this location good?,0,1,0.0000,1.00
is this oem?,0,1,0.0000,4.00
is this top tier,0,1,0.0000,7.00
is today korea independence day,0,1,0.0000,2.00
is today south korea independence day,0,1,0.0000,2.00
is topokki spicy,0,1,0.0000,4.00
is torriden a korean brand,0,1,0.0000,3.00
is toss app safe,0,1,0.0000,8.00
is toss global legit,0,15,0.0000,9.27
is tteokbokki a main dish,0,1,0.0000,23.00
is tteokbokki always spicy,0,1,0.0000,9.00
is tteokbokki spicy,0,3,0.0000,27.33
is vita 500 an energy drink,0,1,0.0000,11.00
is webtoon a korean app,0,8,0.0000,10.88
is webtoon a manhwa,0,2,0.0000,5.00
is webtoon and manga the same,0,1,0.0000,11.00
is webtoon chinese,0,1,0.0000,10.00
is webtoon japanese or korean,0,1,0.0000,11.00
is webtoon korean,0,21,0.0000,9.76
is webtoon manga or manhwa,0,1,0.0000,12.00
is webtoon manhwa,0,2,0.0000,8.00
is webtoon popular in korea,0,1,0.0000,15.00
is wonyoung,0,2,0.0000,7.00
is wonyoung chinese or korean,0,1,0.0000,35.00
is wonyoung famous,0,35,0.0000,8.97
is wonyoung korean,0,4,0.0000,11.50
is wonyoung mean,0,3,0.0000,9.00
is wonyoung nice,0,1,0.0000,9.00
is wonyoung popular,0,8,0.0000,7.38
is wonyoung popular in china,0,1,0.0000,3.00
is wonyoung popular in korea,0,41,0.0000,8.93
is wonyoungism good,0,3,0.0000,11.00
is yakgwa halal,0,1,0.0000,29.00
is yakgwa healthy,0,18,0.0000,4.50
is yakgwa vegan,0,2,0.0000,42.50
is yonsei a good university,0,1,0.0000,2.00
is yonsei or korea university better,0,1,0.0000,2.00
is yonsei university good,0,1,0.0000,2.00
is yonsei university prestigious,0,1,0.0000,4.00
isaac breakfast,0,3,0.0000,7.67
isaac korea,0,1,0.0000,16.00
isaac korean toast,0,2,0.0000,21.00
isaac sandwich,0,9,0.0000,24.44
isaac sandwich korea,0,2,0.0000,25.50
isaac toas,0,1,0.0000,52.00
isaac toast,0,162,0.0000,22.44
isaac toast and coffee myeongdong,0,1,0.0000,5.00
isaac toast bacon best,0,4,0.0000,9.00
isaac toast breakfast,0,1,0.0000,9.00
isaac toast jam,0,168,0.0000,8.90
isaac toast japan,0,1,0.0000,9.00
isaac toast korea,0,26,0.0000,22.88
isaac toast korea menu,0,1,0.0000,16.00
isaac toast korean,0,5,0.0000,21.60
isaac toast malaysia,0,1,0.0000,3.00
isaac toast menu,0,25,0.0000,10.68
isaac toast menu korea,0,1,0.0000,14.00
isaac toast menu myeongdong,0,1,0.0000,9.00
isaac toast myeongdong,0,4,0.0000,4.50
isaac toast near me,0,1,0.0000,4.00
isaac toast recipe,0,9,0.0000,27.78
isaac toast reddit,0,1,0.0000,32.00
isaac toast sandwich close up,0,1,0.0000,9.00
isaac toast sauce recipe,0,12,0.0000,9.50
isaac toast seoul,0,1,0.0000,3.00
isaac toast seoul menu,0,1,0.0000,11.00
isaac toast spread,0,11,0.0000,9.27
isaac toast 醬,0,1,0.0000,77.00
isaac's toast,0,16,0.0000,22.63
isaacs sandwiches,0,1,0.0000,33.00
isaacs toast,0,20,0.0000,29.85
isaacs toast korea,0,6,0.0000,28.50
isaacs toast menu,0,1,0.0000,8.00
isaactoast,0,2,0.0000,30.00
isac,0,1,0.0000,4.00
isac toast,0,2,0.0000,28.00
isac toast sauce,0,1,0.0000,8.00
issac korea,0,1,0.0000,7.00
issac toast,0,21,0.0000,30.29
issac toast jam,0,46,0.0000,9.09
issac toast korea,0,3,0.0000,31.67
issac toast sauce,0,91,0.0000,9.49
issac?,0,1,0.0000,4.00
issacs toast,0,1,0.0000,38.00
it's from korea,0,1,0.0000,4.00
it's hot,0,1,0.0000,2.00
it's korean,0,1,0.0000,4.00
itinerary,0,1,0.0000,5.00
itinerary south korea 7 days,0,1,0.0000,70.00
its for breakfast,0,1,0.0000,1.00
its not showing up,0,1,0.0000,5.00
itu saja?,0,1,0.0000,4.00
ive,0,1,0.0000,6.00
ive members,0,2,0.0000,2.00
ive’s wonyoung,0,1,0.0000,2.00
ivy league korea,0,3,0.0000,36.67
izone most popular member,0,2,0.0000,1.00
ja,0,10,0.0000,4.00
ja bitte,0,3,0.0000,6.67
ja doe maar,0,1,0.0000,13.00
ja is goed,0,1,0.0000,3.00
ja stromkosten,0,1,0.0000,6.00
ja.,0,1,0.0000,15.00
jae seok,0,2,0.0000,4.00
jae sok,0,1,0.0000,3.00
jagalchi fish,0,1,0.0000,3.00
jagiya meaning,0,2,0.0000,2.00
jagiya meaning in korean,0,1,0.0000,2.00
jah,0,1,0.0000,1.00
jakgwa,0,1,0.0000,80.00
jakkanim,0,1,0.0000,53.00
jamsil baseball stadium schedule 2026,0,6,0.0000,11.00
jamsil indoor stadium bag policy,0,2,0.0000,8.00
jamsil indoor stadium kpop concert,0,3,0.0000,5.33
jamsil indoor stadium vs kspo dome,0,1,0.0000,12.00
jamsil station underground shopping,0,1,0.0000,43.00
jan won-young,0,1,0.0000,3.00
jan wonyoung,0,1,0.0000,3.00
jang da-ah,0,1,0.0000,3.00
jang do yeon,0,1,0.0000,3.00
jang ma,0,1,0.0000,1.00
jang won,0,1,0.0000,34.00
jang won young,0,17,0.0000,4.71
jang won young before and after,0,1,0.0000,2.00
jang won young no makeup,0,1,0.0000,2.00
jang won-young band,0,9,0.0000,4.78
jang won-young before and after,0,5,0.0000,24.80
jang won-young english name,0,4,0.0000,9.75
jang won-young songs,0,5,0.0000,3.20
jang wong young,0,1,0.0000,3.00
jang wontoung,0,2,0.0000,3.00
jang wonyong,0,1,0.0000,3.00
jang wonyounf,0,1,0.0000,3.00
jang wonyoung controversies,0,1,0.0000,4.00
jang wonyoung english name,0,3,0.0000,4.67
jang wonyoung facts,0,1,0.0000,30.00
jang wonyoung ive personality traits real life,0,1,0.0000,16.00
jang wonyoung name meaning,0,1,0.0000,10.00
jang wonyoung popularity,0,8,0.0000,10.25
jang wonyoung popularity 2026,0,1,0.0000,10.00
jang wonyoung signature,0,1,0.0000,2.00
janghun high school,0,9,0.0000,9.67
jangma,0,1,0.0000,1.00
jangma season,0,2,0.0000,10.50
janwonyoung,0,1,0.0000,3.00
japanese dashi,0,1,0.0000,3.00
japanese furoshiki,0,1,0.0000,7.00
jayu korean,0,1,0.0000,10.00
jayu sigan,0,2,0.0000,3.00
jbe meaning lookism,0,1,0.0000,10.00
jdramas,0,1,0.0000,4.00
je peux voir en photo,0,1,0.0000,34.00
je tam alkohol,0,1,0.0000,2.00
jee seok jin,0,1,0.0000,4.00
jegang artinya,0,1,0.0000,58.00
jeju,0,1,0.0000,20.00
jeju haenyeo,0,7,0.0000,50.71
jeju island,0,1,0.0000,3.00
jeju island haenyeo,0,1,0.0000,23.00
jeju island university,0,1,0.0000,3.00
jeju national university,0,2,0.0000,3.50
jeju national university ranking,0,1,0.0000,3.00
jeju to gyeongju,0,2,0.0000,20.50
jelateen korean,0,1,0.0000,13.00
jennifer birmingham,0,1,0.0000,3.00
jeogiyo,0,42,0.0000,8.98
jeogiyo artinya,0,20,0.0000,5.90
jeogiyo in korean,0,26,0.0000,8.08
jeogiyo meaning,0,65,0.0000,6.60
jeogiyo meaning in korean,0,11,0.0000,9.64
jeonbuk national university,0,1,0.0000,2.00
jeonbuk national university ranking in korea,0,1,0.0000,3.00
jeong,0,1,0.0000,2.00
jeong (정),0,2,0.0000,8.00
jeong coreano,0,1,0.0000,56.00
jeong definition,0,2,0.0000,54.00
jeong in english,0,1,0.0000,1.00
jeong in korea,0,1,0.0000,59.00
jeong korean,0,1,0.0000,22.00
jeong korean meaning,0,3,0.0000,49.67
jeong korean symbol,0,1,0.0000,8.00
jeong meaning,0,1,0.0000,56.00
jeong meaning in english,0,2,0.0000,21.50
jeong meaning in korean,0,2,0.0000,48.00
jeong meaning korean,0,1,0.0000,47.00
jeong means,0,1,0.0000,1.00
jeong name meaning,0,1,0.0000,2.00
jeong translate to english,0,1,0.0000,1.00
jeong 정,0,2,0.0000,8.50
jeonggwa,0,1,0.0000,26.00
jeonju day trip,0,28,0.0000,35.32
jeonju day trip from seoul,0,3,0.0000,25.00
jeonju day trip itinerary,0,1,0.0000,16.00
jeonju hanok village from seoul,0,4,0.0000,30.00
jeonju itinerary,0,1,0.0000,44.00
jeonju lee clan,0,1,0.0000,2.00
jeonju nambu market,0,1,0.0000,14.00
jeonju shopping street,0,2,0.0000,16.00
jeonju trip,0,2,0.0000,29.00
jeonju yi clan,0,4,0.0000,3.00
jesa,0,1,0.0000,4.00
jesa ceremony,0,1,0.0000,32.00
jesa in korea,0,1,0.0000,11.00
jesa in korean,0,1,0.0000,10.00
jesa korean,0,1,0.0000,32.00
jesa korean culture,0,1,0.0000,11.00
jesa korean ritual,0,1,0.0000,44.00
jesa korean tradition,0,2,0.0000,34.00
jesa meaning in korean,0,1,0.0000,11.00
jesa table,0,2,0.0000,6.00
jh kim,0,1,0.0000,3.00
jhadu pocha meaning in english,0,1,0.0000,3.00
jhikorea,0,1,0.0000,54.00
jimin bts military service status 2026,0,1,0.0000,10.00
jimjilbang in korean,0,1,0.0000,3.00
jin air alliance,0,2,0.0000,7.50
jin air skyteam,0,2,0.0000,8.00
jin do dog,0,4,0.0000,41.50
jin dog,0,1,0.0000,17.00
jin ramen,0,1,0.0000,2.00
jin ramen mild vs spicy,0,10,0.0000,7.30
jin ramen or shin ramen,0,1,0.0000,11.00
jin ramen spicy vs shin ramen,0,5,0.0000,8.00
jin ramen vs shin ramen,0,15,0.0000,8.20
jin ramen vs shin ramyun,0,17,0.0000,9.24
jin seoul,0,1,0.0000,33.00
jin vs shin,0,1,0.0000,11.00
jin vs shin ramen,0,16,0.0000,9.75
jindo,0,11,0.0000,43.45
jindo breed,0,7,0.0000,36.71
jindo breed dog,0,1,0.0000,20.00
jindo canine,0,1,0.0000,58.00
jindo dog,0,28,0.0000,34.68
jindo dog breed,0,1,0.0000,18.00
jindo dog meaning,0,1,0.0000,54.00
jindo dogs,0,8,0.0000,35.75
jindo island dog,0,1,0.0000,17.00
jindo korean dog,0,1,0.0000,41.00
jindo puppies,0,1,0.0000,26.00
jindo puppy,0,1,0.0000,31.00
jindo story,0,2,0.0000,10.50
jindu dog,0,1,0.0000,57.00
jingo dog,0,1,0.0000,43.00
jinjja mashisoyo,0,1,0.0000,3.00
jinju kang clan,0,1,0.0000,3.00
jisoo,0,1,0.0000,3.00
jittleyang or a futuluhtoogan meaning,0,1,0.0000,73.00
jjimjilbang clothes,0,1,0.0000,11.00
jjong meaning,0,1,0.0000,41.00
job market in korea,0,2,0.0000,44.50
job market in south korea,0,3,0.0000,28.00
jogiyo meaning,0,3,0.0000,1.00
jok bal,0,1,0.0000,3.00
jokbal,0,4,0.0000,2.75
jokbal and bossam,0,8,0.0000,6.13
jokbal bossam,0,3,0.0000,8.33
jokbal korean,0,1,0.0000,3.00
jokbal ottawa,0,1,0.0000,4.00
jokbal platter,0,1,0.0000,5.00
jokbal recipe,0,1,0.0000,3.00
jongjon artinya,0,1,0.0000,37.00
jongno food tents street,0,14,0.0000,7.50
jookjangyeon gochujang,0,1,0.0000,41.00
jordan visa on arrival for us citizens,0,1,0.0000,2.00
joseon,0,2,0.0000,2.50
joseon dynasty flag,0,1,0.0000,4.00
joseon survival period,0,1,0.0000,4.00
juansang meaning,0,1,0.0000,49.00
judul drakor terbaru 2026,0,8,0.0000,1.25
judul drakor terbaru 2026 romantis,0,1,0.0000,12.00
judul film drakor terbaru 2026,0,2,0.0000,3.00
judul film korea terbaru 2026,0,1,0.0000,1.00
july,0,1,0.0000,4.00
july 8 2026 kospi bear market samsung sk hynix chip selloff ft business insider,0,1,0.0000,9.00
jumunjin beach goblin,0,6,0.0000,8.00
jumunjin breakwater goblin,0,1,0.0000,8.00
jumunjin harbor,0,1,0.0000,5.00
jung korean meaning,0,5,0.0000,30.80
jung meaning korean,0,1,0.0000,44.00
jungang night market,0,1,0.0000,4.00
jungkook 2026,0,1,0.0000,2.00
jungkook military service discharge date 2026,0,2,0.0000,10.50
jungkook military service status 2026,0,6,0.0000,6.33
jungkook today,0,1,0.0000,3.00
jungwon university,0,3,0.0000,2.67
juni,0,1,0.0000,6.00
junkook,0,1,0.0000,4.00
just explain it,0,1,0.0000,4.00
juvenile act south korea,0,1,0.0000,4.00
k arrival card,0,2,0.0000,29.50
k arts university,0,3,0.0000,4.00
k beauty sunscreen,0,1,0.0000,6.00
k brand,0,1,0.0000,1.00
k drama 2026 list,0,1,0.0000,1.00
k drama mai 2026,0,1,0.0000,1.00
k drama netflix 2026,0,4,0.0000,5.75
k drama recommend 2026,0,1,0.0000,11.00
k dramas 2026,0,4,0.0000,3.75
k dramas 2026 netflix,0,1,0.0000,4.00
k dramas de netflix 2026,0,1,0.0000,1.00
k dramas del 2026,0,1,0.0000,1.00
k dramas en emision 2026,0,1,0.0000,1.00
k dramas que se estrenan en 2026,0,1,0.0000,1.00
k dramas recomendados 2026,0,2,0.0000,2.50
k dramas to watch 2026,0,4,0.0000,9.50
k entry,0,1,0.0000,40.00
k eta arrival card,0,1,0.0000,11.00
k eta benefits,0,2,0.0000,37.00
k eta e arrival card,0,1,0.0000,10.00
k eta korea electronic travel authorization,0,11,0.0000,38.73
k eta member vs non member,0,5,0.0000,28.80
k eta or e arrival card,0,5,0.0000,10.00
k eta price,0,1,0.0000,10.00
k eta tour vs visit,0,1,0.0000,31.00
k eta vs arrival card,0,10,0.0000,7.30
k eta vs e arrival card,0,18,0.0000,8.50
k korean,0,1,0.0000,18.00
k pop idol wonyoung,0,1,0.0000,10.00
k web series,0,1,0.0000,1.00
k-beauty korean skincare trending viral 2026,0,1,0.0000,10.00
k-beauty odm,0,2,0.0000,6.50
k-brand,0,2,0.0000,1.00
k-brands,0,1,0.0000,1.00
k-drama 2026,0,1,0.0000,3.00
k-drama netflix 2026,0,1,0.0000,3.00
k-drama netflix romance 2026,0,1,0.0000,6.00
k-dramas 2026,0,1,0.0000,4.00
k-dramas 2026 lista,0,2,0.0000,1.50
k-dramas en canal 5 2026,0,1,0.0000,3.00
k-dramas en emisión 2026,0,1,0.0000,1.00
k-dramas en netflix 2026,0,1,0.0000,3.00
k-dramas nuevos 2026,0,5,0.0000,3.80
k-dramas nuevos en netflix 2026,0,1,0.0000,1.00
k-dramas on netflix 2026,0,2,0.0000,11.00
k-dramas to watch 2026,0,1,0.0000,5.00
k-eata,0,1,0.0000,33.00
k-eta,0,3,0.0000,5.33
k-eta (korea electronic travel authorization,0,1,0.0000,23.00
k-eta (korea electronic travel authorization),0,2,0.0000,21.50
k-eta cost,0,1,0.0000,12.00
k-eta korea electronic travel authorization,0,13,0.0000,38.00
k-eta member vs non member,0,2,0.0000,33.50
k-eta vs arrival card,0,13,0.0000,9.46
k-eta vs e arrival card,0,3,0.0000,8.67
k-eta vs e-arrival card,0,22,0.0000,9.14
k-fashion,0,3,0.0000,61.00
k-pop concert tours -site:youtube.com -site:reddit.com -site:x.com -site:twitter.com -site:facebook.com -site:instagram.com -site:tiktok.com -site:linkedin.com -site:pinterest.com -site:nytimes.com -site:wsj.com -site:yelp.com -site:rottentomatoes.com,0,1,0.0000,5.00
kaarage,0,1,0.0000,4.00
kaist,0,11,0.0000,3.45
kaist acceptance rate,0,1,0.0000,3.00
kaist korea ranking,0,1,0.0000,3.00
kaist korean name,0,1,0.0000,3.00
kaist ranking,0,1,0.0000,3.00
kaist ranking 2026,0,2,0.0000,17.50
kaist requirements for international students,0,1,0.0000,3.00
kaist south korea,0,2,0.0000,2.50
kaist undergraduate programs in english,0,1,0.0000,3.00
kaist university,0,8,0.0000,3.38
kaist university korea ranking,0,1,0.0000,2.00
kaist university ranking in korea,0,1,0.0000,2.00
kaist university ranking in the world,0,1,0.0000,3.00
kaist university world ranking,0,1,0.0000,3.00
kaist vs sky,0,65,0.0000,7.02
kaist vs snu,0,2,0.0000,25.00
kaist world ranking 2026,0,2,0.0000,12.50
kakao map news,0,1,0.0000,1.00
kakao naver,0,1,0.0000,5.00
kakaopage,0,2,0.0000,6.00
kalau di korsel?,0,1,0.0000,6.00
kalau korea,0,1,0.0000,8.00
kali korean,0,1,0.0000,4.00
kalo wonyoung,0,1,0.0000,1.00
kampus apa aja,0,1,0.0000,1.00
kampus sky korea,0,1,0.0000,11.00
kamsahamnida ahjussi,0,1,0.0000,3.00
kan dit nog,0,1,0.0000,20.00
kan grubu,0,1,0.0000,9.00
kancho biscuit,0,1,0.0000,13.00
kancho korean,0,1,0.0000,9.00
kancho korean snack,0,2,0.0000,42.00
kancho name list,0,2,0.0000,14.50
kang clan,0,1,0.0000,3.00
kang ho dong,0,1,0.0000,4.00
kang ho dong and yoo jae suk,0,6,0.0000,10.50
kang ho dong ssireum,0,2,0.0000,7.50
kang ho dong yoo jae suk,0,1,0.0000,11.00
kang ho-dong tv shows,0,2,0.0000,11.00
kang kon destroyer trials,0,1,0.0000,4.00
kangwon national university,0,1,0.0000,3.00
karaoke south korea,0,1,0.0000,1.00
kay beauty cushion foundation shades,0,1,0.0000,4.00
kbo baseball game,0,1,0.0000,3.00
kbo cheering culture,0,2,0.0000,12.50
kbo games in seoul,0,1,0.0000,31.00
kbo league tickets,0,1,0.0000,43.00
kbo opening day 2026,0,1,0.0000,27.00
kbo schedule july 10 2026,0,2,0.0000,8.00
kbo schedule july 10 2026 games,0,2,0.0000,8.50
kbo schedule july 10 2026 today games,0,1,0.0000,6.00
kbo schedule june 25 2026,0,1,0.0000,7.00
kbo schedule today july 10 2026,0,2,0.0000,10.00
kbo seoul,0,1,0.0000,9.00
kbo tickets,0,5,0.0000,30.40
kd navien,0,1,0.0000,53.00
kdrama 20206,0,1,0.0000,11.00
kdrama 2026 comedy,0,1,0.0000,1.00
kdrama 2026 netflix,0,4,0.0000,2.25
kdrama 2026 worth watching,0,7,0.0000,8.14
kdrama ahjussi,0,2,0.0000,1.50
kdrama ahjussi actors,0,1,0.0000,1.00
kdrama best to watch 2026,0,3,0.0000,10.00
kdrama comedy 2026,0,1,0.0000,6.00
kdrama de 2026,0,2,0.0000,3.50
kdrama del 2026,0,3,0.0000,2.00
kdrama enemies to lovers 2026,0,1,0.0000,10.00
kdrama fantasy romance 2026,0,1,0.0000,5.00
kdrama in hindi on netflix 2026,0,1,0.0000,3.00
kdrama junio 2026,0,1,0.0000,10.00
kdrama list 2026,0,2,0.0000,3.50
kdrama must watch 2026,0,2,0.0000,4.00
kdrama netflix,0,2,0.0000,3.00
kdrama netflix 2026,0,4,0.0000,11.50
kdrama nuevos en netflix 2026,0,1,0.0000,3.00
kdrama of the year 2026,0,1,0.0000,7.00
kdrama recommendation 2026,0,8,0.0000,12.13
kdrama recommendation 2026 netflix,0,1,0.0000,14.00
kdrama recs 2026,0,1,0.0000,36.00
kdrama romcom 2026,0,1,0.0000,3.00
kdrama time travel 2026,0,1,0.0000,23.00
kdrama to watch 2026,0,31,0.0000,5.45
kdrama to watch in 2026,0,2,0.0000,13.50
kdrama to watch may 2026,0,1,0.0000,1.00
kdramas,0,1,0.0000,12.00
kdramas based on webtoons,0,1,0.0000,4.00
kdramas netflix 2026,0,2,0.0000,2.00
kdramas to watch 2026,0,5,0.0000,12.60
kdramas to watch in 2026,0,1,0.0000,3.00
keduanya,0,1,0.0000,1.00
keimyung university,0,1,0.0000,4.00
kekuasaan politik,0,1,0.0000,4.00
kenapa umur di korea berbeda,0,11,0.0000,7.45
kenapa umur korea lebih 1 tahun,0,12,0.0000,9.00
keta,0,1,0.0000,3.00
keta arrival card,0,2,0.0000,10.50
keta card,0,1,0.0000,11.00
keta check result,0,3,0.0000,7.00
keta e arrival card,0,4,0.0000,10.00
keta fee,0,6,0.0000,10.67
keta member vs non member,0,5,0.0000,8.40
keta vs arrival card,0,31,0.0000,7.10
keta vs e arrival card,0,41,0.0000,9.46
keta.go.kr,0,1,0.0000,10.00
key differences,0,1,0.0000,11.00
keyword korea,0,9,0.0000,28.33
kfa controversy,0,1,0.0000,24.00
kfa hearing,0,3,0.0000,15.67
kid cafe seoul,0,1,0.0000,10.00
kids cafe in korea,0,1,0.0000,12.00
kids cafe in seoul,0,2,0.0000,20.00
kids cafe myeongdong,0,1,0.0000,16.00
kids cafe seoul,0,2,0.0000,8.50
kids cafes seoul,0,1,0.0000,29.00
kilju korea,0,1,0.0000,39.00
kim,0,4,0.0000,3.50
kim bum,0,1,0.0000,5.00
kim clan,0,2,0.0000,13.50
kim clan in south korea,0,1,0.0000,1.00
kim clan south korea,0,1,0.0000,8.00
kim clans,0,11,0.0000,9.55
kim clans in korea,0,16,0.0000,6.69
kim family name,0,3,0.0000,19.00
kim family of gimhae clan,0,1,0.0000,11.00
kim gimhae clan,0,1,0.0000,4.00
kim go eun,0,1,0.0000,1.00
kim go eun double eyelid,0,3,0.0000,11.00
kim go eun eyes,0,1,0.0000,1.00
kim go eun face shape,0,1,0.0000,28.00
kim go eun meaning,0,2,0.0000,5.50
kim go eun natural beauty,0,3,0.0000,6.00
kim go eun smile,0,1,0.0000,17.00
kim go eun surgery,0,1,0.0000,6.00
kim go-eun korean film council profile,0,12,0.0000,10.00
kim gu,0,4,0.0000,3.00
kim hung jung,0,1,0.0000,4.00
kim il sung university,0,1,0.0000,3.00
kim in italian,0,1,0.0000,3.00
kim in korea,0,1,0.0000,1.00
kim ji young born 1982,0,1,0.0000,3.00
kim jiyoung born 1982,0,1,0.0000,3.00
kim junho fencing,0,1,0.0000,2.00
kim keon hee,0,1,0.0000,4.00
kim korean surname,0,3,0.0000,13.67
kim korean surname meaning,0,1,0.0000,1.00
kim last name,0,2,0.0000,22.50
kim last name meaning,0,1,0.0000,5.00
kim last name nationality,0,1,0.0000,12.00
kim last name origin,0,5,0.0000,17.20
kim lineage korea,0,1,0.0000,9.00
kim meaning,0,2,0.0000,2.50
kim name origin korean,0,15,0.0000,8.93
kim origin,0,21,0.0000,8.81
kim population,0,4,0.0000,9.50
kim seungmin clan,0,1,0.0000,3.00
kim suengmin,0,1,0.0000,7.00
kim sun young strathfield reviews,0,1,0.0000,9.00
kim surname,0,9,0.0000,18.22
kim surname in korea,0,1,0.0000,11.00
kim surname in korean,0,1,0.0000,10.00
kim surname korea,0,2,0.0000,14.00
kim surname meaning,0,1,0.0000,1.00
kim surname origin,0,10,0.0000,14.00
kim surname religion,0,7,0.0000,10.43
kim woo bin and suzy,0,1,0.0000,3.00
kim yosh,0,1,0.0000,2.00
kimbap cheonguk,0,2,0.0000,13.00
kimbap cheonguk myeongdong,0,1,0.0000,13.00
kimbap heaven,0,2,0.0000,20.50
kimbap packaging,0,1,0.0000,25.00
kimbap triangle,0,13,0.0000,36.23
kimbap wrapper,0,2,0.0000,14.00
kimbap wrapper name,0,9,0.0000,6.44
kimchi,0,1,0.0000,3.00
kimchi banchan,0,2,0.0000,33.50
kimchi cultural significance,0,1,0.0000,74.00
kimchi culture,0,5,0.0000,30.00
kimchi door refrigerator,0,7,0.0000,8.57
kimchi field museum,0,9,0.0000,51.22
kimchi fridge,0,2,0.0000,13.00
kimchi fridge vs regular refrigerator,0,2,0.0000,7.00
kimchi jjigae without gochujang,0,1,0.0000,23.00
kimchi museum,0,18,0.0000,24.50
kimchi museum in seoul,0,3,0.0000,28.33
kimchi museum insadong,0,1,0.0000,15.00
kimchi museum korea,0,3,0.0000,26.33
kimchi museum seoul,0,14,0.0000,35.07
kimchi paradox,0,3,0.0000,16.67
kimchi quotes,0,3,0.0000,21.33
kimchi refrigerator,0,5,0.0000,19.80
kimchi refrigerator meaning,0,15,0.0000,5.93
kimchi refrigerators,0,1,0.0000,10.00
kimchi scoville,0,15,0.0000,7.87
kimchi scoville scale,0,10,0.0000,8.10
kimchi scoville units,0,1,0.0000,7.00
kimchikan museum,0,9,0.0000,24.89
kims history,0,2,0.0000,13.00
kims meaning,0,1,0.0000,31.00
kings and queens of kpop,0,1,0.0000,11.00
kiosken lol,0,2,0.0000,31.00
kippumjo,0,1,0.0000,48.00
kirean sunscreen,0,1,0.0000,2.00
kirin camp,0,1,0.0000,3.00
kkeondae,0,3,0.0000,10.00
kkokkalcorn,0,2,0.0000,5.00
kkondae,0,144,0.0000,9.08
kkondae in english,0,3,0.0000,8.33
kkondae in korean,0,12,0.0000,8.75
kkondae korean,0,12,0.0000,8.33
kkondae korean meaning,0,13,0.0000,8.15
kkondae meaning,0,460,0.0000,9.58
kkondae meaning in english,0,15,0.0000,8.47
kkondae meaning in korean,0,38,0.0000,9.29
kkondae pronunciation,0,5,0.0000,8.20
kkonde,0,1,0.0000,1.00
kmart maemae meaning,0,2,0.0000,41.00
knu korea,0,1,0.0000,3.00
ko cha korean restaurant menu,0,1,0.0000,4.00
kokinda,0,1,0.0000,4.00
kondae meaning,0,16,0.0000,7.69
kongju national university,0,1,0.0000,3.00
konkuk university,0,6,0.0000,3.33
konkuk university classroom,0,1,0.0000,3.00
kookje university,0,1,0.0000,3.00
kookmin university,0,7,0.0000,2.86
kor seoul,0,1,0.0000,13.00
korail chuseok 2026,0,7,0.0000,7.71
kore age,0,1,0.0000,11.00
kore demokratik partisi,0,1,0.0000,3.00
kore webtoon,0,2,0.0000,60.50
korea,0,15,0.0000,5.40
korea 1+1,0,1,0.0000,4.00
korea adult age,0,1,0.0000,1.00
korea age,0,8,0.0000,26.13
korea age system,0,11,0.0000,24.64
korea aging system,0,2,0.0000,19.50
korea ajumma,0,1,0.0000,10.00
korea amazon equivalent,0,4,0.0000,36.75
korea and mbti,0,1,0.0000,55.00
korea arrival card 2026,0,1,0.0000,10.00
korea arrival guide 2026,0,1,0.0000,10.00
korea autumn 2026,0,1,0.0000,12.00
korea autumn 2026 forecast,0,1,0.0000,10.00
korea autumn foliage 2026,0,3,0.0000,10.67
korea autumn foliage forecast 2026,0,1,0.0000,9.00
korea autumn forecast 2026,0,2,0.0000,5.00
korea bathroom,0,1,0.0000,27.00
korea bidet,0,5,0.0000,12.60
korea big 3 universities,0,31,0.0000,8.61
korea blood type,0,6,0.0000,31.17
korea blood type personality,0,19,0.0000,22.21
korea board game cafe,0,3,0.0000,5.33
korea bukchon hanok village,0,1,0.0000,72.00
korea chuseok 2026,0,20,0.0000,9.80
korea chuseok 2026 dates,0,18,0.0000,11.72
korea chuseok 2026 dates september 2026,0,1,0.0000,10.00
korea chuseok 2026 holiday dates,0,1,0.0000,12.00
korea chuseok holiday 2026,0,2,0.0000,9.00
korea cider,0,2,0.0000,5.50
korea cities,0,1,0.0000,11.00
korea clans,0,4,0.0000,11.50
korea convenience store,0,2,0.0000,43.50
korea convenience store cream bread calories 300 500,0,1,0.0000,9.00
korea couples 1000 days anniversary meaning,0,1,0.0000,5.00
korea daiso must buy,0,14,0.0000,8.00
korea daiso tax refund,0,2,0.0000,7.00
korea dates,0,1,0.0000,30.00
korea dating,0,2,0.0000,26.50
korea deli,0,1,0.0000,9.00
korea destination,0,1,0.0000,56.00
korea dongdaemun market,0,2,0.0000,25.00
korea drink,0,3,0.0000,29.00
korea drinking,0,5,0.0000,57.00
korea drinking culture,0,5,0.0000,63.40
korea drinks,0,1,0.0000,19.00
korea e arrival,0,1,0.0000,32.00
korea e arrival card,0,1,0.0000,2.00
korea e arrival card when to apply,0,1,0.0000,18.00
korea e kta,0,2,0.0000,23.50
korea e-arrival,0,1,0.0000,11.00
korea e-arrival card 3 days before arrival 2026,0,1,0.0000,10.00
korea e-arrival card 3 days before arrival official 2026,0,1,0.0000,10.00
korea e-arrival card 72 hours before arrival 2026,0,1,0.0000,10.00
korea e-arrival card official 2026,0,2,0.0000,9.50
korea e-arrival card official guide 2026,0,2,0.0000,8.00
korea e-arrival card submit 3 days before arrival 2026,0,1,0.0000,10.00
korea electronic travel authorization,0,16,0.0000,28.38
korea electronic travel authorization k eta,0,1,0.0000,27.00
korea electronic travel authorization k-eta,0,3,0.0000,32.33
korea electronic visa,0,1,0.0000,32.00
korea emergency alert,0,1,0.0000,8.00
korea employment,0,2,0.0000,40.00
korea ems,0,6,0.0000,18.33
korea ems post,0,2,0.0000,8.50
korea esim tourist,0,3,0.0000,34.67
korea eta,0,2,0.0000,27.00
korea eta arrival card,0,1,0.0000,8.00
korea eta vs arrival card,0,2,0.0000,2.50
korea festival today,0,1,0.0000,3.00
korea fireworks festival 2026,0,5,0.0000,8.40
korea foliage forecast 2026,0,2,0.0000,9.00
korea food court,0,1,0.0000,33.00
korea forbes power celebrity 2026,0,1,0.0000,13.00
korea gaming cafe,0,7,0.0000,10.29
korea garlic,0,6,0.0000,23.33
korea gefährlich,0,1,0.0000,2.00
korea head coach,0,1,0.0000,5.00
korea head spa,0,1,0.0000,44.00
korea high school name,0,2,0.0000,4.50
korea holiday,0,1,0.0000,4.00
korea holiday today,0,2,0.0000,2.00
korea holidays,0,1,0.0000,7.00
korea ice cup,0,5,0.0000,5.60
korea independence day,0,3,0.0000,2.67
korea internet cafe,0,1,0.0000,33.00
korea jindo,0,9,0.0000,35.78
korea jindo dog,0,18,0.0000,28.28
korea job market,0,1,0.0000,36.00
korea laundry,0,1,0.0000,12.00
korea layover,0,3,0.0000,28.00
korea legal age,0,4,0.0000,21.75
korea lol park,0,2,0.0000,12.50
korea lookism,0,19,0.0000,9.79
korea lost,0,5,0.0000,15.40
korea lost and found,0,28,0.0000,6.50
korea manhwa,0,1,0.0000,23.00
korea maritime university,0,1,0.0000,3.00
korea mc,0,1,0.0000,6.00
korea medical tourism plastic surgery,0,1,0.0000,83.00
korea mid autumn festival 2026,0,1,0.0000,1.00
korea midnight run,0,1,0.0000,43.00
korea mosquito,0,1,0.0000,25.00
korea mosquito repellent,0,4,0.0000,16.00
korea mosquito season,0,49,0.0000,7.00
korea mosquitoes,0,6,0.0000,21.17
korea mud festival 2026,0,6,0.0000,9.50
korea must haves,0,1,0.0000,11.00
korea national dog,0,6,0.0000,15.33
korea national mc,0,16,0.0000,6.38
korea national museum gift shop,0,3,0.0000,5.67
korea national open university,0,1,0.0000,3.00
korea national police university,0,1,0.0000,4.00
korea national university of arts,0,3,0.0000,3.33
korea night market,0,1,0.0000,3.00
korea no 1 university,0,1,0.0000,2.00
korea olive young tax refund,0,1,0.0000,11.00
korea or,0,5,0.0000,47.40
korea pali pali,0,1,0.0000,7.00
korea parties,0,2,0.0000,14.00
korea pc bang,0,6,0.0000,13.33
korea pc bang game rankings,0,1,0.0000,22.00
korea pc bang rankings,0,1,0.0000,20.00
korea pc bang total daily users 2026,0,1,0.0000,12.00
korea pc bang total number of seats 2026,0,2,0.0000,9.50
korea pc bang total peak concurrent users 2026,0,3,0.0000,11.00
korea pc cafe,0,1,0.0000,64.00
korea pocket wifi incheon airport,0,1,0.0000,29.00
korea police university,0,1,0.0000,2.00
korea political parties,0,18,0.0000,11.39
korea political party,0,3,0.0000,34.33
korea pop up,0,2,0.0000,8.50
korea pop up store,0,1,0.0000,18.00
korea pop ups,0,1,0.0000,8.00
korea post,0,1,0.0000,6.00
korea post ems,0,54,0.0000,10.11
korea post ems premium,0,1,0.0000,16.00
korea post international shipping rates,0,2,0.0000,9.00
korea post rates,0,1,0.0000,10.00
korea post shipping to us,0,2,0.0000,9.50
korea post to usa,0,3,0.0000,6.00
korea power celebrity,0,1,0.0000,21.00
korea power celebrity 40,0,1,0.0000,25.00
korea południowa kto rządzi,0,1,0.0000,2.00
korea rainy day food pajeon makgeolli cultural association,0,11,0.0000,7.27
korea reddit,0,1,0.0000,179.00
korea restroom,0,9,0.0000,9.44
korea robot,0,1,0.0000,16.00
korea running culture,0,2,0.0000,14.00
korea scalp treatment,0,1,0.0000,41.00
korea semiconductor stocks july 2026 outlook,0,3,0.0000,7.67
korea shipping to us,0,1,0.0000,21.00
korea shipping to usa,0,6,0.0000,27.17
korea shipping usa,0,1,0.0000,35.00
korea shopping tour,0,1,0.0000,31.00
korea sky,0,22,0.0000,9.32
korea sky schools,0,5,0.0000,6.60
korea sky uni,0,4,0.0000,7.25
korea sky universities meaning,0,9,0.0000,8.22
korea souvenir,0,1,0.0000,51.00
korea souvenirs,0,1,0.0000,44.00
korea spam,0,1,0.0000,11.00
korea spam gift set,0,6,0.0000,5.83
korea spotlight,0,1,0.0000,17.00
korea stopover,0,1,0.0000,28.00
korea study room,0,2,0.0000,41.00
korea subway food,0,1,0.0000,2.00
korea sur,0,1,0.0000,1.00
korea tax free,0,2,0.0000,23.00
korea tax refund kiosk,0,1,0.0000,28.00
korea tax refund table 2026,0,3,0.0000,6.00
korea te,0,1,0.0000,8.00
korea temple food,0,1,0.0000,49.00
korea temple stay,0,1,0.0000,5.00
korea things to buy,0,1,0.0000,39.00
korea time,0,1,0.0000,2.00
korea time zone,0,1,0.0000,2.00
korea to us shipping cost,0,1,0.0000,1.00
korea to usa shipping cost,0,1,0.0000,1.00
korea toilet,0,36,0.0000,11.17
korea toilet paper fabric test,0,3,0.0000,70.67
korea toilet voyage,0,21,0.0000,8.05
korea toilets,0,69,0.0000,8.80
korea top 10 university,0,1,0.0000,3.00
korea top 3 university,0,2,0.0000,26.50
korea top sky,0,1,0.0000,9.00
korea top university,0,2,0.0000,2.50
korea tourism,0,1,0.0000,3.00
korea tourism organization,0,1,0.0000,6.00
korea tourist tax refund,0,1,0.0000,19.00
korea tower seoul,0,1,0.0000,3.00
korea traditional cookie,0,1,0.0000,28.00
korea traditional market,0,1,0.0000,24.00
korea travel,0,2,0.0000,109.50
korea travel advisory,0,1,0.0000,2.00
korea travel arrival card,0,1,0.0000,3.00
korea underground mall,0,1,0.0000,25.00
korea underground shopping,0,1,0.0000,22.00
korea underground shopping mall,0,1,0.0000,25.00
korea uni rankings,0,1,0.0000,5.00
korea univ,0,1,0.0000,2.00
korea univeristy,0,3,0.0000,2.67
korea universiry,0,1,0.0000,2.00
korea universities,0,2,0.0000,3.50
"korea universities,universities & admissions,2400,67,informational,0.58,/resources/top-universities-in-seoul",0,9,0.0000,90.89
korea university business administration,0,1,0.0000,3.00
korea university campus,0,1,0.0000,4.00
korea university festival 2026,0,1,0.0000,2.00
korea university hwajeong tiger dome capacity,0,1,0.0000,3.00
korea university of technology and education,0,1,0.0000,2.00
korea university qs ranking,0,1,0.0000,3.00
korea university ranking,0,2,0.0000,3.00
korea university ranking in korea,0,2,0.0000,2.00
korea university ranking qs,0,1,0.0000,3.00
korea university rankings,0,2,0.0000,9.50
korea university sky,0,32,0.0000,7.38
korea university vs seoul national university,0,5,0.0000,19.00
korea universty,0,1,0.0000,2.00
korea us shipping,0,6,0.0000,25.00
korea vita,0,1,0.0000,7.00
korea vitamin c drink,0,8,0.0000,7.38
korea wandern kultur,0,6,0.0000,63.67
korea war,0,1,0.0000,3.00
korea webtoon,0,43,0.0000,10.35
korea webtoons,0,6,0.0000,21.67
korea work,0,1,0.0000,55.00
korea yongsan,0,6,0.0000,28.33
korea?,0,2,0.0000,14.00
koreaanse serie netflix,0,1,0.0000,3.00
koreaboo,0,1,0.0000,3.00
koreada,0,1,0.0000,38.00
koreadates,0,3,0.0000,2.00
korean,0,7,0.0000,4.71
korean a blood type personality,0,1,0.0000,31.00
korean action series on netflix 2026,0,2,0.0000,16.50
korean actor lee jae wook,0,1,0.0000,3.00
korean adult age,0,39,0.0000,12.90
korean adulthood,0,1,0.0000,56.00
korean agashi,0,5,0.0000,28.40
korean agassi,0,2,0.0000,25.50
korean age and international age,0,1,0.0000,33.00
korean age and international age difference,0,13,0.0000,10.62
korean age culture,0,5,0.0000,38.80
korean age difference,0,2,0.0000,10.00
korean age explained,0,58,0.0000,10.03
korean age explanation,0,9,0.0000,18.00
korean age hierarchy,0,1,0.0000,1.00
korean age law,0,1,0.0000,48.00
korean age meaning,0,12,0.0000,15.50
korean age of majority,0,1,0.0000,26.00
korean age system,0,65,0.0000,22.42
korean age system 2026,0,2,0.0000,7.50
korean age system explained,0,61,0.0000,11.15
korean age system explanation,0,1,0.0000,15.00
korean age vs international age,0,1,0.0000,63.00
korean age vs normal age,0,3,0.0000,7.67
korean ages,0,3,0.0000,27.00
korean ages explained,0,6,0.0000,21.67
korean aging system,0,1,0.0000,26.00
korean ahjumma,0,1,0.0000,11.00
korean ahjussi actors,0,1,0.0000,8.00
korean ahjussi actors male,0,1,0.0000,6.00
korean air 2026,0,2,0.0000,5.00
korean air layover,0,3,0.0000,23.00
korean airline names,0,1,0.0000,9.00
korean airlines name,0,1,0.0000,6.00
korean airlines names,0,2,0.0000,7.00
korean ajima,0,1,0.0000,11.00
korean ajumma,0,4,0.0000,12.50
korean ajumma meaning,0,5,0.0000,9.40
korean ajushi,0,31,0.0000,6.48
korean ajusshi,0,3,0.0000,9.67
korean ajussi,0,69,0.0000,6.06
korean alcohol,0,4,0.0000,35.75
korean alcohol drink,0,2,0.0000,33.50
korean alcohol name,0,1,0.0000,34.00
korean alcohol store,0,3,0.0000,32.33
korean alcoholic beverages,0,1,0.0000,33.00
korean alcoholic drinks,0,4,0.0000,33.75
korean alphabet a to z,0,1,0.0000,3.00
korean alphabet design,0,1,0.0000,1.00
korean amazon equivalent,0,2,0.0000,17.50
korean ancestor,0,1,0.0000,39.00
korean ancestral rites,0,2,0.0000,28.50
korean ancestral rites table,0,1,0.0000,15.00
korean anju,0,7,0.0000,43.71
korean anniversary,0,10,0.0000,6.60
korean art,0,1,0.0000,3.00
korean bacchus,0,2,0.0000,5.00
korean bakery breakfast,0,1,0.0000,11.00
korean bali bali,0,2,0.0000,30.00
korean ban chan,0,2,0.0000,39.50
korean banana kick,0,4,0.0000,7.50
korean banana puff chips,0,2,0.0000,12.50
korean banana puffs,0,2,0.0000,9.50
korean banana snack,0,1,0.0000,10.00
korean banana snacks,0,1,0.0000,8.00
korean bancha,0,1,0.0000,40.00
korean banchan,0,45,0.0000,38.04
korean banchan containers,0,1,0.0000,11.00
korean banchan dishes,0,1,0.0000,46.00
korean banchan meaning,0,1,0.0000,25.00
korean banchan names,0,2,0.0000,34.50
korean banchan types,0,2,0.0000,31.50
korean baseball cheering culture,0,1,0.0000,59.00
korean baseball culture,0,1,0.0000,35.00
korean baseball games in seoul,0,1,0.0000,31.00
korean baseball schedule seoul,0,1,0.0000,4.00
korean baseball season 2026 end date,0,8,0.0000,9.50
korean baseball season 2026 tickets,0,6,0.0000,8.50
korean based,0,1,0.0000,7.00
korean bathing culture,0,1,0.0000,30.00
korean bathroom signs,0,1,0.0000,23.00
korean bathrooms,0,3,0.0000,26.00
korean bbq etiquette,0,4,0.0000,43.50
korean bbq how to eat,0,5,0.0000,63.00
korean bbq rules,0,4,0.0000,12.50
korean bbq sauce name,0,1,0.0000,52.00
korean bbq ssamjang,0,1,0.0000,32.00
korean bbq tips,0,1,0.0000,74.00
korean beaches,0,1,0.0000,3.00
korean beatbox group,0,1,0.0000,9.00
korean beauty,0,1,0.0000,4.00
korean bed frame,0,1,0.0000,4.00
korean bedding explained,0,1,0.0000,3.00
korean beef dashida,0,7,0.0000,10.14
korean beef dashida seasoning,0,1,0.0000,10.00
korean beef powder,0,1,0.0000,10.00
korean beef stock powder,0,3,0.0000,10.00
korean beef stock powder (dasida),0,1,0.0000,10.00
korean beer culture,0,3,0.0000,19.33
korean bento box,0,1,0.0000,6.00
korean best dating show,0,1,0.0000,1.00
korean best high school,0,1,0.0000,1.00
korean best university,0,1,0.0000,2.00
korean beverage,0,2,0.0000,31.50
korean bidet,0,13,0.0000,15.77
korean bidet brands,0,2,0.0000,7.00
korean bidet buttons,0,3,0.0000,9.33
korean bidet toilet,0,5,0.0000,11.60
korean bidets,0,2,0.0000,16.00
korean bingsu flavors,0,1,0.0000,10.00
korean bingsu near me,0,1,0.0000,5.00
korean birthday age explained,0,13,0.0000,10.00
korean blind box,0,1,0.0000,2.00
korean blog,0,1,0.0000,59.00
korean blog sites,0,1,0.0000,9.00
korean blood,0,2,0.0000,28.50
korean blood group personality,0,9,0.0000,10.00
korean blood type,0,16,0.0000,32.06
korean blood type compatibility,0,13,0.0000,27.69
korean blood type meaning,0,4,0.0000,30.75
korean blood type meanings,0,2,0.0000,36.00
korean blood type personalities,0,7,0.0000,34.71
korean blood type personality,0,72,0.0000,22.74
korean blood type personality compatibility,0,16,0.0000,13.69
korean blood type personality o,0,1,0.0000,25.00
korean blood type personality test,0,4,0.0000,31.00
korean blood type stereotypes,0,5,0.0000,21.80
korean blood type theory,0,6,0.0000,18.50
korean blood types,0,16,0.0000,26.38
korean blood types personality,0,1,0.0000,28.00
korean board game cafe,0,2,0.0000,5.00
korean board games,0,1,0.0000,1.00
korean body skin care routine,0,1,0.0000,40.00
korean bowing etiquette,0,1,0.0000,4.00
korean boys romance,0,1,0.0000,3.00
korean brand juicer,0,4,0.0000,14.25
korean brand musinsa,0,6,0.0000,16.17
korean branding,0,1,0.0000,37.00
korean breakfast,0,34,0.0000,52.41
korean breakfast culture,0,2,0.0000,7.00
korean breakfast food,0,10,0.0000,41.40
korean breakfast food names,0,6,0.0000,6.17
korean breakfast foods,0,32,0.0000,50.03
korean breakfast name,0,4,0.0000,8.00
korean breakfast names,0,4,0.0000,23.00
korean breakfast sandwich,0,1,0.0000,5.00
korean breakfasts,0,3,0.0000,48.00
korean breed dog jindo,0,2,0.0000,58.50
korean buyers,0,1,0.0000,17.00
korean cafe breakfast,0,1,0.0000,12.00
korean calpis,0,1,0.0000,9.00
korean camping,0,1,0.0000,7.00
korean car camping,0,6,0.0000,5.67
korean celebrity of the year,0,1,0.0000,1.00
korean celebrity of the year 2026,0,1,0.0000,1.00
korean chicken brand,0,2,0.0000,16.50
korean chicken brands in korea,0,2,0.0000,6.00
korean chicken chains,0,1,0.0000,36.00
korean chilsung cider,0,1,0.0000,12.00
korean chip giants surged after recovering from heavy market losses,0,1,0.0000,1.00
korean chocolate mochi snack,0,1,0.0000,5.00
korean chuseok 2026,0,10,0.0000,10.70
korean chuseok 2026 dates,0,2,0.0000,11.00
korean cider,0,111,0.0000,6.33
korean cider alcohol,0,5,0.0000,8.40
korean cider drink,0,2,0.0000,8.00
korean cider soda,0,17,0.0000,5.29
korean clan,0,3,0.0000,10.00
korean clan names,0,3,0.0000,19.00
korean clan system,0,2,0.0000,11.50
korean clans,0,134,0.0000,4.76
korean clans list,0,1,0.0000,3.00
korean clans of foreign origin,0,1,0.0000,9.00
korean clans ranking,0,3,0.0000,2.67
korean clap,0,85,0.0000,6.67
korean clapping,0,13,0.0000,8.23
korean clothes steamer,0,1,0.0000,3.00
korean comedy drama 2026,0,1,0.0000,3.00
korean comic,0,1,0.0000,15.00
korean comics,0,3,0.0000,23.00
korean comics manhwa,0,2,0.0000,10.00
korean comics name,0,1,0.0000,11.00
korean concept of han,0,1,0.0000,4.00
korean condition hangover drink,0,1,0.0000,14.00
korean convenience store,0,6,0.0000,49.67
korean convenience store bread,0,3,0.0000,5.33
korean convenience store bread calorie 300 500,0,1,0.0000,11.00
korean convenience store cream bread,0,1,0.0000,3.00
korean convenience store cream bread calories 1개 300 500 kcal,0,2,0.0000,9.00
korean convenience store cream bread calories 300 500,0,8,0.0000,8.00
korean convenience store cream bread calories 300 500 kcal,0,2,0.0000,7.50
korean convenience store cream bread calories 300 600 kcal,0,1,0.0000,10.00
korean convenience store cream bread calories 400,0,4,0.0000,8.75
korean convenience store cream bread calories 400 500,0,5,0.0000,8.80
korean convenience store cream bread calories 400 600,0,2,0.0000,8.50
korean convenience store cream bread calories 400 kcal,0,8,0.0000,8.63
korean convenience store cream bread calories 500 kcal,0,4,0.0000,8.50
korean convenience store dosirak,0,3,0.0000,8.67
korean convenience store dosirak lunch box black plastic container,0,1,0.0000,9.00
korean convenience store eggs,0,2,0.0000,13.50
korean convenience store items,0,1,0.0000,55.00
korean convenience store lunch box,0,1,0.0000,20.00
korean convenience store name,0,2,0.0000,45.50
korean convenience store names,0,2,0.0000,38.50
korean convenience store picnic,0,1,0.0000,5.00
korean convenience store prices,0,5,0.0000,9.60
korean convenience store sandwich,0,1,0.0000,9.00
korean convenience store sandwiches,0,2,0.0000,7.00
korean convenience stores,0,3,0.0000,48.67
korean convience stores,0,2,0.0000,40.50
korean couple 100 days celebration,0,1,0.0000,7.00
korean cream bread,0,1,0.0000,4.00
korean cream bread convenience store,0,1,0.0000,12.00
korean crime drama 2026,0,1,0.0000,3.00
korean culture gifts,0,2,0.0000,10.00
korean cushion perm men,0,1,0.0000,8.00
korean custard cake,0,5,0.0000,5.60
korean custard snack,0,12,0.0000,8.75
korean dad bod,0,1,0.0000,1.00
korean daiso,0,2,0.0000,20.00
korean daiso kitchen goods,0,1,0.0000,7.00
korean dashi powder,0,1,0.0000,4.00
korean dashida powder,0,17,0.0000,10.29
korean dates,0,2,0.0000,45.50
korean dating,0,44,0.0000,29.98
korean dating anniversaries,0,2,0.0000,7.50
korean dating culture,0,4,0.0000,3.50
korean dating milestones,0,7,0.0000,10.57
korean dating shows,0,3,0.0000,18.67
korean dating standards,0,1,0.0000,5.00
korean destination,0,2,0.0000,43.50
korean dog,0,4,0.0000,48.25
korean dog breed,0,1,0.0000,56.00
korean dog breed jindo,0,3,0.0000,19.33
korean dog breeds jindo,0,2,0.0000,39.50
korean dog jindo,0,4,0.0000,41.75
korean dollar store,0,72,0.0000,10.19
korean dollar store near me,0,1,0.0000,3.00
korean dosirak,0,2,0.0000,25.50
korean down perm men,0,3,0.0000,10.67
korean down perm two block,0,2,0.0000,8.50
korean dowry,0,1,0.0000,32.00
korean drama 2026,0,7,0.0000,5.14
korean drama 2026 must watch,0,1,0.0000,10.00
korean drama 2026 netflix list,0,1,0.0000,3.00
korean drama comedy 2026,0,1,0.0000,1.00
korean drama in netflix 2026,0,1,0.0000,4.00
korean drama list 2026,0,1,0.0000,7.00
korean drama netflix 2026,0,3,0.0000,8.00
korean drama netflix recommendation 2026,0,2,0.0000,11.00
korean drama on netflix 2026,0,17,0.0000,17.00
korean drama recommendations 2026,0,1,0.0000,12.00
korean drama to watch 2026,0,2,0.0000,6.00
korean drama trends 2026,0,1,0.0000,9.00
korean drama worth watching 2026,0,3,0.0000,9.00
korean dramas 2026,0,2,0.0000,26.00
korean dramas 2026 netflix,0,2,0.0000,19.00
korean dramas on netflix 2026,0,2,0.0000,5.50
korean dramas with high ratings in 2026,0,1,0.0000,2.00
korean dried octopus snack,0,1,0.0000,11.00
korean drink,0,1,0.0000,42.00
korean drink alcohol,0,4,0.0000,25.50
korean drink culture,0,3,0.0000,25.00
korean drink for hangover,0,1,0.0000,43.00
korean drink for kids,0,3,0.0000,12.00
korean drink milkis,0,1,0.0000,21.00
korean drinking,0,1,0.0000,43.00
korean drinking culture,0,30,0.0000,40.70
korean drinking etiquette,0,8,0.0000,31.75
korean drinking food,0,8,0.0000,18.13
korean drinking soju,0,2,0.0000,34.00
korean drinking table,0,3,0.0000,2.67
korean drinking tent,0,2,0.0000,15.00
korean e travel,0,1,0.0000,14.00
korean e-arrival,0,1,0.0000,29.00
korean election parties,0,2,0.0000,11.00
korean electronic travel authorization,0,1,0.0000,29.00
korean electronic travel authorization (k-eta),0,1,0.0000,18.00
korean electronic visa,0,1,0.0000,29.00
korean ems,0,1,0.0000,11.00
korean energy drink bacchus,0,3,0.0000,6.00
korean equivalent of amazon,0,1,0.0000,17.00
korean ethics,0,3,0.0000,30.00
korean face genius,0,1,0.0000,27.00
korean famous school,0,2,0.0000,4.50
korean fermentation,0,3,0.0000,57.67
korean festival name,0,1,0.0000,2.00
korean festivals 2026,0,1,0.0000,3.00
korean fire noodle scoville,0,3,0.0000,16.00
korean fire noodles scoville,0,6,0.0000,20.83
korean floor,0,4,0.0000,6.00
korean floor culture,0,3,0.0000,13.00
korean folklore,0,1,0.0000,3.00
korean food,0,6,0.0000,2.50
korean food banchan,0,4,0.0000,37.50
korean food breakfast,0,20,0.0000,62.95
korean food for rainy days,0,12,0.0000,9.83
korean food hall,0,1,0.0000,11.00
korean food labels,0,13,0.0000,15.54
korean food tent,0,8,0.0000,10.75
korean foods list,0,1,0.0000,2.00
korean football trend,0,2,0.0000,9.50
korean footballers in europe,0,2,0.0000,5.50
korean for grandma,0,1,0.0000,2.00
korean for hurry up,0,3,0.0000,2.00
korean for sir,0,2,0.0000,2.50
korean for uncle,0,12,0.0000,2.00
korean foundation shade,0,6,0.0000,8.33
korean foundation shades,0,19,0.0000,9.68
korean fridge,0,11,0.0000,9.27
korean fried chicken brand,0,1,0.0000,11.00
korean fried chicken brands,0,4,0.0000,9.00
korean game cafe,0,4,0.0000,10.50
korean gaming cafe,0,45,0.0000,9.67
korean gaming cafes,0,4,0.0000,9.25
korean gaming room,0,4,0.0000,9.25
korean garbage system,0,1,0.0000,4.00
korean garlic,0,4,0.0000,17.75
korean garlic consumption,0,11,0.0000,5.09
korean garlic meme,0,1,0.0000,3.00
korean gift culture,0,5,0.0000,29.00
korean gift giving culture,0,4,0.0000,18.00
korean gift giving etiquette,0,6,0.0000,20.83
korean gift wrapping,0,1,0.0000,52.00
korean gifts for women,0,1,0.0000,5.00
korean gindo,0,2,0.0000,40.50
korean girl black outfit,0,1,0.0000,3.00
korean girl in black outfit,0,1,0.0000,7.00
korean girl toilet,0,1,0.0000,2.00
korean girls,0,1,0.0000,2.00
korean google map,0,1,0.0000,25.00
korean hair salon naperville,0,1,0.0000,4.00
korean hair salon near me,0,1,0.0000,4.00
korean hair salons,0,1,0.0000,3.00
korean haircut two block,0,1,0.0000,10.00
korean hairdresser near me,0,1,0.0000,4.00
korean hangover cure,0,2,0.0000,34.00
korean hangover drink,0,6,0.0000,23.67
korean hangover drink convenience store,0,2,0.0000,9.00
korean hangover drink green bottle,0,1,0.0000,25.00
korean hangover remedy,0,1,0.0000,3.00
korean hangover tea,0,1,0.0000,5.00
korean head spa seoul,0,1,0.0000,27.00
korean health spa,0,1,0.0000,2.00
korean high school name,0,14,0.0000,8.00
korean high school names,0,17,0.0000,8.76
korean high school names in seoul,0,3,0.0000,10.00
korean high schools,0,5,0.0000,5.60
korean high schools in seoul,0,1,0.0000,14.00
korean high schools names,0,3,0.0000,7.33
korean highball can,0,2,0.0000,11.00
korean highschool names,0,3,0.0000,9.33
korean highschools,0,2,0.0000,7.50
korean hiking culture,0,2,0.0000,9.50
korean historical drama 2026 netflix,0,1,0.0000,2.00
korean holiday chuseok 2026,0,3,0.0000,10.67
korean holidays 2026,0,1,0.0000,4.00
korean honorific for older male,0,4,0.0000,1.00
korean honorifics for older male,0,1,0.0000,1.00
korean honorifics for younger,0,1,0.0000,4.00
korean horror series on netflix 2026,0,1,0.0000,21.00
korean hot web,0,1,0.0000,1.00
korean humor vs american humor,0,1,0.0000,3.00
korean hunting dog,0,1,0.0000,33.00
korean hurry,0,3,0.0000,44.00
korean hybrid sunscreen,0,1,0.0000,26.00
korean ice cream brands,0,1,0.0000,1.00
korean ice cup,0,12,0.0000,9.25
korean ice cups,0,1,0.0000,2.00
korean idol training,0,2,0.0000,27.50
korean imo,0,1,0.0000,16.00
korean in bathroom,0,1,0.0000,1.00
korean independence day,0,1,0.0000,3.00
korean international age system,0,1,0.0000,50.00
korean internet cafe,0,3,0.0000,13.33
korean internet culture,0,3,0.0000,18.33
korean isaac toast,0,2,0.0000,17.50
korean isaac toast recipe,0,2,0.0000,25.50
korean island dating show,0,3,0.0000,11.00
korean jeong,0,2,0.0000,33.50
korean jesa,0,1,0.0000,60.00
korean jesa ceremony,0,2,0.0000,38.50
korean jimjilbang,0,1,0.0000,3.00
korean jindo,0,13,0.0000,41.92
korean jindo dog,0,30,0.0000,32.07
korean jindo dog breed,0,5,0.0000,27.00
korean jindo dogs,0,1,0.0000,20.00
korean jindos,0,1,0.0000,30.00
korean jung,0,2,0.0000,47.00
korean kancho,0,1,0.0000,10.00
korean kids cafe,0,2,0.0000,12.00
korean kimbap triangle,0,5,0.0000,37.80
korean kimchi fridge,0,1,0.0000,1.00
korean kimchi refrigerator,0,1,0.0000,14.00
korean kiwi sauce,0,1,0.0000,21.00
korean language,0,1,0.0000,3.00
korean language age,0,1,0.0000,28.00
korean last names,0,1,0.0000,3.00
korean last names starting with g,0,1,0.0000,2.00
korean last names that start with g,0,1,0.0000,2.00
korean last names with meaning,0,1,0.0000,2.00
korean laugh,0,5,0.0000,27.40
korean laughing,0,2,0.0000,31.00
korean laundromat,0,4,0.0000,14.75
korean legal age,0,15,0.0000,25.13
korean liberation day 2026,0,1,0.0000,3.00
korean lifestyle,0,1,0.0000,3.00
korean lineage,0,1,0.0000,5.00
korean liquor,0,1,0.0000,36.00
korean lost and found,0,6,0.0000,9.00
korean love island show,0,8,0.0000,10.00
korean luxury spa seoul,0,1,0.0000,3.00
korean male skin care,0,1,0.0000,33.00
korean manhwa,0,4,0.0000,16.25
korean manhwa webtoon,0,3,0.0000,7.67
korean manhwa webtoon platforms,0,1,0.0000,1.00
korean manhwa webtoons,0,1,0.0000,7.00
korean manjoo,0,34,0.0000,8.32
korean manners and etiquette,0,1,0.0000,4.00
korean massage,0,1,0.0000,2.00
korean massage chair,0,1,0.0000,9.00
korean massage chair brands,0,1,0.0000,14.00
korean massage near me,0,1,0.0000,3.00
korean mattress pad,0,2,0.0000,6.50
korean mbti stereotypes,0,1,0.0000,25.00
korean mc,0,81,0.0000,6.27
korean mc list,0,2,0.0000,6.00
korean mcs,0,7,0.0000,3.71
korean meat dog breed,0,2,0.0000,26.00
korean michelin chef,0,1,0.0000,22.00
korean military service buddy system,0,1,0.0000,21.00
korean milk soda drink,0,1,0.0000,6.00
korean milkis,0,4,0.0000,4.00
korean milkis drink,0,1,0.0000,10.00
korean milky soda,0,1,0.0000,9.00
korean morning breakfast,0,7,0.0000,7.86
korean morning food,0,3,0.0000,8.00
korean mosquito,0,6,0.0000,20.67
korean mosquito repellent,0,5,0.0000,14.80
korean mosquitoes,0,2,0.0000,32.50
korean mountain dog,0,1,0.0000,24.00
korean movie 2026 netflix,0,1,0.0000,3.00
korean moving truck,0,2,0.0000,10.50
korean must haves,0,1,0.0000,22.00
korean name kim meaning,0,1,0.0000,2.00
korean names with kim boy,0,1,0.0000,2.00
korean national dog,0,8,0.0000,18.63
korean national museum gift shop,0,2,0.0000,22.00
korean norwegian mix,0,1,0.0000,3.00
korean nutrition label,0,3,0.0000,7.67
korean of uncle,0,1,0.0000,2.00
korean old lady ajumma,0,1,0.0000,3.00
korean old names male,0,1,0.0000,2.00
korean one,0,1,0.0000,4.00
korean ongoing drama,0,1,0.0000,1.00
korean ongoing dramas,0,1,0.0000,1.00
korean pali pali,0,9,0.0000,7.89
korean pali pali culture,0,1,0.0000,36.00
korean pan,0,1,0.0000,1.00
korean parties,0,4,0.0000,15.50
korean parties political,0,2,0.0000,7.50
korean pasalubong,0,1,0.0000,43.00
korean pc,0,5,0.0000,9.80
korean pc bang,0,27,0.0000,11.26
korean pc bang food,0,4,0.0000,22.00
korean pc bang game rankings,0,1,0.0000,11.00
korean pc bang rankings,0,4,0.0000,22.50
korean pc bang stats,0,14,0.0000,16.14
korean pc bangs,0,1,0.0000,9.00
korean pc cafe,0,2,0.0000,10.00
korean pc room,0,3,0.0000,12.67
korean peanuts,0,1,0.0000,32.00
korean pepper scoville,0,1,0.0000,11.00
korean pepper spice level,0,2,0.0000,6.00
korean percussion,0,1,0.0000,27.00
korean perm two block,0,4,0.0000,9.25
korean personality,0,3,0.0000,61.33
korean personality blood type,0,9,0.0000,36.33
korean personality types,0,5,0.0000,66.00
korean pickled garlic,0,1,0.0000,7.00
korean players abroad,0,1,0.0000,4.00
korean pocha meaning,0,6,0.0000,32.17
korean pojangmacha,0,7,0.0000,15.86
korean police dog,0,2,0.0000,10.00
korean police university,0,1,0.0000,2.00
korean political parties,0,56,0.0000,10.71
korean political parties explained,0,1,0.0000,26.00
korean political parties symbols,0,2,0.0000,7.50
korean political party,0,2,0.0000,10.00
korean politics,0,1,0.0000,35.00
korean pop up,0,4,0.0000,8.50
korean pop up store,0,4,0.0000,11.00
korean postal,0,1,0.0000,2.00
korean pots and pans,0,1,0.0000,13.00
korean premium health food raw material supplier,0,2,0.0000,95.50
korean proverb,0,4,0.0000,47.00
korean proverbs,0,33,0.0000,52.33
korean proverbs about death,0,1,0.0000,12.00
korean proverbs about life,0,17,0.0000,16.06
korean public bathroom,0,31,0.0000,7.42
korean public bathrooms,0,62,0.0000,5.06
korean public toilet,0,79,0.0000,7.16
korean public transport etiquette,0,1,0.0000,27.00
korean rainy day food,0,5,0.0000,7.40
korean ramen mild,0,1,0.0000,41.00
korean rap show,0,1,0.0000,23.00
korean razor brand,0,1,0.0000,1.00
korean reality dating shows,0,2,0.0000,11.00
korean recipes,0,1,0.0000,6.00
korean refrigerator,0,9,0.0000,15.67
korean restaurant side dishes,0,1,0.0000,32.00
korean restaurant victoria,0,1,0.0000,6.00
korean restroom,0,2,0.0000,10.50
korean restroom sign,0,3,0.0000,8.33
korean reunification,0,1,0.0000,3.00
korean rice cooker,0,1,0.0000,2.00
korean rice cooker brand,0,4,0.0000,8.50
korean rice cooker cuchen,0,1,0.0000,24.00
korean rice cookers,0,1,0.0000,11.00
korean ruffle top,0,1,0.0000,8.00
korean sandwich,0,1,0.0000,3.00
korean sandwich convenience store,0,1,0.0000,8.00
korean sauna clothes,0,2,0.0000,20.50
korean sauna culture,0,2,0.0000,15.50
korean sauna outfit,0,2,0.0000,25.50
korean sauna temperature,0,1,0.0000,29.00
korean school names,0,2,0.0000,10.50
korean search engine,0,1,0.0000,54.00
korean seaweed soup benefits,0,7,0.0000,69.29
korean seaweed soup birthday tradition,0,2,0.0000,50.00
korean seaweed soup for birthday,0,1,0.0000,62.00
korean seaweed soup health benefits,0,1,0.0000,73.00
korean semiconductor stocks july 2026 outlook,0,2,0.0000,10.00
korean series 2026 netflix,0,1,0.0000,17.00
korean series dubbed in english on netflix 2026,0,5,0.0000,7.80
korean series on netflix 2026,0,1,0.0000,11.00
korean shade,0,2,0.0000,2.50
korean shade 21,0,3,0.0000,5.33
korean shave ice,0,1,0.0000,5.00
korean shows like singles inferno,0,1,0.0000,16.00
korean shows to watch 2026,0,1,0.0000,13.00
korean side dish name,0,1,0.0000,39.00
korean side dishes,0,17,0.0000,35.35
korean side dishes banchan,0,1,0.0000,35.00
korean side dishes called,0,3,0.0000,41.67
korean side dishes name,0,5,0.0000,37.60
korean side dishes restaurant,0,1,0.0000,26.00
korean sides name,0,1,0.0000,42.00
korean single dating show,0,1,0.0000,9.00
korean sirens,0,5,0.0000,8.20
korean sit,0,1,0.0000,8.00
korean site,0,4,0.0000,49.50
korean sitting,0,1,0.0000,26.00
korean sitting position,0,5,0.0000,11.80
korean sitting style,0,9,0.0000,8.56
korean skin care order,0,1,0.0000,58.00
korean skin care routine order,0,2,0.0000,59.00
korean skin tone name,0,2,0.0000,1.00
korean skincare,0,1,0.0000,1.00
korean skincare order,0,1,0.0000,55.00
korean skincare routine men,0,1,0.0000,35.00
korean skincare routine order,0,1,0.0000,63.00
korean sky,0,6,0.0000,9.17
korean sky universities,0,241,0.0000,6.14
korean small dishes name,0,1,0.0000,38.00
korean small plates,0,2,0.0000,39.00
korean snack fish,0,1,0.0000,13.00
korean snack 노가리 english name,0,1,0.0000,5.00
korean soda milkis,0,1,0.0000,10.00
korean soju culture,0,1,0.0000,13.00
korean soju etiquette,0,2,0.0000,9.00
korean somaek,0,2,0.0000,31.00
korean souvenir,0,3,0.0000,34.00
korean souvenirs,0,12,0.0000,40.83
korean spa etiquette,0,1,0.0000,12.00
korean spa katy,0,1,0.0000,3.00
korean spa near me,0,1,0.0000,5.00
korean spam gift,0,1,0.0000,6.00
korean spam gift box,0,10,0.0000,4.60
korean spam gift set,0,13,0.0000,6.00
korean spice levels,0,2,0.0000,5.50
korean spicy noodles scoville,0,2,0.0000,13.00
korean spitz,0,2,0.0000,53.50
korean spoon,0,1,0.0000,9.00
korean sprite,0,1,0.0000,2.00
korean squid peanut snack,0,1,0.0000,30.00
korean ssam,0,1,0.0000,34.00
korean ssamjang,0,1,0.0000,50.00
korean standard chain buyer,0,1,0.0000,88.00
korean staple foods,0,1,0.0000,2.00
korean starter pack,0,3,0.0000,20.67
korean stationery store artbox,0,1,0.0000,20.00
korean steam closet,0,59,0.0000,9.95
korean stock market outlook july 2026 semiconductor outlook,0,1,0.0000,6.00
korean street bar,0,2,0.0000,28.50
korean street food tent,0,10,0.0000,11.60
korean study cafe,0,1,0.0000,10.00
korean study room,0,1,0.0000,1.00
korean styler,0,3,0.0000,11.33
korean styler machine,0,2,0.0000,11.00
korean subway etiquette,0,7,0.0000,8.86
korean subway etiquette and customs,0,1,0.0000,7.00
korean subway food,0,52,0.0000,6.52
korean sunchips,0,2,0.0000,8.50
korean sunscreen,0,2,0.0000,2.00
korean sunscreen banned in us,0,10,0.0000,5.10
korean supermarket downtown,0,1,0.0000,55.00
korean superstition,0,3,0.0000,59.00
korean superstitions,0,13,0.0000,24.69
korean superstitions about death,0,1,0.0000,30.00
korean superstitious beliefs,0,3,0.0000,57.00
korean surname kim,0,1,0.0000,37.00
korean surnames,0,2,0.0000,3.50
korean sweet name,0,1,0.0000,1.00
korean sweets,0,1,0.0000,12.00
korean taboos,0,3,0.0000,29.33
korean temple food,0,8,0.0000,35.50
korean temple stay,0,1,0.0000,67.00
korean tent bar,0,18,0.0000,11.00
korean tent food,0,5,0.0000,11.00
korean tent restaurant,0,9,0.0000,20.33
korean term for foreigner,0,1,0.0000,11.00
korean term for uncle,0,1,0.0000,3.00
korean terrier,0,1,0.0000,32.00
korean thanksgiving day,0,1,0.0000,2.00
korean things to buy,0,1,0.0000,37.00
korean tinted sunscreen,0,1,0.0000,5.00
korean tips for outdoor enthusiasts,0,10,0.0000,2.00
korean toast sauce,0,2,0.0000,6.00
korean toilet,0,50,0.0000,21.08
korean toilet bidet,0,1,0.0000,33.00
korean toilet buttons,0,13,0.0000,11.31
korean toilet hidden,0,1,0.0000,17.00
korean toilet seat,0,1,0.0000,15.00
korean toilet system,0,4,0.0000,14.50
korean toilets,0,97,0.0000,11.69
korean toliet,0,1,0.0000,11.00
korean toons,0,3,0.0000,8.33
korean top university,0,2,0.0000,3.00
korean top wholesale market,0,1,0.0000,1.00
korean topokki,0,1,0.0000,3.00
korean tops for women,0,1,0.0000,5.00
korean tower seoul,0,1,0.0000,2.00
korean traditional breakfast,0,3,0.0000,53.67
korean traditional fireworks festival,0,1,0.0000,3.00
korean traditional market,0,2,0.0000,19.50
korean traditional percussion,0,1,0.0000,34.00
korean traditional sweet,0,2,0.0000,15.00
korean traditional toilet,0,5,0.0000,10.00
korean train etiquette,0,3,0.0000,7.67
korean translation,0,1,0.0000,2.00
korean trash can,0,3,0.0000,8.67
korean triangle kimbap,0,2,0.0000,42.00
korean trinkets,0,2,0.0000,34.00
korean trot concert,0,1,0.0000,1.00
korean trot meaning,0,12,0.0000,8.92
korean trot music,0,1,0.0000,11.00
korean two block haircut 2026,0,1,0.0000,9.00
korean two block perm,0,8,0.0000,8.50
korean typical breakfast,0,1,0.0000,11.00
korean umbrella,0,5,0.0000,21.60
korean umbrella stereotype,0,47,0.0000,5.00
korean uncle,0,2,0.0000,3.50
korean universities,0,12,0.0000,3.17
korean universities ranking,0,1,0.0000,9.00
korean university,0,4,0.0000,2.50
korean university ranking,0,1,0.0000,4.00
korean university rankings,0,1,0.0000,4.00
"korean university,universities & admissions,1500,74,local; navigational,0.62,/resources/top-universities-in-seoul",0,2,0.0000,77.00
korean urban myths,0,1,0.0000,1.00
korean version,0,1,0.0000,2.00
korean version of amazon,0,9,0.0000,17.56
korean version of manga,0,1,0.0000,12.00
korean village dog,0,4,0.0000,35.00
korean village dog breed,0,1,0.0000,37.00
korean vitamin c drink,0,12,0.0000,8.42
korean vitamin drink,0,14,0.0000,7.14
korean vitamin drinks,0,1,0.0000,6.00
korean vocabulary words,0,1,0.0000,6.00
korean washrooms,0,5,0.0000,10.00
korean waterbomb,0,1,0.0000,11.00
korean web,0,1,0.0000,44.00
korean web comics,0,4,0.0000,17.25
korean web manhwa,0,1,0.0000,14.00
korean web search engine,0,2,0.0000,48.50
korean web toon,0,2,0.0000,8.00
korean webcomic,0,2,0.0000,14.50
korean webcomics,0,2,0.0000,13.00
korean website,0,1,0.0000,48.00
korean websites,0,6,0.0000,52.83
korean webtoo,0,1,0.0000,8.00
korean webtoom,0,1,0.0000,9.00
korean webtoon app,0,3,0.0000,13.00
korean webtoon english,0,2,0.0000,6.00
korean webtoon manhwa,0,3,0.0000,7.00
korean webtoon name,0,1,0.0000,9.00
korean webtoon platforms,0,1,0.0000,34.00
korean webtoon series,0,10,0.0000,13.60
korean webtoons in english,0,1,0.0000,11.00
korean wedding dress code,0,1,0.0000,11.00
korean wedding games,0,1,0.0000,11.00
korean wedding reception,0,1,0.0000,29.00
korean wedding rules,0,2,0.0000,23.50
korean whale snack,0,3,0.0000,5.33
korean wild dog,0,1,0.0000,28.00
korean won to cad,0,1,0.0000,2.00
korean wonyoung,0,2,0.0000,12.50
korean word ahjussi meaning in english,0,62,0.0000,4.29
korean word for grandfather,0,1,0.0000,2.00
korean word for old lady,0,1,0.0000,3.00
korean word for old man,0,7,0.0000,10.43
korean word for older man,0,17,0.0000,9.71
korean word for sir,0,2,0.0000,2.00
korean word for uncle,0,12,0.0000,2.08
korean word jeong,0,3,0.0000,36.67
korean word jung,0,1,0.0000,43.00
korean word jung meaning,0,1,0.0000,31.00
korean words of endearment,0,1,0.0000,2.00
korean yakgwa,0,1,0.0000,21.00
korean yakgwa cookie,0,1,0.0000,32.00
korean years,0,2,0.0000,26.00
korean yugwa,0,1,0.0000,48.00
korean?,0,1,0.0000,4.00
koreandates,0,2,0.0000,3.00
koreanisch deutsch,0,1,0.0000,2.00
koreanischer jindo,0,1,0.0000,27.00
koreano,0,1,0.0000,5.00
koreans age,0,2,0.0000,20.50
koreans and blood type,0,7,0.0000,29.57
koreans and umbrellas,0,2,0.0000,11.00
koreans blood type,0,3,0.0000,27.00
koreans umbrella stereotype,0,11,0.0000,4.18
koreapost ems,0,4,0.0000,9.50
koreatome,0,2,0.0000,23.00
koreatown 24 hour spa,0,1,0.0000,8.00
koreańskie seriale 2026,0,2,0.0000,2.50
korejské seriály netflix 2026,0,1,0.0000,19.00
koren food,0,1,0.0000,3.00
koren webtoon,0,1,0.0000,6.00
kori university korea,0,1,0.0000,3.00
kosin university,0,1,0.0000,4.00
kospi 200 constituents weights samsung electronics sk hynix 2026,0,1,0.0000,5.00
kospi index weight samsung electronics sk hynix 2026,0,1,0.0000,11.00
kotex u pads,0,1,0.0000,3.00
kpop,0,1,0.0000,3.00
kpop birthday cafe,0,2,0.0000,18.50
kpop branding,0,1,0.0000,58.00
kpop concerts in seoul august 2026,0,1,0.0000,1.00
kpop demon hunters in korea,0,1,0.0000,23.00
kpop demon hunters seoul,0,1,0.0000,22.00
kpop demon hunters south korea,0,1,0.0000,26.00
kpop group ai,0,1,0.0000,3.00
kpop idol wonyoung,0,20,0.0000,13.05
kpop idols wonyoung,0,2,0.0000,12.50
kpop mc,0,1,0.0000,2.00
kpop merch meaning,0,2,0.0000,6.00
kpop training program,0,1,0.0000,45.00
kpop virtual group,0,1,0.0000,33.00
kpop virtual groups,0,2,0.0000,40.00
kpop vtuber group,0,4,0.0000,10.75
kpop waterbomb outfits,0,5,0.0000,9.00
kpop wonyoung,0,1,0.0000,2.00
kr ems,0,1,0.0000,36.00
kr pc bang ranking,0,3,0.0000,34.67
kss3 submarine,0,1,0.0000,4.00
ktx,0,1,0.0000,8.00
ktx vs srt,0,1,0.0000,9.00
ktxとsrtの違い,0,1,0.0000,3.00
kultura picia,0,1,0.0000,5.00
kupong korea,0,2,0.0000,44.50
kyeopta,0,1,0.0000,35.00
kyllä,0,2,0.0000,6.00
kyobo hottracks seoul,0,2,0.0000,4.50
kyochon vs bhc,0,11,0.0000,8.45
kyochon vs bonchon,0,3,0.0000,24.00
kyonggi university,0,1,0.0000,3.00
kyung hee university,0,2,0.0000,3.00
kyung hee university acceptance rate,0,1,0.0000,3.00
kyung hee university qs ranking,0,1,0.0000,3.00
kyungbock high school,0,2,0.0000,3.00
kyungdong navien,0,3,0.0000,8.33
kyungdong university,0,2,0.0000,3.00
kyunggi girls high school,0,2,0.0000,8.50
kyunggi girls' high school,0,1,0.0000,10.00
kyunggi high school,0,91,0.0000,9.95
kyunggi high school seoul,0,1,0.0000,8.00
kyunghee uni,0,1,0.0000,3.00
kyunghee university,0,1,0.0000,3.00
képeket kérek,0,1,0.0000,2.00
la belleza de gangnam,0,1,0.0000,8.00
la luz que aun nos guia,0,1,0.0000,4.00
la prima,0,1,0.0000,10.00
lang line,0,1,0.0000,1.00
las mejores series coreanas 2026,0,3,0.0000,2.67
las universidades,0,1,0.0000,1.00
last name ideas korean,0,1,0.0000,2.00
last name kim,0,3,0.0000,24.00
last name kim nationality,0,2,0.0000,11.00
last name kim origin,0,1,0.0000,11.00
last names,0,1,0.0000,1.00
latest 2026,0,1,0.0000,1.00
latest hit kdrama 2026,0,1,0.0000,3.00
latest k-drama 2026 must watch,0,1,0.0000,19.00
latest korean drama 2026,0,1,0.0000,2.00
latest korean drama 2026 on netflix,0,1,0.0000,12.00
latest korean romantic dramas 2025 2026,0,1,0.0000,19.00
latest popular korean dramas 2026,0,1,0.0000,15.00
latter,0,1,0.0000,6.00
laugh and clap,0,1,0.0000,19.00
laugh clap,0,1,0.0000,14.00
laugh in korea,0,3,0.0000,25.33
laughing and clapping,0,2,0.0000,13.50
laughing in korea,0,2,0.0000,23.00
laundromat,0,1,0.0000,2.00
laundromat in korean,0,1,0.0000,2.00
laundromat korea,0,1,0.0000,9.00
laundromat near me,0,3,0.0000,2.33
laundromat seoul,0,4,0.0000,13.75
laundry in korea,0,11,0.0000,11.82
laundry in seoul,0,1,0.0000,24.00
laundry korea,0,2,0.0000,12.00
laundry mat near me,0,1,0.0000,2.00
laundry near me,0,2,0.0000,3.00
laundry schedule,0,1,0.0000,7.00
laundry seoul,0,2,0.0000,38.50
lawan kata ahjussi,0,2,0.0000,11.00
layover at incheon airport,0,1,0.0000,40.00
layover in incheon,0,3,0.0000,21.33
layover in incheon airport,0,7,0.0000,25.71
layover in korea,0,1,0.0000,20.00
layover in seoul,0,7,0.0000,34.29
layover in seoul airport,0,1,0.0000,31.00
layover incheon airport,0,1,0.0000,9.00
layover seoul,0,2,0.0000,27.50
layover+acute,0,1,0.0000,5.00
layover+baking,0,1,0.0000,5.00
layover+banana,0,1,0.0000,5.00
lck arena,0,7,0.0000,10.86
lck arena crowd,0,1,0.0000,6.00
lck arena seoul,0,4,0.0000,9.75
lck esports arena,0,1,0.0000,9.00
lck lol park,0,3,0.0000,8.00
lck lol park seoul,0,2,0.0000,6.00
lck park,0,7,0.0000,7.29
lck stadium,0,3,0.0000,9.33
lck tickets,0,1,0.0000,8.00
lck tickets lol park,0,8,0.0000,8.00
lck venue,0,4,0.0000,7.75
lck 경기장,0,1,0.0000,9.00
league of legends park,0,8,0.0000,12.50
league of legends park seoul,0,10,0.0000,11.80
league of legends pc bang share korea 2026,0,16,0.0000,8.94
league of legends seoul,0,2,0.0000,11.50
leagueoflegends+parking,0,1,0.0000,1.00
lee dong min,0,1,0.0000,3.00
lee jae myung,0,1,0.0000,4.00
lee jang-won,0,1,0.0000,4.00
lee jun-seok win vote south,0,7,0.0000,9.29
lee min ho wiretap,0,4,0.0000,51.50
legal adult age in korea,0,2,0.0000,35.50
legal adult age in south korea,0,1,0.0000,20.00
legal adult age korea,0,1,0.0000,41.00
legal age in korea,0,50,0.0000,20.00
legal age in south korea,0,1,0.0000,24.00
legal age korea,0,7,0.0000,30.29
legal age of korea,0,1,0.0000,24.00
legal korean age,0,5,0.0000,18.60
lg styler,0,1,0.0000,12.00
lid top,0,1,0.0000,2.00
life in seoul,0,9,0.0000,35.33
life in seoul korea,0,3,0.0000,32.00
life in seoul south korea,0,3,0.0000,45.33
life is a soup and i am a fork meaning,0,1,0.0000,56.00
like what country?,0,1,0.0000,7.00
like wonyoung,0,1,0.0000,14.00
lim ji yeon movies and tv shows,0,1,0.0000,4.00
list drakor 2026,0,3,0.0000,6.00
list drama korea 2026,0,2,0.0000,3.50
list of girls high schools in seoul,0,1,0.0000,10.00
list of girls high schools in seoul korea,0,1,0.0000,7.00
list of girls' high schools in seoul,0,2,0.0000,8.00
list of girls' high schools in seoul with founding year,0,1,0.0000,6.00
list of high schools in seoul girls,0,1,0.0000,8.00
list of medications banned in south korea,0,1,0.0000,3.00
list of political parties in south korea,0,6,0.0000,7.50
list the best affordable korean moisturisers with spf available in the uk and compare coverage and finish?,0,1,0.0000,11.00
literati purge,0,2,0.0000,69.50
literati purge korea,0,1,0.0000,73.00
literati purges,0,1,0.0000,68.00
live in seoul,0,4,0.0000,36.50
living in seoul,0,8,0.0000,24.75
living in seoul as an expat,0,1,0.0000,57.00
living in seoul korea,0,4,0.0000,27.50
living in seoul south korea,0,2,0.0000,38.00
liz ive,0,1,0.0000,4.00
lntern haenyeo,0,1,0.0000,18.00
local,0,1,0.0000,11.00
local weekend events,0,1,0.0000,1.00
lol arena seoul,0,2,0.0000,10.00
lol park,0,50,0.0000,11.40
lol park - lck arena,0,3,0.0000,9.33
lol park address,0,1,0.0000,24.00
lol park arena,0,1,0.0000,17.00
lol park capacity,0,36,0.0000,5.78
lol park corée,0,2,0.0000,9.00
lol park entrance,0,2,0.0000,27.00
lol park events,0,3,0.0000,1.67
lol park hours,0,1,0.0000,11.00
lol park korea,0,16,0.0000,8.56
lol park lck,0,2,0.0000,10.00
lol park lck arena,0,3,0.0000,11.67
lol park location,0,1,0.0000,8.00
lol park opening hours,0,14,0.0000,9.43
lol park pc bang,0,23,0.0000,6.87
lol park reviews,0,1,0.0000,11.00
lol park seoul,0,63,0.0000,10.90
lol park seoul entrance,0,4,0.0000,6.00
lol park seoul opening hours,0,1,0.0000,15.00
lol park seoul tickets,0,30,0.0000,8.47
lol park seul,0,4,0.0000,10.00
lol park south korea,0,2,0.0000,18.50
lol park ticket,0,2,0.0000,16.50
lol park tickets,0,84,0.0000,8.79
lol q address,0,2,0.0000,5.50
lola in korean,0,1,0.0000,3.00
lolo in korean,0,2,0.0000,3.00
lolpark,0,43,0.0000,10.51
lolpark korea,0,9,0.0000,8.00
lolpark tickets,0,4,0.0000,7.25
long layover at incheon airport,0,2,0.0000,29.00
long layover in incheon,0,2,0.0000,29.00
longest korean surname,0,1,0.0000,11.00
lookism culture,0,3,0.0000,7.00
lookism in korea,0,36,0.0000,9.56
lookism in south korea,0,9,0.0000,9.67
lookism korea,0,3,0.0000,7.33
lookism meaning,0,1,0.0000,2.00
lookism real life,0,1,0.0000,1.00
lookism south korea,0,9,0.0000,9.33
loreal cushion foundation,0,1,0.0000,6.00
loreal cushion foundation shades,0,1,0.0000,4.00
los mayores,0,1,0.0000,8.00
los mejores k dramas 2026,0,4,0.0000,1.50
lost and found korea,0,3,0.0000,16.33
lotte chilsung beverage,0,1,0.0000,5.00
lotte chilsung cider,0,2,0.0000,2.50
lotte ice cup,0,6,0.0000,11.17
lotte milkis,0,1,0.0000,3.00
lotte plaza market - richmond photos,0,1,0.0000,4.00
lotte tower,0,1,0.0000,3.00
lotte tower seoul,0,1,0.0000,4.00
lotte tower seoul sky,0,1,0.0000,3.00
lotte tower vs namsan tower,0,5,0.0000,12.00
lotte tower vs seoul tower,0,4,0.0000,10.75
lotte world tower,0,1,0.0000,4.00
lotte world tower or n seoul tower,0,1,0.0000,10.00
lotte world tower vs n seoul tower,0,20,0.0000,8.30
loukoumades,0,1,0.0000,3.00
love,0,1,0.0000,4.00
love island korean show,0,4,0.0000,10.00
love late at night korean drama 2026,0,2,0.0000,8.50
love late at night korean drama 2026 release date,0,1,0.0000,7.00
love lock,0,1,0.0000,3.00
love your enemy 2026,0,1,0.0000,3.00
luggage locker,0,1,0.0000,36.00
luggage q seoul station,0,1,0.0000,10.00
maangchi banchan,0,1,0.0000,34.00
macau street trash bins scarce tourists,0,1,0.0000,2.00
made in,0,1,0.0000,24.00
maegju,0,2,0.0000,33.00
maekju,0,8,0.0000,43.75
maekju beer,0,2,0.0000,21.50
maekju korean,0,3,0.0000,33.33
maekju meaning,0,1,0.0000,55.00
main political parties in south korea,0,13,0.0000,10.92
maioridade na coreia do sul,0,1,0.0000,7.00
major data breach,0,1,0.0000,13.00
major financial market breaking news july 4 2026 -site:youtube.com -site:youtu.be -site:instagram.com -site:tiktok.com -site:facebook.com -site:reddit.com -site:threads.net,0,1,0.0000,8.00
major political parties in south korea,0,7,0.0000,15.71
majors in seoul national university,0,1,0.0000,3.00
mak cik in korean,0,1,0.0000,1.00
mak geol li,0,1,0.0000,6.00
makanan apa,0,1,0.0000,3.00
makegoli,0,1,0.0000,3.00
makeup,0,1,0.0000,6.00
makgeoli,0,3,0.0000,3.00
makgeolli,0,28,0.0000,3.39
makgeolli and pajeon,0,7,0.0000,8.71
makgeolli and soju,0,1,0.0000,55.00
makgeolli health benefits,0,1,0.0000,2.00
makgeolli in chinese,0,1,0.0000,3.00
makgeolli in india,0,1,0.0000,3.00
makgeolli vs soju,0,34,0.0000,20.74
makgeolli with pajeon,0,1,0.0000,1.00
makgroli,0,1,0.0000,3.00
makguksu vs naengmyeon,0,4,0.0000,23.25
makkoli drink,0,1,0.0000,3.00
maksud ahjussi,0,217,0.0000,6.63
male version of ajumma,0,1,0.0000,2.00
maman en coréen,0,1,0.0000,2.00
man in korea,0,1,0.0000,1.00
mandeu,0,1,0.0000,3.00
manga in korean,0,2,0.0000,10.00
manga korea,0,1,0.0000,12.00
mangnidan-gil,0,22,0.0000,9.82
mangwon dong,0,2,0.0000,35.00
mangwon korea,0,2,0.0000,32.50
mangwon market,0,12,0.0000,54.83
mangwon market location,0,1,0.0000,65.00
mangwon market seoul,0,2,0.0000,57.00
mangwon seoul,0,1,0.0000,55.00
mangwon-dong,0,1,0.0000,29.00
mangwondong,0,1,0.0000,13.00
manhattan train inurl:reel,0,1,0.0000,25.00
manhwa guide,0,2,0.0000,16.50
manhwa guide.com,0,1,0.0000,10.00
manhwa i didnt sign up for this,0,1,0.0000,4.00
manhwa in korean,0,12,0.0000,10.08
manhwa is korean,0,7,0.0000,9.71
manhwa korea,0,1,0.0000,10.00
manhwa korean,0,6,0.0000,9.33
manhwa naver,0,1,0.0000,7.00
manhwa netflix,0,2,0.0000,10.00
manhwa online,0,1,0.0000,4.00
manhwa raw,0,11,0.0000,4.73
manhwa raw com,0,1,0.0000,2.00
manhwa reading direction,0,1,0.0000,8.00
manhwa sit,0,1,0.0000,89.00
manhwa streaming,0,1,0.0000,83.00
manhwa submission,0,1,0.0000,2.00
manhwa vs webtoon,0,1,0.0000,12.00
manhwa web,0,2,0.0000,5.00
manhwa webtoon,0,6,0.0000,29.83
manhwa-raw,0,1,0.0000,5.00
manhwaraw,0,2,0.0000,5.00
manjoo corn,0,60,0.0000,5.42
manjoo food,0,55,0.0000,9.62
manjoo korean,0,51,0.0000,6.98
manjoo korean food,0,78,0.0000,5.65
manjoo near me,0,1,0.0000,1.00
manjoos,0,3,0.0000,8.67
manjou,0,1,0.0000,1.00
manju korea,0,2,0.0000,21.00
manju korean,0,2,0.0000,1.00
manwha raw,0,1,0.0000,5.00
manzili qayerda,0,1,0.0000,2.00
mapkakao,0,1,0.0000,10.00
mapo ok,0,3,0.0000,37.33
marca medicube recensioni,0,1,0.0000,3.00
marché de namdaemun,0,2,0.0000,2.50
market crash flash crash circuit breaker,0,4,0.0000,8.00
mas opciones,0,1,0.0000,5.00
massage chair korean brand,0,2,0.0000,9.00
massage in seoul,0,1,0.0000,2.00
massage in seoul korea,0,1,0.0000,2.00
master ha korean restaurant menu,0,1,0.0000,10.00
mat dong san,0,3,0.0000,8.33
matdongsan,0,17,0.0000,6.59
matdongsan korean snack,0,6,0.0000,6.83
matdongsan snack,0,1,0.0000,4.00
maternal grandmother in korean,0,1,0.0000,3.00
mauuu,0,1,0.0000,2.00
mave,0,7,0.0000,2.71
mave eternity,0,2,0.0000,10.00
mave fandom name,0,1,0.0000,3.00
mave kpop,0,3,0.0000,3.00
mave kpop disband,0,1,0.0000,3.00
mave kpop group,0,1,0.0000,3.00
mave members age,0,1,0.0000,4.00
mave:,0,3,0.0000,2.67
maver webtoon,0,1,0.0000,5.00
mbti blood type,0,1,0.0000,2.00
mc in korea,0,7,0.0000,5.43
mc korea,0,5,0.0000,7.00
mc korea terkenal,0,1,0.0000,1.00
mc meaning in kpop,0,1,0.0000,3.00
mc yoo,0,4,0.0000,11.00
me las muestras,0,1,0.0000,1.00
meal,0,1,0.0000,2.00
mean occupation,0,1,0.0000,1.00
meaning of ahjumma,0,11,0.0000,6.00
meaning of ahjussi,0,287,0.0000,4.31
meaning of ahjussi in english,0,20,0.0000,3.75
meaning of ahjussi in korean,0,241,0.0000,3.84
meaning of ajuma,0,3,0.0000,10.67
meaning of ajumma,0,28,0.0000,6.93
meaning of ajumma in korean,0,13,0.0000,9.77
meaning of cyber cafe,0,1,0.0000,2.00
meaning of hyung,0,1,0.0000,2.00
meaning of hyung in korean,0,1,0.0000,2.00
meaning of jeong,0,1,0.0000,51.00
meaning of webtoon,0,4,0.0000,11.00
meaning slang,0,1,0.0000,2.00
medical device distributors in korea,0,2,0.0000,51.00
medical device market access in korea,0,2,0.0000,80.50
medicube,0,6,0.0000,3.83
medicube che marca è,0,3,0.0000,2.00
medicube k beauty tech,0,4,0.0000,6.00
medicube korean skincare brand official about apr corporation,0,1,0.0000,10.00
medicube lawsuit 2026,0,1,0.0000,10.00
medicube marketing,0,1,0.0000,57.00
medicube marketing strategy,0,1,0.0000,42.00
medicube mediheal,0,1,0.0000,3.00
medicube owned by,0,3,0.0000,8.00
medicube parent company,0,3,0.0000,11.00
medicube parent company manufacturer and supplier information,0,1,0.0000,9.00
medicube recensioni,0,3,0.0000,2.00
medicube recensioni negative,0,1,0.0000,3.00
medicube recensioni prodotti,0,1,0.0000,2.00
medicube revenue,0,17,0.0000,8.24
medicube valuation,0,2,0.0000,7.50
medicube zero pore recensioni,0,1,0.0000,2.00
medicubr,0,1,0.0000,4.00
meilleur drama 2026,0,1,0.0000,6.00
meilleur drama coréen 2026,0,1,0.0000,3.00
meilleures séries coréennes netflix 2026,0,1,0.0000,2.00
mejor kdrama 2026,0,2,0.0000,2.00
mejor serie coreana 2026,0,4,0.0000,1.50
mejores doramas 2026,0,1,0.0000,4.00
mejores dramas coreanos 2026,0,1,0.0000,3.00
mejores k dramas en netflix 2026,0,1,0.0000,3.00
mejores kdrama 2026,0,2,0.0000,1.00
mejores kdramas del 2026,0,2,0.0000,2.00
mejores series coreanas 2026,0,17,0.0000,2.29
mejores series coreanas en netflix 2026,0,1,0.0000,3.00
mejores series coreanas netflix 2026,0,2,0.0000,5.00
mellan seoul och pusan,0,4,0.0000,35.00
melyik az olcsóbb?,0,1,0.0000,3.00
meongdong,0,1,0.0000,10.00
mercedes,0,2,0.0000,3.50
mercedes benz south korea,0,1,0.0000,3.00
mercedes in korea,0,2,0.0000,7.00
mercedes-benz south korea,0,1,0.0000,6.00
merch,0,1,0.0000,6.00
merch in korean,0,19,0.0000,9.84
merchandise in korean,0,1,0.0000,13.00
merci en coréen,0,1,0.0000,2.00
mess me up ahjussi,0,1,0.0000,4.00
mess me up ajusshi,0,3,0.0000,2.33
metal workshop,0,1,0.0000,5.00
metch,0,1,0.0000,4.00
mi puoi far vedere delle foto,0,1,0.0000,32.00
middle age man in korean,0,29,0.0000,9.21
middle aged man in korean,0,107,0.0000,9.05
middle aged woman in korean,0,3,0.0000,7.67
mil tteok vs ssal tteok,0,3,0.0000,1.00
mil tteok vs ssal tteok vs garaetteok,0,8,0.0000,8.75
military sdt meaning,0,1,0.0000,19.00
military service status,0,1,0.0000,11.00
military service timeline,0,1,0.0000,1.00
military status,0,1,0.0000,18.00
militär,0,1,0.0000,9.00
milk my strawberries,0,1,0.0000,3.00
milk soda korean drink,0,2,0.0000,7.00
milk?,0,1,0.0000,11.00
milkies drink,0,2,0.0000,2.00
milkis,0,48,0.0000,2.60
milkis alcohol,0,23,0.0000,7.13
milkis best flavor,0,11,0.0000,11.18
milkis calpis,0,7,0.0000,7.57
milkis cream soda,0,1,0.0000,3.00
milkis drink,0,8,0.0000,3.00
milkis drink korean,0,2,0.0000,39.00
milkis flavor,0,1,0.0000,37.00
milkis flavors,0,21,0.0000,12.62
milkis flavors ranked,0,6,0.0000,9.83
milkis flavours,0,22,0.0000,9.23
milkis hello kitty,0,1,0.0000,3.00
milkis in korean,0,1,0.0000,12.00
milkis is a combination of,0,1,0.0000,9.00
milkis korean,0,1,0.0000,20.00
milkis korean drink,0,4,0.0000,12.25
milkis recipe,0,1,0.0000,5.00
milkis soda korea,0,1,0.0000,11.00
milkis taste,0,1,0.0000,37.00
milkis taste like,0,1,0.0000,8.00
milkis vodka,0,1,0.0000,3.00
milkis vs calpico,0,9,0.0000,7.78
milkis vs calpis,0,105,0.0000,6.74
milkis what is it,0,2,0.0000,9.50
milkus,0,1,0.0000,2.00
milkya vs milkis,0,7,0.0000,8.43
mimi myeonga,0,1,0.0000,29.00
mimiline myeongdong,0,1,0.0000,3.00
mindeu meaning,0,1,0.0000,48.00
mindkettő,0,1,0.0000,3.00
miryang park clan,0,3,0.0000,3.00
miso paste vs doenjang,0,1,0.0000,55.00
miss in korean,0,1,0.0000,2.00
mister,0,1,0.0000,2.00
mister in korean,0,37,0.0000,2.11
miu miu ambassador wonyoung,0,1,0.0000,3.00
mixsoon flagship store myeongdong,0,1,0.0000,32.00
mixsoon sunscreen,0,1,0.0000,2.00
miyeok guk benefits,0,3,0.0000,45.67
mksd,0,1,0.0000,3.00
mlb near me,0,1,0.0000,7.00
modern changes,0,1,0.0000,3.00
modern korean breakfast,0,9,0.0000,7.33
mohot lukor bani in hindi,0,1,0.0000,43.00
mokwon university world ranking,0,1,0.0000,2.00
monami,0,1,0.0000,6.00
monami biro,0,1,0.0000,1.00
monami pen,0,2,0.0000,3.00
monandol korean meaning,0,2,0.0000,1.00
monjoo,0,1,0.0000,1.00
monsieur en coréen,0,3,0.0000,2.00
monthly estimate,0,1,0.0000,1.00
more,0,8,0.0000,10.25
more about bts,0,1,0.0000,7.00
more authentic,0,1,0.0000,2.00
more games,0,1,0.0000,1.00
more ideas,0,1,0.0000,6.00
moreeee,0,1,0.0000,3.00
morning korean breakfast dishes,0,1,0.0000,39.00
morse tan,0,1,0.0000,6.00
mos korea,0,1,0.0000,2.00
mosquito,0,1,0.0000,2.00
mosquito in korea,0,6,0.0000,14.33
mosquito korea,0,2,0.0000,20.00
mosquito korea summer,0,1,0.0000,10.00
mosquito repellent korea,0,2,0.0000,9.00
mosquitoes in korea,0,13,0.0000,11.85
mosquitoes in seoul,0,5,0.0000,6.80
mosquitoes in south korea,0,8,0.0000,14.75
mosquitoes korea,0,2,0.0000,18.50
mosquitos in korea,0,2,0.0000,9.00
mosquitos in seoul,0,4,0.0000,15.25
most common blood type in korea,0,2,0.0000,69.50
most common blood type korea,0,1,0.0000,70.00
most common convenience store in korea,0,1,0.0000,86.00
most common job in south korea,0,2,0.0000,53.00
most common jobs in south korea,0,3,0.0000,52.67
most common korean last names,0,1,0.0000,3.00
most common korean surnames,0,1,0.0000,4.00
most famous university in korea,0,1,0.0000,5.00
most garlic consuming country,0,3,0.0000,19.00
most handsome,0,1,0.0000,1.00
most handsome man in the world cha eun woo,0,3,0.0000,11.00
most influential koreans,0,1,0.0000,25.00
most kdrama watch 2026,0,1,0.0000,2.00
most popular beer in south korea,0,1,0.0000,7.00
most popular drink in korea,0,1,0.0000,7.00
most popular games in korean pc bangs 2026,0,5,0.0000,10.00
most popular jobs in south korea,0,5,0.0000,35.60
most popular k-dramas right now 2026,0,1,0.0000,18.00
most popular korean drama right now 2026,0,1,0.0000,11.00
most popular korean dramas 2025 2026,0,1,0.0000,17.00
most popular korean dramas 2026,0,5,0.0000,19.80
most popular korean surnames,0,1,0.0000,7.00
most popular pc games in korea 2026 pc bang,0,3,0.0000,16.33
most popular pc games in korean pc bangs 2026,0,4,0.0000,10.50
most popular university in south korea,0,1,0.0000,4.00
most powerful clan in korea,0,4,0.0000,10.00
most prestigious high school in korea,0,1,0.0000,1.00
most prestigious korean university,0,1,0.0000,11.00
most prestigious university in south korea,0,1,0.0000,5.00
most respected jobs in korea,0,1,0.0000,16.00
most respected professions in south korea,0,2,0.0000,4.50
most spicy noodles in the world,0,1,0.0000,3.00
most viewed kdrama 2026,0,1,0.0000,3.00
mosu,0,5,0.0000,4.80
mosu ahn sung jae,0,1,0.0000,3.00
mosu chef,0,1,0.0000,3.00
mosu official website,0,2,0.0000,4.50
mosu owner,0,1,0.0000,48.00
mosu restaurant,0,12,0.0000,4.17
mosu restaurant seoul,0,2,0.0000,2.50
mosu san francisco,0,1,0.0000,3.00
mosu san francisco final service april 29 2017 moved to seoul,0,1,0.0000,10.00
mosu seoul,0,87,0.0000,2.68
mosu seoul michelin,0,2,0.0000,17.50
mosu seoul michelin stars,0,1,0.0000,33.00
mosu seoul photos,0,1,0.0000,1.00
movie korea 2026,0,2,0.0000,1.00
movie korea terbaru 2026,0,1,0.0000,1.00
movie star kairo meaning,0,1,0.0000,46.00
moving to seoul,0,1,0.0000,51.00
moze,0,1,0.0000,9.00
mr in korean language,0,22,0.0000,2.27
mr. in korean,0,6,0.0000,2.00
mr. trot producers,0,1,0.0000,11.00
msci korea index factsheet sector weights samsung sk hynix 2026,0,1,0.0000,7.00
mu ds,0,1,0.0000,15.00
mud festival,0,3,0.0000,5.00
mud festival 2026,0,2,0.0000,7.50
mud festival in korea,0,1,0.0000,27.00
mud festival korea 2026,0,45,0.0000,10.04
muhan university korea,0,1,0.0000,2.00
mul naengmyeon vs pyongyang naengmyeon,0,6,0.0000,18.17
mullae,0,1,0.0000,15.00
mullae artist village,0,1,0.0000,25.00
mullae arts village,0,2,0.0000,29.00
mullae dong,0,2,0.0000,38.00
mullae dong seoul,0,1,0.0000,47.00
mullae metal workshops,0,1,0.0000,7.00
mullae seoul,0,24,0.0000,11.88
mullaedong,0,1,0.0000,49.00
multiplayer,0,1,0.0000,3.00
musasin,0,1,0.0000,15.00
museum kimchi,0,2,0.0000,23.50
museum kimchikan,0,8,0.0000,22.00
museum kimchikan insadong,0,1,0.0000,10.00
museum kimchikan insadong hours admission fee 2025,0,1,0.0000,23.00
museum kimchikan official website,0,1,0.0000,11.00
music genre,0,1,0.0000,3.00
musins,0,1,0.0000,1.00
musinsa,0,9,0.0000,7.22
musinsa company,0,7,0.0000,10.29
musinsa company fashion platform official about,0,1,0.0000,4.00
musinsa company overview,0,1,0.0000,10.00
musinsa fashion platform korea,0,4,0.0000,10.00
musinsa fashion platform korean brands,0,1,0.0000,10.00
musinsa global,0,19,0.0000,12.68
musinsa homepage screenshot 2025 or 2026,0,1,0.0000,9.00
musinsa kor,0,5,0.0000,8.20
musinsa korea fashion platform,0,1,0.0000,9.00
musinsa korean fashion platform description,0,1,0.0000,9.00
musinsa meaning,0,2,0.0000,6.50
musinsa official about company fashion platform korea,0,1,0.0000,3.00
musinsa official about fashion platform,0,8,0.0000,4.38
musinsa official about fashion platform korea,0,1,0.0000,6.00
musinsa official about korea fashion platform,0,4,0.0000,6.25
musinsa official about korean fashion platform,0,1,0.0000,10.00
musinsa official company fashion platform about,0,1,0.0000,6.00
musinsa official company fashion platform about us,0,1,0.0000,10.00
musinsa official company fashion platform korea,0,14,0.0000,5.79
musinsa official company fashion platform south korea,0,3,0.0000,6.33
musinsa official fashion platform company korea,0,1,0.0000,8.00
musinsa official fashion platform korea,0,4,0.0000,6.50
musinsa official website homepage screenshot or description,0,1,0.0000,10.00
musinsa online fashion platform south korea,0,2,0.0000,9.00
musinsa philippines,0,3,0.0000,2.67
musinsa points,0,2,0.0000,16.50
musinsa south korean fashion platform company overview official,0,10,0.0000,6.10
musinsa south korean fashion retailer company overview official,0,1,0.0000,10.00
musinsa standard,0,4,0.0000,6.75
musinsa tax refund,0,2,0.0000,8.50
musinsa wikipedia,0,1,0.0000,15.00
musinsa.co,0,1,0.0000,37.00
must buy daiso korea,0,1,0.0000,7.00
must buy in south korea,0,1,0.0000,69.00
must buy products in korea,0,1,0.0000,30.00
must watch 2026 kdrama,0,1,0.0000,7.00
must watch k dramas 2026,0,4,0.0000,17.75
must watch kdrama 2026,0,8,0.0000,17.13
must watch korean drama 2026,0,9,0.0000,11.11
must watch korean series 2026,0,1,0.0000,11.00
mvs,0,1,0.0000,3.00
my bias my boss webtoon,0,1,0.0000,7.00
my liberation notes saison 2,0,1,0.0000,2.00
my sister in korean,0,1,0.0000,2.00
myeongdong,0,1,0.0000,6.00
myeongdong area,0,1,0.0000,3.00
myeongdong market opening hours,0,1,0.0000,3.00
myeongdong or dongdaemun,0,1,0.0000,3.00
myeongdong pc bang,0,1,0.0000,51.00
myeongdong sauna golden sauna reviews,0,1,0.0000,3.00
myeongdong street,0,1,0.0000,2.00
myeongdong to dongdaemun,0,1,0.0000,3.00
myongji uni,0,1,0.0000,4.00
myongji university,0,1,0.0000,2.00
myongji university ranking,0,1,0.0000,3.00
más imágenes,0,1,0.0000,2.00
n seoul tower,0,2,0.0000,12.50
n seoul tower and cable car,0,1,0.0000,36.00
n seoul tower cable car,0,2,0.0000,41.00
n seoul tower cable car hours,0,1,0.0000,62.00
n seoul tower cable car operating hours,0,2,0.0000,43.50
n seoul tower night,0,1,0.0000,36.00
n seoul tower observatory hours 2026,0,2,0.0000,9.50
n seoul tower observatory hours official 2026,0,1,0.0000,4.00
n seoul tower official hours cable car 2026,0,1,0.0000,10.00
n seoul tower official observatory hours 2026,0,1,0.0000,10.00
n seoul tower or lotte tower,0,8,0.0000,8.50
n seoul tower vs lotte tower,0,9,0.0000,8.89
n seoul tower vs lotte world tower,0,9,0.0000,10.78
n seoul tower vs seoul sky,0,10,0.0000,9.70
n tower cable car,0,1,0.0000,42.00
n tower seoul,0,1,0.0000,2.00
na in woo,0,1,0.0000,4.00
na kyung eun,0,1,0.0000,3.00
naengmyeon,0,1,0.0000,3.00
naengmyeon origin,0,2,0.0000,32.50
naengmyeon pyongyang,0,1,0.0000,15.00
naiven,0,1,0.0000,4.00
nakji meaning,0,1,0.0000,27.00
nam dae mun,0,4,0.0000,34.75
nam dae mun market,0,3,0.0000,29.67
nam dae mun meaning,0,4,0.0000,34.25
nam san tower,0,1,0.0000,52.00
nam won gol menu,0,1,0.0000,4.00
nama drakor terbaru 2026,0,1,0.0000,3.00
namdaemon market,0,2,0.0000,22.50
namdaemum market,0,1,0.0000,29.00
namdaemun,0,41,0.0000,31.17
namdaemun gate,0,1,0.0000,5.00
namdaemun korea,0,2,0.0000,37.50
namdaemun marke,0,1,0.0000,32.00
namdaemun market children's clothes,0,1,0.0000,2.00
namdaemun market food,0,1,0.0000,5.00
namdaemun market korea,0,1,0.0000,23.00
namdaemun market locations,0,2,0.0000,32.50
namdaemun market luggage,0,1,0.0000,10.00
namdaemun market or gwangjang market,0,2,0.0000,28.50
namdaemun market photos,0,1,0.0000,1.00
namdaemun market reviews,0,3,0.0000,2.33
namdaemun market seoul,0,4,0.0000,15.50
namdaemun market seoul south korea,0,2,0.0000,31.00
namdaemun market south korea,0,3,0.0000,24.67
namdaemun market souvenirs,0,1,0.0000,33.00
namdaemun market vs gwangjang market,0,2,0.0000,17.00
namdaemun market vs myeongdong market,0,1,0.0000,20.00
namdaemun market winter,0,1,0.0000,27.00
namdaemun market.,0,1,0.0000,39.00
namdaemun markets,0,3,0.0000,25.00
namdaemun night market,0,3,0.0000,3.33
namdaemun night market opening hours,0,1,0.0000,12.00
namdaemun seoul,0,2,0.0000,2.50
namdaemun shopping,0,6,0.0000,28.50
namdaemun sijang,0,4,0.0000,24.00
namdaemun south korea,0,1,0.0000,26.00
namdaemun traditional market,0,2,0.0000,19.50
namdaemun vs dongdaemun,0,101,0.0000,8.44
namdaemun vs gwangjang market,0,1,0.0000,25.00
namdamun market,0,1,0.0000,34.00
namdemun,0,1,0.0000,90.00
namdemun market,0,1,0.0000,28.00
name,0,1,0.0000,2.00
name for korean side dishes,0,3,0.0000,37.00
name meaning of kim,0,1,0.0000,2.00
namedaemun market,0,1,0.0000,31.00
names,0,1,0.0000,16.00
nami island autumn 2026,0,2,0.0000,10.50
nami island autumn foliage 2026,0,2,0.0000,9.50
nami island boat,0,1,0.0000,31.00
nami island ferry,0,4,0.0000,45.50
nami island official ferry hours 2026,0,2,0.0000,6.50
nami island with ferry ride,0,1,0.0000,46.00
nampo myeonok,0,2,0.0000,40.00
nampo restaurant,0,1,0.0000,30.00
namsam,0,1,0.0000,1.00
namsam cable car,0,1,0.0000,57.00
namsam tower,0,1,0.0000,51.00
namsan cable car,0,3,0.0000,28.33
namsan cable car hours,0,1,0.0000,37.00
namsan cable car hours 2026,0,1,0.0000,9.00
namsan elevator,0,1,0.0000,29.00
namsan park cable car,0,1,0.0000,39.00
namsan seoul tower cable car,0,1,0.0000,34.00
namsan tower,0,9,0.0000,53.33
namsan tower cable,0,1,0.0000,36.00
namsan tower cable car,0,3,0.0000,44.33
namsan tower cable car hours,0,2,0.0000,54.00
namsan tower cable car opening hours,0,2,0.0000,60.00
namsan tower elevator,0,1,0.0000,37.00
namsan tower night,0,1,0.0000,40.00
namsan tower seoul,0,1,0.0000,57.00
namsan tower vs lotte tower,0,4,0.0000,15.25
namsan tower vs n seoul tower,0,1,0.0000,26.00
namsang cable car,0,1,0.0000,3.00
nandaemun market,0,2,0.0000,33.00
nap zone incheon airport,0,2,0.0000,26.00
napa cabbage,0,2,0.0000,2.00
napa vs savoy cabbage,0,1,0.0000,2.00
nation's first love,0,1,0.0000,4.00
nation's first love meaning,0,11,0.0000,9.36
national dog of korea,0,4,0.0000,20.50
national mc of korea,0,12,0.0000,5.75
national museum korea gift shop,0,1,0.0000,7.00
national museum of korea gift shop,0,6,0.0000,11.67
national museum of korea goods,0,1,0.0000,35.00
national museum of korea souvenir shop,0,1,0.0000,11.00
national university,0,1,0.0000,3.00
native korean dogs,0,1,0.0000,44.00
navean,0,1,0.0000,62.00
naver korea webtoon,0,1,0.0000,5.00
naver korean webtoon,0,2,0.0000,8.00
naver manga,0,1,0.0000,6.00
naver manhwa,0,10,0.0000,11.40
naver manwha,0,1,0.0000,9.00
naver netflix,0,1,0.0000,8.00
naver series,0,1747,0.0000,4.96
naver vs webtoon,0,6,0.0000,8.00
naver webtoon,0,2123,0.0000,4.19
naver webtoon english,0,1,0.0000,4.00
naver webtoon in english,0,1,0.0000,3.00
naver webtoon korean,0,20,0.0000,7.30
naver webtoon meaning,0,28,0.0000,9.04
naver webtoon vs webtoon,0,24,0.0000,6.58
naver webtoons,0,2,0.0000,7.50
naver wentoon,0,1,0.0000,2.00
naver works 뉴스,0,1,0.0000,8.00
naverwebtoon,0,1,0.0000,3.00
navien,0,23,0.0000,13.30
navien boilers,0,1,0.0000,2.00
navien headquarters,0,1,0.0000,3.00
navien korea,0,1,0.0000,6.00
navien ncb 300,0,1,0.0000,3.00
navien wiki,0,7,0.0000,10.14
naviens,0,1,0.0000,29.00
navor webtoon,0,1,0.0000,4.00
ndio,0,1,0.0000,6.00
nebtoon,0,1,0.0000,51.00
nedir,0,1,0.0000,3.00
nee chagiya artinya,0,1,0.0000,63.00
nenek in korea,0,2,0.0000,3.00
neoguri meaning,0,1,0.0000,28.00
neoguri raccoon,0,1,0.0000,20.00
neoguri ramen,0,3,0.0000,10.00
neoguri ramen cancer,0,1,0.0000,1.00
netflix 2026 k drama,0,1,0.0000,3.00
netflix 2026 kdrama,0,2,0.0000,4.00
netflix 2026 korea,0,1,0.0000,10.00
netflix 2026 korean dramas,0,1,0.0000,17.00
netflix 2026 korean series,0,2,0.0000,12.00
netflix drakor 2026,0,2,0.0000,1.00
netflix dramas coreanos 2026,0,1,0.0000,1.00
netflix k drama 2026,0,1,0.0000,6.00
netflix k dramas 2026 trending,0,1,0.0000,4.00
netflix k-dramas 2026 trending why,0,1,0.0000,27.00
netflix kdrama 2026,0,10,0.0000,11.90
netflix kdramas 2026,0,3,0.0000,13.33
netflix korea 2026,0,1,0.0000,21.00
netflix korea 2026 recommend,0,9,0.0000,10.11
netflix korean drama 2026,0,12,0.0000,9.92
netflix korean dramas official 2026,0,4,0.0000,8.50
netflix korean series 2026,0,6,0.0000,19.00
netflix korean tv series 2026,0,1,0.0000,14.00
netflix korean webtoon,0,7,0.0000,9.57
netflix koreanische serien 2026,0,3,0.0000,3.33
netflix manhwa,0,5,0.0000,12.00
netflix neue koreanische serien 2026,0,2,0.0000,3.00
netflix new korean dramas 2026,0,1,0.0000,20.00
netflix recommendation 2026 kdrama,0,1,0.0000,17.00
netflix recommendation 2026 korean,0,1,0.0000,9.00
netflix serie coreana 2026,0,5,0.0000,1.60
netflix series coreanas 2026,0,2,0.0000,1.00
netflix series korea 2026,0,1,0.0000,1.00
netflix webtoon,0,4,0.0000,16.25
netflix webtoon adaptations,0,16,0.0000,8.44
netflix webtoon shows,0,3,0.0000,11.33
neue kdrama 2026,0,1,0.0000,1.00
neue koreanische serien 2026,0,2,0.0000,3.00
neue koreanische serien netflix 2026,0,1,0.0000,5.00
never tried it before,0,1,0.0000,2.00
never webtoon,0,2,0.0000,4.50
new,0,1,0.0000,17.00
new k dramas 2026 in netflix,0,2,0.0000,14.50
new k-dramas on netflix 2026,0,1,0.0000,17.00
new kdrama 2026,0,1,0.0000,3.00
new kdrama 2026 netflix,0,1,0.0000,3.00
new kdrama comedy 2026,0,1,0.0000,3.00
new kdrama in netflix 2026,0,1,0.0000,3.00
new kdrama netflix 2026,0,1,0.0000,5.00
new kdrama on netflix 2026,0,1,0.0000,22.00
new kdramas in netflix 2026,0,2,0.0000,3.00
new kdramas to watch 2026,0,1,0.0000,3.00
new korean drama 2026,0,2,0.0000,3.00
new korean drama 2026 netflix list,0,1,0.0000,4.00
new korean drama 2026 on netflix,0,1,0.0000,14.00
new korean drama on netflix 2026,0,1,0.0000,34.00
new korean dramas on netflix 2026,0,2,0.0000,18.50
new korean series 2026 netflix,0,1,0.0000,3.00
new lasema spa jjimjilbang,0,1,0.0000,6.00
new love kdrama,0,1,0.0000,1.00
new netflix kdrama 2026,0,1,0.0000,2.00
new thriller k dramas 2026,0,1,0.0000,3.00
ngày bn,0,1,0.0000,2.00
nieee,0,1,0.0000,2.00
nieuwe koreaanse serie netflix 2026,0,2,0.0000,3.00
night market seoul,0,9,0.0000,2.78
night markets in seoul,0,1,0.0000,3.00
night markets seoul,0,1,0.0000,2.00
night running seoul,0,1,0.0000,6.00
nightlife,0,1,0.0000,3.00
no 1 university in south korea,0,2,0.0000,2.50
no bidet toilet,0,1,0.0000,3.00
no bts,0,1,0.0000,3.00
no busan,0,1,0.0000,9.00
no it's different,0,1,0.0000,3.00
no its korean,0,1,0.0000,6.00
no jung,0,1,0.0000,4.00
no players,0,1,0.0000,7.00
no sale esa opción,0,1,0.0000,5.00
nog,0,1,0.0000,3.00
nombre,0,1,0.0000,28.00
nongshim banana kick snack,0,1,0.0000,11.00
nongshim neoguri,0,1,0.0000,3.00
nonton drama korea terbaru 2026,0,7,0.0000,8.29
noona in korean,0,2,0.0000,2.50
noona meaning,0,1,0.0000,2.00
noona meaning in english,0,1,0.0000,2.00
noona vs ajumma,0,1,0.0000,31.00
nopo korean,0,11,0.0000,10.36
nopo korean noodle,0,4,0.0000,17.75
nopo korean restaurant,0,4,0.0000,10.75
nopo meaning,0,2,0.0000,11.00
nopo noodle,0,1,0.0000,12.00
nopo restaurant,0,7,0.0000,8.14
normal,0,1,0.0000,5.00
normal korean breakfast,0,7,0.0000,12.00
north korea capital city,0,1,0.0000,3.00
north korean cold noodles,0,1,0.0000,2.00
north korean destroyer choe hyon,0,1,0.0000,4.00
noryangjin,0,2,0.0000,52.00
noryangjin fish market,0,12,0.0000,57.00
noryangjin fish market hours,0,1,0.0000,57.00
noryangjin fish market opening hours,0,1,0.0000,49.00
noryangjin fish market seoul,0,1,0.0000,57.00
noryangjin fisheries market,0,1,0.0000,53.00
noryangjin market,0,5,0.0000,53.80
noryangjin market seoul,0,3,0.0000,63.67
noryangjin raw,0,1,0.0000,42.00
not brushing teeth at night,0,1,0.0000,3.00
not quite,0,1,0.0000,1.00
not wonyoung,0,3,0.0000,44.00
nothing sweet,0,1,0.0000,4.00
nouveau drama coreen 2026,0,2,0.0000,1.50
nouvelles series coreennes sur netflix,0,1,0.0000,3.00
novela coreana 2026,0,1,0.0000,4.00
novotel seoul dongdaemun,0,1,0.0000,4.00
now,0,1,0.0000,3.00
nowa drama warta uwagi,0,1,0.0000,1.00
nseoul tower,0,1,0.0000,2.00
nuevos dramas coreanos 2026,0,1,0.0000,1.00
nuevos k dramas en netflix 2026,0,1,0.0000,1.00
nuevos kdrama 2026,0,1,0.0000,3.00
nuguseyo artinya,0,1,0.0000,48.00
number 1 kdrama 2026,0,1,0.0000,30.00
number 1 university in korea,0,1,0.0000,3.00
number 1 university in south korea,0,1,0.0000,3.00
number of pc bangs in korea 2026,0,31,0.0000,10.39
number of pc bangs in south korea 2024,0,1,0.0000,11.00
number of pc bangs in south korea 2025,0,1,0.0000,21.00
number of pc bangs in south korea 2025 2026,0,1,0.0000,30.00
number of pc bangs in south korea 2025 or 2026,0,1,0.0000,10.00
number of pc bangs in south korea 2026,0,38,0.0000,9.68
number of pc bangs korea 2026,0,1,0.0000,11.00
number of pc bangs south korea 2026,0,4,0.0000,11.75
number of pcs in korean pc bangs 2026,0,8,0.0000,9.88
number one 2026 korean movie,0,1,0.0000,8.00
number one k dramas 2026,0,1,0.0000,1.00
nunetine,0,2,0.0000,6.50
nunettine,0,15,0.0000,4.07
nvidia seoul,0,1,0.0000,88.00
nyse coupang,0,1,0.0000,2.00
nyse: cpng,0,1,0.0000,2.00
này hả,0,1,0.0000,1.00
o blood type korean personality,0,4,0.0000,12.75
o blood type personality korean,0,1,0.0000,35.00
o que significa ahjussi,0,1,0.0000,23.00
o que significa ahjussi em coreano,0,1,0.0000,8.00
o que é ahjussi em coreano,0,1,0.0000,11.00
object seoul stationery,0,1,0.0000,16.00
object stationery seoul,0,1,0.0000,14.00
obze korea,0,1,0.0000,38.00
occupation in korea,0,1,0.0000,44.00
ocotber 6,0,1,0.0000,4.00
october 14-16,0,1,0.0000,7.00
october 24 2026,0,1,0.0000,7.00
october 9,0,1,0.0000,3.00
october 9 korean holiday,0,6,0.0000,5.17
odm korea,0,1,0.0000,7.00
oem korea,0,1,0.0000,7.00
official bukchon hanok village tourist visiting hours 2026,0,6,0.0000,8.50
official bukchon hanok village visiting hours restrictions 2026,0,1,0.0000,10.00
official bukchon hanok village visitor hours 2026,0,3,0.0000,9.33
official bukchon hanok village visitor hours restrictions 2026,0,1,0.0000,10.00
official bukchon hanok village visitor hours seoul 2026,0,1,0.0000,9.00
official n seoul tower cable car hours 2026,0,1,0.0000,9.00
official seoul tourism bukchon hanok village visitor hours 2026,0,5,0.0000,8.40
ojangdong hamheung naengmyeon,0,1,0.0000,12.00
ok,0,1,0.0000,2.00
ok but estimate,0,1,0.0000,6.00
ok en coréen,0,1,0.0000,2.00
ok na ba ito,0,1,0.0000,2.00
okemos high school,0,1,0.0000,6.00
old guy in korean,0,2,0.0000,2.00
old in korean,0,2,0.0000,2.00
old korean boy,0,1,0.0000,3.00
old korean sayings,0,1,0.0000,51.00
old lady in korean,0,2,0.0000,3.00
old man in korean,0,77,0.0000,2.58
old man in korean language,0,1,0.0000,3.00
old man in korean slang,0,1,0.0000,2.00
old man korean,0,2,0.0000,2.00
old men in korean,0,1,0.0000,3.00
old mullae,0,1,0.0000,29.00
old people in korean,0,1,0.0000,2.00
old uncle in korean,0,1,0.0000,2.00
older brother in korean,0,1,0.0000,3.00
older man in korean,0,2,0.0000,2.00
oldest market in seoul,0,1,0.0000,2.00
oldest restaurant in seoul,0,2,0.0000,35.50
olive young,0,1,0.0000,17.00
olive young kor,0,1,0.0000,9.00
olive young korea tax refund foreign tourists official,0,1,0.0000,9.00
olive young tax free korea,0,1,0.0000,7.00
olive young tax free minimum,0,1,0.0000,10.00
olive young tax refund,0,1,0.0000,8.00
olive young what is it,0,1,0.0000,33.00
olive young 買什麼,0,1,0.0000,24.00
olive young 退稅,0,1,0.0000,1.00
olive young退稅,0,1,0.0000,2.00
oliveyoung kor,0,7,0.0000,8.71
oliveyoung.kor,0,3,0.0000,9.67
olla arrocera coreana,0,1,0.0000,1.00
olympic recurve bow,0,1,0.0000,2.00
omooo artinya,0,1,0.0000,45.00
on going k dramas,0,1,0.0000,1.00
on going kdrama,0,1,0.0000,1.00
on going korean drama,0,1,0.0000,1.00
on naver manhwa,0,2,0.0000,7.00
on-the-go breakfast products market,0,1,0.0000,89.00
one month,0,1,0.0000,12.00
one more time in korean,0,1,0.0000,2.00
one soul,0,1,0.0000,5.00
ongoing k drama,0,2,0.0000,1.00
ongoing k dramas,0,1,0.0000,1.00
ongsan korea,0,4,0.0000,27.50
onion poka chips,0,1,0.0000,7.00
online recipe,0,1,0.0000,2.00
onyang bang clan,0,1,0.0000,4.00
open today,0,1,0.0000,10.00
opowiadaj,0,1,0.0000,1.00
oppa ahjussi,0,7,0.0000,7.57
oppa and hyung difference,0,1,0.0000,3.00
oppa in korean means,0,1,0.0000,2.00
oppa juseyo meaning,0,2,0.0000,8.00
oppa korean word,0,1,0.0000,44.00
oppa meaning,0,1,0.0000,2.00
oppa meaning in korean,0,1,0.0000,2.00
oppa significado,0,1,0.0000,12.00
oppa signification,0,1,0.0000,2.00
oppa vs ahjussi,0,62,0.0000,6.66
opposite of ahjussi,0,12,0.0000,1.83
opposite of ajumma,0,1,0.0000,8.00
orang paling terkenal di korea,0,1,0.0000,1.00
order of toner and essence,0,7,0.0000,45.86
origin of last name kim,0,1,0.0000,13.00
original makgeolli,0,1,0.0000,3.00
orijeong,0,1,0.0000,1.00
orion cheese cookie,0,1,0.0000,7.00
orion goraebap,0,3,0.0000,6.67
orion sun chips,0,1,0.0000,9.00
os 3,0,1,0.0000,9.00
os dois,0,1,0.0000,7.00
osan air base south korea,0,1,0.0000,4.00
other blood types,0,1,0.0000,3.00
other members reaction,0,1,0.0000,12.00
others,0,1,0.0000,19.00
otogui,0,2,0.0000,86.50
otoki,0,10,0.0000,3.40
otoki america,0,1,0.0000,28.00
otoki and ottogi,0,1,0.0000,4.00
otoki corporation,0,1,0.0000,17.00
otoki food,0,2,0.0000,7.00
otoki global instant noodles / packaged food official website,0,1,0.0000,11.00
otoki in korean,0,5,0.0000,9.60
otoki jin ramen,0,3,0.0000,4.00
otoki korea,0,4,0.0000,8.00
otoki meaning,0,5,0.0000,9.80
otoki meaning in english,0,3,0.0000,7.00
otoki meaning in japanese,0,1,0.0000,3.00
otoki noodles,0,2,0.0000,3.00
otoki or ottogi,0,1,0.0000,3.00
otoki ramen,0,2,0.0000,4.00
otoki vs ottogi,0,3,0.0000,6.00
otro,0,1,0.0000,4.00
ottogi,0,48,0.0000,23.17
ottogi america inc,0,1,0.0000,4.00
ottogi company,0,7,0.0000,7.43
ottogi corporation,0,1,0.0000,10.00
ottogi korea,0,1,0.0000,7.00
ottogi logo,0,1,0.0000,18.00
ottogi meaning,0,27,0.0000,5.56
ottogi noodles,0,1,0.0000,4.00
ottogi official website,0,3,0.0000,10.33
ottogi or otoki,0,2,0.0000,7.00
ottogi otoki,0,3,0.0000,8.67
ottogi parent company,0,2,0.0000,10.50
ottogi vs otoki,0,6,0.0000,4.00
ottoki,0,1,0.0000,39.00
oui en coreen,0,1,0.0000,2.00
overall?,0,1,0.0000,6.00
overnight layover incheon,0,1,0.0000,27.00
owner,0,1,0.0000,4.00
ownership shares,0,1,0.0000,1.00
owshi meaning,0,2,0.0000,35.00
ox korean bbq menu,0,1,0.0000,8.00
p korea,0,1,0.0000,47.00
pa li pa li,0,1,0.0000,9.00
pad bingsu,0,1,0.0000,15.00
page 3,0,1,0.0000,8.00
pai chai university,0,2,0.0000,4.00
pajeon and makgeolli,0,7,0.0000,6.57
pajeon makgeolli,0,2,0.0000,4.50
pajeon with makgeolli,0,1,0.0000,17.00
pak dalam bahasa korea,0,1,0.0000,2.00
pakcik in korea,0,1,0.0000,1.00
pakcik in korean,0,1,0.0000,1.00
palace at night,0,2,0.0000,31.00
palace night,0,1,0.0000,28.00
paldo drink,0,1,0.0000,32.00
paldo drink korea,0,3,0.0000,7.00
paldo pororo drink,0,9,0.0000,9.78
pale in korean,0,2,0.0000,2.00
pale pale,0,1,0.0000,3.00
pale pale in korean,0,1,0.0000,1.00
pale pale in korean meaning,0,33,0.0000,7.30
pali,0,1,0.0000,2.00
pali bahasa korea,0,1,0.0000,1.00
pali culture,0,8,0.0000,15.13
pali in korea,0,3,0.0000,8.33
pali in korean means,0,56,0.0000,7.34
pali juseyo in korean,0,4,0.0000,7.25
pali korean,0,51,0.0000,12.35
pali korean meaning,0,195,0.0000,9.16
pali korean meaning in english,0,3,0.0000,7.67
pali matlab kya hota hai,0,3,0.0000,11.67
pali meaning,0,1,0.0000,2.00
pali meaning in korean,0,271,0.0000,6.87
pali meaning korean,0,102,0.0000,8.30
pali pale,0,1,0.0000,2.00
pali pali,0,36,0.0000,8.39
pali pali bahasa korea,0,2,0.0000,1.00
pali pali culture,0,27,0.0000,9.33
pali pali in english,0,2,0.0000,10.00
pali pali in korean meaning,0,18,0.0000,9.33
pali pali korea,0,11,0.0000,8.36
pali pali korean meaning,0,48,0.0000,10.00
pali pali korean pronunciation,0,85,0.0000,6.79
pali pali korean restaurant,0,3,0.0000,16.67
pali pali lyrics english,0,1,0.0000,10.00
pali pali là gì,0,1,0.0000,1.00
pali pali meaning in korean,0,59,0.0000,8.07
pali pali meaning korean,0,5,0.0000,9.80
pali pali restaurant,0,1,0.0000,14.00
pali pali video,0,2,0.0000,20.50
pali plai,0,4,0.0000,2.75
pali-pali,0,1,0.0000,3.00
pali-pali culture,0,2,0.0000,10.50
pali-pali korean,0,11,0.0000,13.55
pali-pali meaning,0,69,0.0000,9.75
palikrasang,0,2,0.0000,1.50
palikrasang palib,0,1,0.0000,1.00
palioali,0,1,0.0000,9.00
palipali,0,307,0.0000,22.80
palipali city,0,1,0.0000,11.00
palipali korean,0,18,0.0000,10.61
paliwa korean,0,34,0.0000,8.35
palle,0,1,0.0000,8.00
palli,0,1,0.0000,2.00
palli artinya,0,1,0.0000,55.00
palli in korean,0,7,0.0000,25.57
palli juseyo artinya,0,1,0.0000,48.00
palli korean,0,2,0.0000,31.00
palli korean meaning,0,5,0.0000,12.80
palli korean meaning in english,0,1,0.0000,13.00
palli meaning,0,3,0.0000,3.00
palli meaning in korean,0,5,0.0000,7.00
palli meaning korean,0,3,0.0000,10.67
palli palli,0,4,0.0000,22.75
palli palli culture,0,2,0.0000,38.00
palli palli in korean,0,13,0.0000,9.54
palli palli korean,0,2,0.0000,25.50
palli palli meaning,0,3,0.0000,1.00
palli palli palli,0,1,0.0000,2.00
palli-palli,0,1,0.0000,3.00
paly paly meaning,0,1,0.0000,1.00
paman bahasa korea,0,1,0.0000,3.00
paman dalam bahasa korea,0,5,0.0000,2.40
panggilan ahjussi untuk umur berapa,0,2,0.0000,2.00
panggilan imo di korea,0,2,0.0000,5.50
pangok high school,0,1,0.0000,3.00
parata air,0,1,0.0000,3.00
paris baguette,0,1,0.0000,3.00
park clan,0,1,0.0000,4.00
park young-seo pc bang,0,1,0.0000,11.00
parteien,0,1,0.0000,6.00
parties in south korea,0,4,0.0000,12.00
paste korean,0,1,0.0000,46.00
patbingsu,0,1,0.0000,11.00
patbingsu vs bingsu,0,24,0.0000,7.42
payment methods in south korea,0,4,0.0000,40.75
pc baang,0,1,0.0000,14.00
pc bang,0,249,0.0000,12.97
pc bang bangkok,0,1,0.0000,19.00
pc bang cafe,0,2,0.0000,22.00
pc bang chair,0,2,0.0000,1.00
pc bang corea,0,1,0.0000,8.00
pc bang coree,0,1,0.0000,21.00
pc bang culture,0,8,0.0000,8.88
pc bang france,0,1,0.0000,36.00
pc bang gangnam,0,1,0.0000,9.00
pc bang hongdae,0,1,0.0000,26.00
pc bang in english,0,25,0.0000,9.40
pc bang in korea,0,2,0.0000,9.00
pc bang in korean,0,1,0.0000,11.00
pc bang in seoul,0,4,0.0000,31.00
pc bang korea price,0,6,0.0000,4.67
pc bang korea tourism official,0,1,0.0000,12.00
pc bang korean,0,4,0.0000,28.00
pc bang london,0,1,0.0000,18.00
pc bang meaning,0,39,0.0000,10.85
pc bang meaning korea,0,4,0.0000,9.25
pc bang menu,0,37,0.0000,6.70
pc bang near me,0,5,0.0000,3.00
pc bang price,0,7,0.0000,5.43
pc bang seoul,0,24,0.0000,11.63
pc bang seoul foreigner,0,3,0.0000,24.67
pc bang south korea,0,2,0.0000,10.50
pc bangs,0,37,0.0000,15.08
pc bangs in korea,0,1,0.0000,12.00
pc bangs korea,0,3,0.0000,9.67
pc bangs south korea,0,5,0.0000,32.00
pc bank korea,0,1,0.0000,41.00
pc bong,0,34,0.0000,11.85
pc cafe in korea,0,2,0.0000,12.00
pc cafe korea,0,3,0.0000,8.33
pc cafe korean,0,2,0.0000,9.00
pc cafe meaning,0,31,0.0000,8.68
pc cafe south korea,0,3,0.0000,23.67
pc korea,0,5,0.0000,18.00
pc korean,0,1,0.0000,4.00
pc room bang,0,1,0.0000,9.00
pc room price,0,1,0.0000,1.00
pcbang,0,40,0.0000,16.07
pcbang korea,0,2,0.0000,7.50
pcbangs,0,4,0.0000,26.75
peach makgeolli,0,1,0.0000,3.00
peak autumn in korea 2026,0,1,0.0000,11.00
peak autumn korea 2026,0,1,0.0000,12.00
películas coreanas románticas 2026,0,4,0.0000,2.00
penulisan ahjussi,0,47,0.0000,8.06
penulisan ahjussi yang benar,0,276,0.0000,8.62
people power party south korea current status 2026,0,1,0.0000,6.00
pepero price in korea,0,1,0.0000,1.00
per stranieri?,0,1,0.0000,3.00
perbedaan ahjumma dan imo,0,6,0.0000,9.33
perbedaan ahjussi dan oppa,0,9,0.0000,8.78
perbedaan ahjussi dan samchon,0,163,0.0000,8.12
perbedaan samchon dan ahjussi,0,126,0.0000,8.33
perbedaan umur korea dan indonesia,0,1,0.0000,18.00
perbedaan umur korea dan internasional,0,20,0.0000,8.60
perbedaan usia korea dan internasional,0,2,0.0000,8.50
percentage of kim in korea,0,4,0.0000,11.25
percentage of koreans named kim,0,2,0.0000,10.50
percentage of koreans with last name kim,0,1,0.0000,11.00
percentage of koreans with surname kim,0,1,0.0000,18.00
pericolose?,0,1,0.0000,2.00
periuk korea,0,1,0.0000,31.00
perjalanan bisnis,0,1,0.0000,5.00
personality by blood type korean,0,7,0.0000,25.29
petit shopping delight,0,1,0.0000,46.00
petite soeur en coreen,0,1,0.0000,2.00
pho in korea,0,1,0.0000,55.00
phone alert,0,1,0.0000,20.00
phone emergency alarm,0,1,0.0000,9.00
phone government alert,0,1,0.0000,9.00
phải k,0,1,0.0000,8.00
pic,0,4,0.0000,9.25
pick korea,0,2,0.0000,11.50
pick up korea,0,2,0.0000,43.50
piesze wędrówki,0,1,0.0000,3.00
piku korea,0,2,0.0000,35.50
places in busan,0,1,0.0000,4.00
plave,0,86,0.0000,2.80
plave and mave,0,2,0.0000,10.00
plave identity,0,1,0.0000,5.00
plave members,0,3,0.0000,3.00
please,0,1,0.0000,5.00
please compare it,0,1,0.0000,3.00
please please,0,1,0.0000,1.00
plonk it korea,0,1,0.0000,45.00
pnu korea,0,1,0.0000,2.00
pnu university korea,0,1,0.0000,3.00
po jang ma cha,0,6,0.0000,31.67
poca chips,0,5,0.0000,6.40
poca chips korean,0,2,0.0000,7.50
pocachip,0,10,0.0000,6.00
pocha in a forest,0,1,0.0000,60.00
pocha in english,0,4,0.0000,2.50
pocha korea,0,1,0.0000,59.00
pocha korean meaning,0,3,0.0000,24.00
pocha meaning in english,0,1,0.0000,3.00
pocha meaning korean,0,5,0.0000,32.40
pocha tent,0,3,0.0000,10.33
pocha translate in english,0,1,0.0000,1.00
pochangmacha,0,1,0.0000,90.00
pojang macha,0,5,0.0000,26.80
pojangmacha,0,153,0.0000,18.56
pojangmacha food,0,10,0.0000,11.60
pojangmacha in seoul,0,3,0.0000,28.33
pojangmacha korea,0,5,0.0000,25.20
pojangmacha meaning,0,10,0.0000,8.30
pojangmacha menu,0,3,0.0000,7.33
pojangmacha near me,0,3,0.0000,25.67
pojangmacha seoul,0,20,0.0000,25.75
pojangmacha street,0,5,0.0000,7.80
pojangmacha street seoul,0,3,0.0000,25.67
pojangmacha tent,0,9,0.0000,17.33
pojangmachas,0,5,0.0000,20.20
pojangmatcha,0,2,0.0000,10.00
pojanmacha,0,3,0.0000,7.33
poka chip,0,4,0.0000,6.50
poka chips,0,4,0.0000,8.75
poland and spain,0,1,0.0000,3.00
political parties in korea,0,16,0.0000,13.75
political parties in south korea,0,41,0.0000,9.68
political parties of korea,0,1,0.0000,8.00
political parties of south korea,0,14,0.0000,6.71
political parties south korea,0,10,0.0000,13.30
political party in south korea,0,4,0.0000,8.25
poll,0,1,0.0000,1.00
pompidou centre seoul,0,2,0.0000,12.00
pompidou korea,0,1,0.0000,10.00
poo in korea,0,1,0.0000,1.00
poo in korean,0,1,0.0000,2.00
poom seoul,0,1,0.0000,45.00
poporo drink,0,1,0.0000,12.00
popular games in korean pc bangs 2026,0,10,0.0000,9.80
popular jobs in korea,0,2,0.0000,13.00
popular jobs in south korea,0,2,0.0000,42.50
popular kdrama 2026,0,1,0.0000,3.00
popular korean breakfast,0,1,0.0000,55.00
popular korean convenience store,0,1,0.0000,46.00
popular korean dramas 2026,0,1,0.0000,13.00
popular korean streetwear brands,0,1,0.0000,6.00
popular luxury brands in korea,0,1,0.0000,41.00
popular pc bang games korea 2026,0,5,0.0000,11.60
popular pc games 2026 korea pc bang,0,3,0.0000,9.33
popular pc games in korea 2026 pc bang,0,1,0.0000,15.00
popular pc games korea 2026 pc bang,0,4,0.0000,11.75
popular pc games korea pc bang 2026,0,3,0.0000,16.33
popular pc games korean pc bang 2026,0,2,0.0000,10.00
popularity,0,1,0.0000,15.00
pork,0,1,0.0000,2.00
pororo bottle,0,3,0.0000,6.67
pororo drink,0,89,0.0000,11.07
pororo drink flavors,0,10,0.0000,10.40
pororo drink how to open,0,10,0.0000,7.10
pororo drink korea,0,1,0.0000,11.00
pororo drink price,0,1,0.0000,12.00
pororo drink price single bottle,0,104,0.0000,7.52
pororo juice,0,1,0.0000,13.00
pororo juice flavors,0,2,0.0000,10.50
pororo korean drink,0,5,0.0000,11.00
pororo pick,0,1,0.0000,10.00
pororo the little penguin drink,0,4,0.0000,8.25
pororo water bottle,0,2,0.0000,6.00
pororo zero,0,2,0.0000,6.50
port-a-johns,0,1,0.0000,1.00
postres típicos de corea del sur,0,1,0.0000,2.00
potato chip korea,0,2,0.0000,24.50
power celebrity 40,0,1,0.0000,1.00
powerful korean clans,0,1,0.0000,11.00
ppali,0,1,0.0000,17.00
ppali in korean,0,4,0.0000,16.25
ppali korean,0,4,0.0000,10.00
ppali meaning,0,1,0.0000,11.00
ppali ppali,0,1,0.0000,60.00
ppali ppali culture,0,8,0.0000,10.50
ppali ppali meaning,0,2,0.0000,30.50
ppali-ppali,0,1,0.0000,56.00
ppalli,0,2,0.0000,40.00
ppalli in korean,0,7,0.0000,6.86
ppalli meaning,0,1,0.0000,19.00
ppalli ppalli,0,1,0.0000,3.00
ppalli ppalli culture,0,1,0.0000,1.00
ppalli ppalli pronunciation,0,2,0.0000,1.00
ppalli-ppalli,0,3,0.0000,14.33
ppalli-ppalli culture,0,1,0.0000,1.00
ppushu,0,2,0.0000,9.50
ppushu ppushu,0,30,0.0000,12.33
ppushu ppushu flavors,0,1,0.0000,29.00
ppushu ppushu noodle snack,0,1,0.0000,9.00
pragos adalah,0,1,0.0000,43.00
pragos artinya,0,1,0.0000,42.00
premise kdrama,0,18,0.0000,10.28
premium yakgwa,0,1,0.0000,6.00
president of the republic of korea 2026,0,3,0.0000,11.00
prestigious high school in korea,0,1,0.0000,1.00
prestigious korean high schools,0,5,0.0000,3.40
price,0,2,0.0000,5.00
prices,0,1,0.0000,4.00
primary korean,0,1,0.0000,32.00
prime video kdrama 2026,0,1,0.0000,3.00
priority security at incheon airport,0,7,0.0000,28.71
private island korea,0,1,0.0000,1.00
private schools in seoul,0,1,0.0000,2.00
pro bono serie staffel 2,0,1,0.0000,3.00
prodotti medicube,0,2,0.0000,2.00
prodotti medicube recensioni,0,2,0.0000,2.00
prodotti medicube sono buoni,0,3,0.0000,2.00
produktionskosten,0,1,0.0000,7.00
project y,0,1,0.0000,3.00
pros and cons of living in seoul,0,1,0.0000,41.00
proverb thekisho,0,1,0.0000,47.00
proverbe coréen,0,1,0.0000,3.00
provide the contact numbers of the co-founder(s).,0,1,0.0000,8.00
prumir,0,1,0.0000,27.00
przetłumacz mi to,0,1,0.0000,1.00
pt iconix asia pacific,0,1,0.0000,27.00
public bathroom,0,1,0.0000,32.00
public bathroom korea,0,12,0.0000,14.83
public bathrooms in korea,0,7,0.0000,10.86
public bathrooms in south korea,0,2,0.0000,9.50
public restroom,0,1,0.0000,32.00
public restroom sign korea,0,1,0.0000,9.00
public restrooms,0,1,0.0000,30.00
public restrooms in korea,0,1,0.0000,8.00
public restrooms in seoul,0,2,0.0000,12.50
public toilet,0,1,0.0000,31.00
public toilet seiul,0,13,0.0000,12.54
public toilets,0,2,0.0000,27.00
public toilets in seoul,0,14,0.0000,10.29
public toilets in south korea,0,29,0.0000,7.52
public toilets seoul,0,6,0.0000,9.50
publicly traded otoki corporation competitors,0,2,0.0000,16.00
pucham in english,0,2,0.0000,3.00
puedes enseñarme alguna foto?,0,1,0.0000,1.00
pujangnim,0,5,0.0000,3.00
pukyong national university ranking,0,1,0.0000,3.00
pulmone,0,3,0.0000,2.33
pulmuone,0,9,0.0000,2.67
pulmuone foods co,0,1,0.0000,24.00
pulmuone korea,0,2,0.0000,8.50
pulmuone meaning,0,2,0.0000,12.00
pulmuone natto,0,1,0.0000,2.00
pulumone,0,1,0.0000,2.00
pumpkin yakgwa,0,1,0.0000,25.00
pungyang jo clan,0,1,0.0000,5.00
pura btao,0,1,0.0000,2.00
purple jin ramen,0,1,0.0000,1.00
purpose of hiking korea film,0,1,0.0000,56.00
pusan national university,0,2,0.0000,3.50
pusan or busan,0,7,0.0000,52.71
pusha pusha korean snack,0,4,0.0000,9.50
pusha pusha snack,0,1,0.0000,6.00
pusho pusho korean snack,0,3,0.0000,9.00
pyeonchang,0,1,0.0000,4.00
pyeonghwa market,0,8,0.0000,19.75
pyeongnaeng,0,1,0.0000,3.00
pyeongnam,0,1,0.0000,15.00
pyeongyang cold noodles,0,1,0.0000,45.00
pyeongyang naengmyeon,0,1,0.0000,30.00
pyeongyang noodles,0,1,0.0000,16.00
pyongyang cold noodle,0,1,0.0000,37.00
pyongyang cold noodles,0,11,0.0000,47.00
pyongyang naengmyeon broth,0,2,0.0000,7.00
pyongyang naengmyeon near me,0,1,0.0000,3.00
pyongyang naengmyeon north korea,0,1,0.0000,22.00
pyongyang naengmyeon recipe,0,1,0.0000,10.00
pyongyang naengmyeon vs hamhung naengmyeon,0,63,0.0000,5.92
pyongyang naengmyeon vs mul naengmyeon,0,7,0.0000,17.14
pyongyang naengmyeon vs naengmyeon,0,38,0.0000,9.34
pyongyang noodles,0,4,0.0000,51.25
pyongyang style,0,1,0.0000,11.00
pyongyang vs hamheung naengmyeon,0,37,0.0000,7.22
pyounghwa market,0,1,0.0000,2.00
q mas me puedes decir,0,1,0.0000,2.00
qs world university rankings 2026 seoul national yonsei korea sungkyunkwan hanyang,0,2,0.0000,8.50
qtoon app download,0,1,0.0000,8.00
qualquer um,0,1,0.0000,21.00
quanto costa,0,1,0.0000,2.00
quanto costano in italia?,0,1,0.0000,9.00
que es ahjussi,0,172,0.0000,3.81
que es ahjussi en coreano,0,119,0.0000,4.03
que es el waterbomb,0,2,0.0000,10.00
que es oppa en coreano,0,1,0.0000,12.00
que pasa ahora,0,1,0.0000,5.00
que significa ahjussi en corea,0,140,0.0000,3.73
que significa ahjussi en coreano,0,288,0.0000,4.03
que significa esto?,0,1,0.0000,2.00
que significa oppa,0,2,0.0000,11.00
que veut dire noona en coréen,0,1,0.0000,3.00
que?,0,1,0.0000,7.00
queerkorea,0,1,0.0000,33.00
quero sim,0,1,0.0000,2.00
quickly in korean,0,2,0.0000,2.00
quien lo fabrica,0,1,0.0000,5.00
quilt kit,0,1,0.0000,3.00
qué significa ahjussi en coreano,0,6,0.0000,5.00
qué significa oppa,0,1,0.0000,9.00
quốc tế,0,1,0.0000,6.00
rail energy transport inurl:reel,0,2,0.0000,46.00
rainy day korean food,0,10,0.0000,6.50
ramen price in korea in indian rupees,0,1,0.0000,1.00
ramen sauce trends 2026,0,32,0.0000,8.59
ramen trends 2026,0,1,0.0000,6.00
ramen war,0,2,0.0000,38.00
ramen wars,0,2,0.0000,18.50
ramyeon or ramyun,0,6,0.0000,58.17
ramyeon types,0,1,0.0000,68.00
ramyun,0,1,0.0000,53.00
ramyun and ramen,0,1,0.0000,51.00
ramyun korea,0,1,0.0000,53.00
ramyun meaning,0,1,0.0000,49.00
ramyun or ramen,0,1,0.0000,52.00
ramyun or ramyeon,0,3,0.0000,56.67
ramyun vs ramyeon,0,2,0.0000,52.00
rank them,0,1,0.0000,2.00
rapporti oggi,0,1,0.0000,11.00
rare korean last names,0,1,0.0000,2.00
rarely?,0,1,0.0000,2.00
rasmni kursat,0,1,0.0000,1.00
rating,0,1,0.0000,1.00
rating drama korea 2026,0,1,0.0000,8.00
raw garlic benefits,0,1,0.0000,3.00
raw garlic cause gas,0,1,0.0000,2.00
raw garlic health benefits,0,1,0.0000,2.00
real life squid game location,0,4,0.0000,10.25
real squid game building,0,1,0.0000,17.00
real squid game location,0,26,0.0000,9.15
real squid game place,0,2,0.0000,24.00
really ??,0,1,0.0000,4.00
recent kdrama 2026,0,1,0.0000,4.00
recent kdramas,0,1,0.0000,3.00
recent korean dramas on netflix 2026,0,1,0.0000,9.00
recenz hotel dongdaemun,0,1,0.0000,3.00
recept?,0,1,0.0000,24.00
recommend a cushion foundation brand with shade range for medium tan skin,0,4,0.0000,10.50
recommend new korean dramas to watch,0,1,0.0000,11.00
recommended kdrama 2026,0,1,0.0000,4.00
red door in goblin,0,1,0.0000,2.00
red sun chips,0,2,0.0000,7.00
references?,0,1,0.0000,10.00
refrigerator korean,0,1,0.0000,25.00
reis naar zuid korea,0,1,0.0000,1.00
rekom drakor 2026,0,1,0.0000,1.00
rekomendasi drakor 2026,0,20,0.0000,2.65
rekomendasi drakor mei 2026,0,1,0.0000,1.00
rekomendasi drakor on going 2026,0,1,0.0000,11.00
rekomendasi drakor romance 2026,0,3,0.0000,1.00
rekomendasi drakor seru 2026,0,1,0.0000,2.00
rekomendasi drakor terbaru,0,4,0.0000,3.00
rekomendasi drakor terbaru 2026,0,1,0.0000,5.00
rekomendasi drama 2026,0,1,0.0000,6.00
rekomendasi drama korea 2026,0,10,0.0000,3.30
rekomendasi drama korea terbaru 2026,0,3,0.0000,2.67
rekomendasi film korea netflix 2026,0,1,0.0000,3.00
rekomendasi web manhwa,0,1,0.0000,6.00
renaissance seoul,0,5,0.0000,28.40
renoderm cushion 23 vs 21,0,2,0.0000,9.00
replica,0,1,0.0000,13.00
republic of korea president 2026,0,2,0.0000,11.50
republican era chinese drama 2026,0,1,0.0000,4.00
reservation+culture,0,1,0.0000,4.00
reservation.knps.or.kr,0,1,0.0000,2.00
respect?,0,1,0.0000,1.00
restroom in korea,0,20,0.0000,10.00
resturant,0,1,0.0000,2.00
review,0,1,0.0000,17.00
rg,0,1,0.0000,3.00
rice cooker korean cuckoo,0,1,0.0000,15.00
rice cookie korean,0,1,0.0000,2.00
rich korean last names,0,2,0.0000,2.00
riot pc bang,0,2,0.0000,14.00
roilets,0,1,0.0000,10.00
rom com k drama 2026,0,1,0.0000,11.00
rom com kdrama 2026,0,17,0.0000,10.94
rom com korean drama 2026,0,1,0.0000,11.00
romance comedy,0,1,0.0000,16.00
romance kdrama recommendation 2026,0,1,0.0000,30.00
romantic korean movies on netflix 2026,0,1,0.0000,2.00
romcom drakor 2026,0,1,0.0000,1.00
rowoon,0,1,0.0000,4.00
royal blood?,0,1,0.0000,4.00
royal surnames,0,1,0.0000,1.00
royal surnames in korea,0,21,0.0000,4.29
ruling party in south korea,0,1,0.0000,40.00
running,0,1,0.0000,1.00
running crew korea,0,1,0.0000,4.00
running crew meaning,0,1,0.0000,9.00
russia news,0,1,0.0000,3.00
s,0,1,0.0000,3.00
s k y,0,1,0.0000,1.00
s k y university korea,0,10,0.0000,9.80
s university korea,0,8,0.0000,25.25
s'il te plaît.,0,1,0.0000,9.00
s.k.y university,0,15,0.0000,8.87
sa jang nim,0,1,0.0000,10.00
sadang station underground shopping mall,0,6,0.0000,18.83
sadang station underground shopping mall 2023,0,1,0.0000,20.00
safex seoul station,0,3,0.0000,30.67
sajang nim artinya,0,1,0.0000,1.00
sajangnim,0,183,0.0000,10.42
sajangnim adalah,0,78,0.0000,10.83
sajangnim artinya,0,40,0.0000,10.93
sajangnim in english,0,3,0.0000,1.00
sajangnim in korean,0,24,0.0000,10.54
sajangnim itu apa,0,6,0.0000,10.83
sajangnim korea,0,2,0.0000,11.00
sajangnim korean,0,1,0.0000,10.00
sajangnim korean meaning,0,1,0.0000,1.00
sajangnim meaning,0,11,0.0000,9.45
sajangnim meaning in korean,0,6,0.0000,12.83
sajangnim untuk perempuan,0,5,0.0000,11.00
sajjangnim,0,1,0.0000,8.00
salon korea,0,1,0.0000,26.00
salt onion bakery,0,3,0.0000,7.33
sam chon korean,0,2,0.0000,7.00
samanco,0,3,0.0000,21.33
samanco meaning,0,2,0.0000,5.00
samcheon,0,4,0.0000,1.25
samcheon meaning,0,20,0.0000,9.45
samcheong bingsu,0,1,0.0000,30.00
samchon adalah,0,21,0.0000,9.14
samchon artinya,0,26,0.0000,10.12
samchon bahasa korea,0,9,0.0000,8.78
samchon bahasa korea artinya,0,2,0.0000,1.50
samchon dan ahjussi,0,98,0.0000,8.41
samchon dan jose,0,1,0.0000,10.00
samchon female,0,10,0.0000,5.50
samchon in english,0,2,0.0000,12.50
samchon in korean,0,36,0.0000,14.81
samchon in korean meaning,0,9,0.0000,12.11
samchon itu apa,0,2,0.0000,10.00
samchon korea,0,15,0.0000,9.13
samchon korean,0,7,0.0000,4.14
samchon korean meaning,0,7,0.0000,12.14
samchon meaning,0,925,0.0000,10.40
samchon meaning in english,0,35,0.0000,8.83
samchon meaning in korean,0,85,0.0000,10.91
samchon meaning korean,0,1,0.0000,2.00
samchon significado,0,7,0.0000,10.57
samchon vs ahjussi,0,337,0.0000,4.61
samchoon,0,2,0.0000,1.00
samchoon artinya,0,1,0.0000,9.00
samchun,0,2,0.0000,2.00
samchun korean,0,1,0.0000,1.00
samchun meaning,0,10,0.0000,1.30
samchun uncle,0,1,0.0000,2.00
samcun artinya,0,2,0.0000,8.50
samgak kimbap,0,2,0.0000,26.00
samgak kimbap flavors,0,1,0.0000,34.00
samgang,0,1,0.0000,83.00
samgyetang day 2026,0,34,0.0000,4.88
samick company,0,4,0.0000,16.00
samick factory korea,0,1,0.0000,10.00
samick guitar,0,1,0.0000,12.00
samick guitar factory,0,1,0.0000,10.00
samick sw015,0,1,0.0000,5.00
samick wiki,0,1,0.0000,11.00
samik card,0,1,0.0000,38.00
samjang meaning,0,2,0.0000,9.00
samjjang,0,1,0.0000,33.00
samphor,0,1,0.0000,44.00
samsung electronics july 2026 stock outlook korea july 2026,0,2,0.0000,4.00
samsung electronics outlook july 10 2026 korea market 2026,0,2,0.0000,6.00
samsung electronics outlook july 13 2026 korea market 2026,0,1,0.0000,10.00
samsung electronics outlook july 6 2026 korea market 2026,0,2,0.0000,6.50
samsung electronics sk hynix outlook july 2026 korea market,0,1,0.0000,9.00
samsung electronics sk hynix outlook july 2026 korea market 2026,0,1,0.0000,10.00
samsung electronics sk hynix outlook july 2026 korea semiconductor outlook,0,1,0.0000,9.00
samsung electronics sk hynix outlook july 2026 korea stocks,0,2,0.0000,9.00
samsung electronics sk hynix outlook july 2026 korea stocks 2026,0,3,0.0000,7.33
samsung electronics sk hynix outlook july 2026 semiconductor stocks 2026,0,1,0.0000,1.00
samsung electronics sk hynix outlook july 2026 semiconductor stocks korea 2026,0,5,0.0000,8.40
samsung electronics sk hynix outlook july 6 2026 korea market,0,3,0.0000,7.67
samsung electronics sk hynix outlook july 6 2026 korea market 2026,0,3,0.0000,6.33
samsung electronics sk hynix outlook july 8 2026 korea market 2026,0,4,0.0000,7.00
samsung electronics sk hynix outlook july 9 2026 korea market 2026,0,1,0.0000,8.00
samsung electronics sk hynix outlook july 9 2026 korea stocks,0,1,0.0000,10.00
samsung electronics sk hynix stock drop reasons 2026,0,1,0.0000,9.00
samsung electronics sk hynix stock outlook july 2026 korea,0,1,0.0000,3.00
samsung electronics sk hynix stock outlook july 2026 korea 7,0,1,0.0000,10.00
samsung electronics sk hynix stocks july 2026 outlook,0,2,0.0000,6.00
samsung electronics stock korea 2026 outlook,0,2,0.0000,11.00
samsung electronics stock korea july 2026,0,1,0.0000,7.00
samsung electronics stock outlook 2026 july korea,0,6,0.0000,7.83
samsung electronics stock outlook july 10 2026 korea market 2026,0,2,0.0000,8.50
samsung electronics stock outlook july 13 2026 korea market 2026,0,6,0.0000,5.33
samsung electronics stock outlook july 14 2026 korea market 2026,0,5,0.0000,10.20
samsung electronics stock outlook july 2026 korea,0,4,0.0000,4.25
samsung electronics stock outlook july 2026 korea market,0,1,0.0000,7.00
samsung electronics stock outlook july 2026 korea market 2026,0,2,0.0000,7.00
samsung electronics stock outlook july 2026 korea market tomorrow,0,1,0.0000,3.00
samsung electronics stock outlook july 6 2026 korea market 2026,0,8,0.0000,6.00
samsung electronics stock outlook july 6 2026 korea market factors,0,1,0.0000,8.00
samsung electronics stock outlook july 6 2026 korea market news,0,1,0.0000,8.00
samsung electronics stock outlook july 6 2026 korea market tomorrow 2026,0,1,0.0000,2.00
samsung electronics stock outlook july 7 2026 korea market 2026,0,3,0.0000,6.00
samsung electronics stock outlook july 7 2026 korea market factors,0,1,0.0000,7.00
samsung electronics stock outlook july 7 2026 korea market tomorrow 2026,0,1,0.0000,4.00
samsung electronics stock outlook july 8 2026 korea market 2026,0,1,0.0000,11.00
samsung electronics stock outlook july 8 2026 korea market factors,0,1,0.0000,6.00
samsung electronics stock outlook july 8 2026 korea market tomorrow 2026,0,2,0.0000,10.00
samsung electronics stock outlook monday july 2026 korea market factors,0,1,0.0000,9.00
samsung electronics stock outlook monday july 2026 korea market recent news,0,3,0.0000,7.67
samsung electronics stock outlook next week july 2026 korea 2026,0,2,0.0000,6.00
samsung electronics stock outlook south korea 2026,0,1,0.0000,8.00
samsung electronics stock outlook tomorrow july 2026 korea market,0,2,0.0000,9.00
samsung electronics stock outlook tomorrow july 2026 korea market 2026,0,2,0.0000,6.00
samsung electronics stock outlook tomorrow july 2026 korea market factors,0,1,0.0000,4.00
samsung electronics stock outlook tomorrow july 2026 korea market news,0,9,0.0000,10.33
samsung semiconductor news,0,1,0.0000,112.00
samsung weightage in kospi,0,1,0.0000,6.00
samul,0,7,0.0000,2.71
samul nori,0,2,0.0000,53.50
samulnori,0,13,0.0000,34.23
samulnori instruments,0,5,0.0000,43.60
samulnori meaning,0,6,0.0000,26.33
samulnori percussion,0,1,0.0000,50.00
samyang buldak manufacturing process,0,1,0.0000,16.00
samyang exporter,0,1,0.0000,36.00
samyang foods europe,0,2,0.0000,11.50
samyang foods ir,0,3,0.0000,9.00
samyang launch,0,1,0.0000,39.00
samyang meaning,0,1,0.0000,48.00
samyang net worth,0,3,0.0000,6.00
samyang noodles exporter,0,1,0.0000,32.00
sanggyunrae,0,1,0.0000,1.00
sangjanim,0,1,0.0000,9.00
sangjanim artinya,0,10,0.0000,8.30
sangji university,0,2,0.0000,3.50
sanjangnim,0,3,0.0000,7.33
sanji university,0,1,0.0000,3.00
sannakji,0,1,0.0000,73.00
sapose artinya,0,1,0.0000,48.00
saranghae ahjussi,0,1,0.0000,1.00
saranghae ahjussi artinya,0,3,0.0000,10.33
saranghae ahjussi meaning,0,2,0.0000,8.00
sauna in south korea,0,1,0.0000,3.00
scalp treatment korea,0,2,0.0000,36.50
scalp treatment seoul,0,3,0.0000,26.67
scalp treatment seoul korea,0,1,0.0000,29.00
scientific knowledge and wisdom of kimchi: a blessing korean,0,5,0.0000,63.00
scoville,0,2,0.0000,4.00
scoville scale gochujang,0,1,0.0000,1.00
scoville shin ramyun,0,1,0.0000,3.00
scoville units of buldak carbonara ramen,0,1,0.0000,2.00
screen baseball korea,0,1,0.0000,10.00
screen baseball seoul,0,1,0.0000,11.00
screen sports,0,1,0.0000,5.00
sdt full form in military,0,1,0.0000,12.00
sdt meaning bts,0,4,0.0000,11.75
sdt meaning in korean military,0,1,0.0000,13.00
sdt soldier meaning,0,6,0.0000,10.83
sdt v,0,1,0.0000,11.00
se puede cocinar?,0,1,0.0000,1.00
sea women of jeju island,0,1,0.0000,58.00
seafood market in seoul,0,2,0.0000,48.00
seafood market korea,0,1,0.0000,44.00
seafood market seoul,0,4,0.0000,48.50
search engine korea,0,1,0.0000,57.00
seaweed soup birthday,0,1,0.0000,58.00
seaweed soup birthday korea,0,1,0.0000,40.00
seaweed soup korean,0,4,0.0000,2.50
seaweed soup korean birthday,0,1,0.0000,53.00
seaweed soup korean birthday tradition,0,3,0.0000,50.33
seaweed soup korean culture,0,12,0.0000,45.50
seaweed soup meaning,0,2,0.0000,27.00
seaweed soup on birthday,0,1,0.0000,50.00
second,0,1,0.0000,1.00
sedang,0,1,0.0000,5.00
sejong university,0,2,0.0000,2.50
sejong university festival 2026,0,1,0.0000,4.00
seoil university,0,1,0.0000,5.00
seokyeong university,0,1,0.0000,6.00
seol in-ah,0,1,0.0000,4.00
seomyeon,0,1,0.0000,5.00
seongapdo,0,2,0.0000,4.50
seongsu toilet,0,1,0.0000,1.00
seoul,0,11,0.0000,4.09
seoul age,0,1,0.0000,63.00
seoul airport,0,1,0.0000,3.00
seoul airport layover,0,6,0.0000,31.83
seoul airport nap zone,0,1,0.0000,19.00
seoul airport taxi,0,6,0.0000,30.33
seoul airport to city,0,2,0.0000,43.00
seoul airport to seoul,0,1,0.0000,45.00
seoul airport to seoul transfer,0,2,0.0000,21.50
seoul airport transit,0,3,0.0000,23.33
seoul airport transportation,0,2,0.0000,34.50
seoul and busan,0,6,0.0000,39.33
seoul arrival card,0,1,0.0000,3.00
seoul art space mullae,0,1,0.0000,22.00
seoul autumn 2026 forecast,0,1,0.0000,10.00
seoul autumn festa 2026,0,1,0.0000,51.00
seoul autumn foliage 2026,0,7,0.0000,4.71
seoul autumn forecast 2026,0,1,0.0000,20.00
seoul bakery,0,2,0.0000,18.00
seoul bakery cafe,0,1,0.0000,11.00
seoul bakery menu,0,1,0.0000,36.00
seoul baseball game,0,1,0.0000,6.00
seoul baseball games,0,2,0.0000,3.50
seoul baseball team,0,1,0.0000,11.00
seoul beauty wellness 2026,0,1,0.0000,8.00
seoul board game cafe,0,4,0.0000,7.75
seoul broadcasting high school,0,1,0.0000,2.00
seoul bukchon hanok village,0,3,0.0000,68.33
seoul busan and jeju,0,1,0.0000,3.00
seoul chuseok 2026,0,16,0.0000,7.69
seoul convenience store prices,0,1,0.0000,51.00
seoul cycle meaning,0,1,0.0000,41.00
seoul dongdaemun market,0,6,0.0000,27.17
seoul drop hours,0,1,0.0000,35.00
seoul electronic market,0,2,0.0000,32.50
seoul electronics,0,1,0.0000,27.00
seoul electronics market,0,2,0.0000,30.50
seoul electronics shopping,0,2,0.0000,25.50
seoul esports arena,0,1,0.0000,7.00
seoul events august,0,1,0.0000,1.00
seoul expat,0,6,0.0000,52.33
seoul express bus terminal shopping,0,2,0.0000,30.50
seoul festivals,0,1,0.0000,1.00
seoul firework festival 2026,0,8,0.0000,12.38
seoul fireworks festival 2026,0,38,0.0000,8.66
seoul fireworks festival 2026 schedule,0,2,0.0000,15.50
seoul fireworks festival 2026 tickets,0,2,0.0000,11.00
seoul fish market,0,1,0.0000,64.00
seoul fish market noryangjin,0,1,0.0000,53.00
seoul flea market,0,1,0.0000,4.00
seoul foliage 2026,0,1,0.0000,1.00
seoul folk flea market,0,1,0.0000,3.00
seoul food court,0,1,0.0000,13.00
seoul forest station squid game,0,5,0.0000,8.80
seoul girls high school list,0,1,0.0000,11.00
seoul girls high schools list 2024,0,1,0.0000,10.00
seoul hangang bus ferry,0,1,0.0000,13.00
seoul hanok village,0,1,0.0000,63.00
seoul high school founded year list,0,1,0.0000,11.00
seoul high school names,0,3,0.0000,7.67
seoul high schools,0,2,0.0000,8.50
seoul hikes,0,1,0.0000,60.00
seoul hiking,0,2,0.0000,58.00
seoul in early september,0,1,0.0000,7.00
seoul incheon airport to city,0,1,0.0000,30.00
seoul independence day,0,1,0.0000,3.00
seoul international fireworks festival,0,1,0.0000,3.00
seoul international fireworks festival 2026,0,25,0.0000,8.92
seoul international fireworks festival 2026 date,0,1,0.0000,7.00
seoul international fireworks festival 2026 dates,0,2,0.0000,8.50
seoul kids cafe,0,1,0.0000,10.00
seoul kids cafe indoor playground korea,0,1,0.0000,13.00
seoul kimchi museum,0,5,0.0000,30.80
seoul korea time,0,1,0.0000,2.00
seoul korea to busan korea,0,2,0.0000,85.50
seoul korea yongsan,0,14,0.0000,24.50
seoul layover,0,9,0.0000,34.78
seoul league of legends,0,3,0.0000,10.33
seoul league of legends park,0,4,0.0000,10.00
seoul living,0,3,0.0000,37.00
seoul lol,0,51,0.0000,14.69
seoul lol park,0,6,0.0000,13.17
seoul lost and found center,0,1,0.0000,8.00
seoul market namdaemun,0,3,0.0000,18.00
seoul markets,0,1,0.0000,2.00
seoul meaning,0,1,0.0000,3.00
seoul medical university,0,1,0.0000,3.00
seoul metro etiquette priority seats official,0,10,0.0000,10.10
seoul morning market,0,1,0.0000,2.00
seoul mosquitoes,0,5,0.0000,7.80
seoul mullae,0,1,0.0000,12.00
seoul n tower cable car,0,1,0.0000,41.00
seoul namdaemun market,0,1,0.0000,2.00
seoul namsan cable car,0,1,0.0000,36.00
seoul national museum shop,0,1,0.0000,5.00
seoul national university,0,13,0.0000,2.77
"seoul national university (snu), gwanak campus",0,2,0.0000,4.50
"seoul national university (snu), gwanak campus photos",0,5,0.0000,1.00
seoul national university acceptance rate,0,1,0.0000,2.00
seoul national university address,0,1,0.0000,4.00
seoul national university fees,0,1,0.0000,3.00
seoul national university majors,0,1,0.0000,3.00
seoul national university of science and technology,0,1,0.0000,3.00
seoul national university photos,0,1,0.0000,1.00
seoul national university qs ranking,0,3,0.0000,3.33
seoul national university ranking,0,2,0.0000,3.00
seoul national university vs korea university,0,5,0.0000,11.20
seoul national university vs university of seoul,0,2,0.0000,20.50
seoul national university vs yonsei,0,30,0.0000,7.63
seoul national university world ranking,0,1,0.0000,3.00
seoul night market,0,4,0.0000,3.25
seoul noryangjin fish market,0,1,0.0000,59.00
seoul official tourism bukchon hanok village visitor hours 2026,0,2,0.0000,8.50
seoul or busan,0,16,0.0000,35.50
seoul or busan to visit,0,1,0.0000,41.00
seoul or busan which is better,0,1,0.0000,1.00
seoul palace,0,1,0.0000,39.00
seoul palace at night,0,1,0.0000,26.00
seoul palace night tour 2026,0,4,0.0000,9.75
seoul pali,0,15,0.0000,7.40
seoul pc bang,0,3,0.0000,21.33
seoul pc cafe,0,11,0.0000,32.55
seoul plastic surgery district,0,1,0.0000,50.00
seoul police lost and found,0,2,0.0000,9.50
seoul pop up,0,1,0.0000,23.00
seoul public transport quiet etiquette official,0,6,0.0000,6.83
seoul quality of life,0,1,0.0000,46.00
seoul robot park,0,1,0.0000,24.00
seoul running crew,0,3,0.0000,4.33
seoul safety,0,2,0.0000,31.50
seoul scalp treatment,0,1,0.0000,21.00
seoul science high school,0,1,0.0000,2.00
seoul seafood market,0,4,0.0000,46.50
seoul seafood shoppe,0,2,0.0000,40.50
seoul signal,0,1,0.0000,18.00
seoul sky lotte world tower,0,1,0.0000,3.00
seoul sky or n seoul tower,0,1,0.0000,23.00
seoul sky vs n seoul tower,0,8,0.0000,10.75
seoul sky vs namsan tower,0,1,0.0000,1.00
seoul skyline 2026,0,1,0.0000,5.00
seoul spa - skin clinic & medical head spa,0,1,0.0000,15.00
seoul spice allergen menu,0,1,0.0000,38.00
seoul squid game experience,0,1,0.0000,1.00
seoul squid game locations,0,8,0.0000,8.13
seoul station check in luggage,0,1,0.0000,26.00
seoul station lost and found,0,1,0.0000,30.00
seoul station luggage check in,0,1,0.0000,25.00
seoul station parents guide,0,1,0.0000,9.00
seoul station shops,0,1,0.0000,39.00
seoul station to bukchon hanok village,0,5,0.0000,50.00
seoul station to yongsan station,0,5,0.0000,36.40
seoul station underground shopping,0,1,0.0000,12.00
seoul stationery,0,1,0.0000,8.00
seoul stationery shop,0,2,0.0000,13.00
seoul stationery shops,0,1,0.0000,15.00
seoul stationery store,0,1,0.0000,16.00
seoul stationery stores,0,2,0.0000,20.00
seoul subway crowd,0,1,0.0000,10.00
seoul subway etiquette,0,4,0.0000,6.25
seoul subway etiquette quiet official,0,16,0.0000,4.94
seoul subway platform interior passengers waiting,0,1,0.0000,11.00
seoul subway platform passengers waiting,0,2,0.0000,8.50
seoul subway platform screen doors passengers waiting,0,1,0.0000,10.00
seoul subway priority seats,0,1,0.0000,13.00
seoul subway station underground shopping mall,0,1,0.0000,24.00
seoul subway station underground shopping mall multiple lines 2023,0,3,0.0000,15.33
seoul tax refund kiosk,0,2,0.0000,40.50
seoul taxi credit card,0,2,0.0000,41.00
seoul tech district,0,1,0.0000,11.00
seoul tech mall,0,3,0.0000,8.00
seoul time,0,1,0.0000,2.00
seoul to boryeong,0,1,0.0000,27.00
seoul to bukchon hanok village,0,1,0.0000,68.00
seoul to haenam distance,0,1,0.0000,3.00
seoul to incheon airport bus,0,1,0.0000,28.00
seoul to jeonju day trip,0,4,0.0000,14.25
seoul to jinju day trip,0,2,0.0000,27.00
seoul toilets,0,2,0.0000,9.50
seoul tower,0,2,0.0000,3.00
seoul tower tickets,0,1,0.0000,2.00
seoul tower vs lotte tower,0,5,0.0000,10.20
seoul traditional market,0,1,0.0000,3.00
seoul underground,0,3,0.0000,39.33
seoul underground mall,0,11,0.0000,24.82
seoul underground shopping,0,11,0.0000,24.00
seoul underground shopping mall,0,2,0.0000,27.50
seoul university ranking in the world,0,3,0.0000,2.67
seoul vs busan,0,17,0.0000,22.82
seoul waterbomb,0,1,0.0000,5.00
seoul wetter,0,1,0.0000,3.00
seoul what to see,0,1,0.0000,5.00
seoul world fireworks festival 2026,0,2,0.0000,10.00
seoul yongsan,0,2,0.0000,31.00
seoul2025,0,1,0.0000,7.00
seoul?,0,1,0.0000,4.00
seoulite meaning,0,1,0.0000,64.00
seowon university,0,1,0.0000,4.00
september,0,1,0.0000,3.00
september 27,0,1,0.0000,1.00
serial netflix korea terbaru 2026,0,1,0.0000,1.00
seriale koreańskie 2026,0,1,0.0000,5.00
serie coreana 2026,0,1,0.0000,1.00
serie coreana de netflix 2026,0,3,0.0000,1.00
serie coreana en netflix 2026,0,1,0.0000,1.00
serie coreana en tendencia 2026,0,2,0.0000,2.00
serie coreen netflix 2026,0,1,0.0000,1.00
serie coréenne netflix 2026,0,2,0.0000,2.50
serie de netflix 2026 coreana,0,1,0.0000,1.00
serie de netflix coreana 2026,0,1,0.0000,3.00
serie netflix 2026 coreana,0,1,0.0000,1.00
series coreana netflix 2026,0,1,0.0000,1.00
series coreanas,0,2,0.0000,2.00
series coreanas 2026 netflix,0,6,0.0000,1.00
series coreanas de amor 2026,0,3,0.0000,1.67
series coreanas de amor en netflix 2026,0,1,0.0000,1.00
series coreanas de netflix 2026,0,1,0.0000,1.00
series coreanas del 2026,0,1,0.0000,5.00
series coreanas en disney plus,0,1,0.0000,1.00
series coreanas en disney plus 2026,0,1,0.0000,2.00
series coreanas en emision 2026,0,1,0.0000,1.00
series coreanas en español 2026,0,2,0.0000,3.00
series coreanas en netflix,0,1,0.0000,2.00
series coreanas en tendencia 2026,0,1,0.0000,3.00
series coreanas netflix 2026,0,6,0.0000,1.67
series coreanas nuevas en netflix 2026,0,2,0.0000,2.00
series de netflix 2026 coreanas,0,1,0.0000,1.00
series de netflix coreanas 2026,0,1,0.0000,3.00
series kdramas 2026,0,1,0.0000,3.00
series korea netflix 2026,0,2,0.0000,1.00
series netflix coreanas 2026,0,1,0.0000,1.00
series nuevas coreanas 2026,0,1,0.0000,1.00
service militaire,0,1,0.0000,12.00
servicio militar bts,0,1,0.0000,10.00
seul güney kore gezilecek yerler,0,1,0.0000,12.00
seul tower,0,1,0.0000,2.00
seul'de gezilecek yerler,0,1,0.0000,37.00
seven eleven seoul,0,1,0.0000,3.00
sexiest korean actor,0,1,0.0000,4.00
señor en coreano ahjussi,0,95,0.0000,3.56
shade 21 korean foundation,0,1,0.0000,7.00
shade 23 korean foundation,0,1,0.0000,8.00
share exact dates,0,1,0.0000,2.00
shin clan,0,1,0.0000,3.00
shin clan korea,0,1,0.0000,5.00
shin dong yup controversy,0,3,0.0000,8.00
shin dong yup scandal,0,1,0.0000,7.00
shin dong yup scandal 2000,0,5,0.0000,2.80
shin or jin ramen,0,1,0.0000,13.00
shin ramen price in korea,0,1,0.0000,1.00
shin ramen scoville units,0,1,0.0000,4.00
shin ramen types,0,1,0.0000,49.00
shin ramen vs jin ramen,0,3,0.0000,10.33
shin ramyun meaning,0,3,0.0000,40.33
shin ramyun red super spicy scoville,0,1,0.0000,3.00
shin ramyun super spicy scoville,0,1,0.0000,2.00
shin ramyun variations,0,2,0.0000,60.00
shin ramyun vs jin ramen,0,13,0.0000,11.23
shin vs jin ramen,0,6,0.0000,8.83
shinding,0,1,0.0000,5.00
shingu university,0,1,0.0000,4.00
shinhan university,0,1,0.0000,4.00
shinsegae,0,1,0.0000,3.00
shinsegae family,0,3,0.0000,45.00
shinsegae gangnam food hall,0,2,0.0000,8.50
shinsegae group,0,1,0.0000,3.00
shinyongsan,0,1,0.0000,37.00
ship from korea to us,0,1,0.0000,23.00
shipping from korea,0,20,0.0000,24.35
shipping from korea to us,0,2,0.0000,31.00
shipping from korea to us price,0,1,0.0000,1.00
shipping from korea to usa,0,30,0.0000,25.60
shipping from south korea to,0,7,0.0000,27.43
shipping from south korea to us,0,3,0.0000,25.33
shipping korea to usa,0,1,0.0000,30.00
shopping areas in seoul,0,1,0.0000,29.00
shopping district seoul,0,1,0.0000,31.00
shopping mall arcade,0,1,0.0000,6.00
shopping malls in gangnam,0,1,0.0000,25.00
shopping near seoul station,0,1,0.0000,35.00
shortlist of luxury fashion services seoul,0,9,0.0000,85.89
show images,0,1,0.0000,4.00
show me,0,1,0.0000,4.00
show me images,0,1,0.0000,9.00
show me photos,0,1,0.0000,2.00
show me pictures,0,2,0.0000,5.50
show me the apps,0,1,0.0000,6.00
show me the money,0,1,0.0000,5.00
show me the money korea,0,1,0.0000,24.00
show top 10,0,1,0.0000,5.00
shows similar to singles inferno,0,1,0.0000,2.00
shu,0,1,0.0000,6.00
si,0,7,0.0000,4.29
si grazie,0,1,0.0000,19.00
si hablame de eso,0,1,0.0000,13.00
si pls,0,1,0.0000,3.00
si por favor,0,1,0.0000,2.00
siang hari,0,1,0.0000,3.00
siapa wonyoung,0,1,0.0000,1.00
sida drink,0,1,0.0000,1.00
side dish in korean,0,8,0.0000,42.13
side dishes in korea,0,2,0.0000,47.50
side dishes in korean,0,6,0.0000,42.83
side effect of eating garlic everyday,0,1,0.0000,3.00
sides of seoul sos korean take out,0,3,0.0000,56.00
siero medicube,0,1,0.0000,2.00
siero medicube rosa,0,1,0.0000,2.00
significado de ahjussi,0,4,0.0000,2.25
sii quiero,0,1,0.0000,2.00
sikhye cookie,0,1,0.0000,10.00
silla royal clan kim surname,0,2,0.0000,7.00
silla royal family kim surname,0,2,0.0000,2.50
silla royal family surname kim,0,9,0.0000,6.89
sim,0,3,0.0000,5.67
sind sie echt?,0,1,0.0000,4.00
singapore airline,0,1,0.0000,4.00
singapore airline sq,0,1,0.0000,9.00
sir in korea,0,10,0.0000,2.00
sir in korean formal,0,5,0.0000,5.20
sir in korean informal,0,7,0.0000,2.00
sir in korean language,0,37,0.0000,2.19
sir korean,0,4,0.0000,1.75
sir meaning in korean,0,1,0.0000,2.00
sir or ma am in korean,0,1,0.0000,1.00
sistem umur di korea,0,1,0.0000,12.00
sistema de edad coreano,0,14,0.0000,9.93
site:www.epickor.com,0,98,0.0000,38.76
situacion politica,0,1,0.0000,1.00
sk hynix latest news 2026,0,1,0.0000,8.00
sk hynix news today 2026,0,1,0.0000,8.00
sk hynix samsung electronics outlook july 2026 semiconductor stocks korea 2026,0,1,0.0000,7.00
sk hynix stock drop july 2026 reasons 2026,0,1,0.0000,11.00
sk hynix stock outlook july 2026 korea,0,1,0.0000,10.00
skhy korea,0,1,0.0000,1.00
skin care,0,1,0.0000,1.00
skin head co to,0,1,0.0000,46.00
skincare routine order korean,0,1,0.0000,56.00
skincare+cathedral,0,1,0.0000,11.00
skintone,0,1,0.0000,3.00
skku,0,8,0.0000,3.75
skku university,0,1,0.0000,3.00
sky,0,5,0.0000,10.60
sky castle university,0,2,0.0000,24.50
sky college korea,0,45,0.0000,8.27
sky colleges,0,17,0.0000,9.76
sky colleges korea,0,34,0.0000,8.68
sky full form,0,2,0.0000,1.00
sky hàn quốc,0,4,0.0000,57.25
sky in korea,0,15,0.0000,9.93
sky in korea university,0,20,0.0000,6.70
sky kore,0,4,0.0000,10.50
sky korea,0,365,0.0000,8.42
sky korea uni,0,3,0.0000,7.00
sky korea universities,0,439,0.0000,6.75
sky korea university,0,754,0.0000,8.01
sky korean,0,23,0.0000,10.35
sky korean universities,0,179,0.0000,7.80
sky korean university,0,32,0.0000,7.41
sky meaning in korean,0,4,0.0000,8.50
sky ranking,0,1,0.0000,7.00
sky school korea,0,101,0.0000,6.62
sky schools,0,2,0.0000,2.00
sky schools in korea,0,5,0.0000,7.80
sky schools korea,0,236,0.0000,8.38
sky seoul korea yonsei,0,8,0.0000,7.13
sky seoul tower,0,1,0.0000,3.00
sky seoul university,0,49,0.0000,7.76
sky south korea,0,138,0.0000,8.68
sky south korea university,0,6,0.0000,7.67
sky tower seoul,0,1,0.0000,2.00
sky trio korea,0,33,0.0000,8.39
sky uni,0,260,0.0000,8.26
sky uni korea,0,122,0.0000,6.33
sky unis,0,85,0.0000,8.05
sky unis korea,0,32,0.0000,8.78
sky univ,0,17,0.0000,8.59
sky universities,0,1841,0.0000,8.16
sky universities acceptance rate,0,2,0.0000,15.50
sky universities korea acronym,0,7,0.0000,8.29
sky universities korea acronym seoul national university korea university yonsei university,0,5,0.0000,6.60
sky universities korea definition,0,12,0.0000,7.42
sky universities korea meaning,0,207,0.0000,9.14
sky universities seoul,0,2,0.0000,6.50
sky universities seoul national university korea university yonsei university,0,21,0.0000,8.57
sky universities seoul national university korea university yonsei university acronym,0,5,0.0000,8.00
sky universities south korea acronym,0,119,0.0000,7.80
sky universities south korea acronym official explanation,0,9,0.0000,9.11
sky universities south korea acronym official meaning,0,40,0.0000,6.03
sky universities south korea definition,0,135,0.0000,6.96
sky universities south korea meaning,0,560,0.0000,8.99
sky universities south korea seoul national korea yonsei,0,7,0.0000,6.14
sky universities south korea term,0,16,0.0000,10.75
sky universities south korea term meaning,0,45,0.0000,6.84
sky university acceptance rate,0,4,0.0000,16.25
sky university in korea,0,493,0.0000,8.25
sky university korea acceptance rate,0,1,0.0000,11.00
sky university korea ranking,0,36,0.0000,7.11
sky university meaning,0,2,0.0000,6.50
sky university ranking,0,34,0.0000,8.50
sky university vs kaist,0,5,0.0000,5.80
"sky university, korea acceptance rate",0,1,0.0000,11.00
sky корея,0,8,0.0000,20.75
skye university,0,1,0.0000,43.00
skywalk seoul,0,4,0.0000,12.00
sky是什麼,0,1,0.0000,8.00
sleep in incheon airport,0,1,0.0000,31.00
sleeping area incheon airport,0,1,0.0000,37.00
sleeping in incheon airport,0,1,0.0000,34.00
slid,0,1,0.0000,2.00
slippers for home,0,1,0.0000,7.00
smoked garlic,0,1,0.0000,3.00
smtm meaning,0,10,0.0000,10.10
snackfever free returns,0,1,0.0000,94.00
snail mucin humectant,0,1,0.0000,52.00
snu,0,10,0.0000,2.60
snu cse fees,0,1,0.0000,3.00
snu delhi,0,1,0.0000,5.00
snu korean,0,4,0.0000,2.25
snu medical school,0,20,0.0000,2.50
snu medicine,0,1,0.0000,2.00
snu or yonsei,0,2,0.0000,12.00
snu qs ranking,0,1,0.0000,3.00
snu ranking in the world,0,2,0.0000,2.00
snu seoul,0,1,0.0000,3.00
snu university,0,12,0.0000,2.58
snu university korea uniform,0,1,0.0000,3.00
snu vs korea university,0,6,0.0000,10.83
snu vs vit,0,1,0.0000,3.00
snu vs yonsei,0,10,0.0000,11.70
snu world ranking,0,1,0.0000,3.00
so cheap?,0,1,0.0000,3.00
sobangnim artinya,0,1,0.0000,11.00
sociology or anthropology,0,1,0.0000,1.00
soft power korea,0,1,0.0000,85.00
sogaeting,0,4,0.0000,2.50
sogang university,0,8,0.0000,2.88
sogang university photos,0,2,0.0000,1.00
sogang university ranking,0,1,0.0000,3.00
soghiro artinya,0,2,0.0000,43.50
sogong underground shopping center,0,1,0.0000,25.00
soju and beer name,0,1,0.0000,11.00
soju and makgeolli,0,9,0.0000,14.78
soju culture,0,1,0.0000,1.00
soju drinking culture,0,1,0.0000,1.00
soju etiquette,0,1,0.0000,65.00
soju makgeolli,0,2,0.0000,9.00
soju tent,0,4,0.0000,22.50
soju vs makgeolli,0,22,0.0000,17.18
sokcho vs busan,0,2,0.0000,44.00
sokor,0,3,0.0000,49.00
sokor korea,0,2,0.0000,62.50
sold out on you berapa episode,0,1,0.0000,3.00
solo dining korea,0,1,0.0000,47.00
somaek,0,55,0.0000,34.00
somaek alcohol percentage,0,5,0.0000,11.20
somaek beer,0,3,0.0000,37.67
somaek bomb,0,2,0.0000,17.00
somaek drink,0,3,0.0000,24.00
somaek korea,0,2,0.0000,19.50
somaek korean drink,0,2,0.0000,20.00
somaek meaning,0,3,0.0000,13.67
somaek menu,0,1,0.0000,3.00
somaek photos,0,1,0.0000,30.00
somaek pronounce,0,1,0.0000,32.00
somaek pronunciation,0,1,0.0000,29.00
somaek ratio,0,3,0.0000,20.67
somaek soju,0,1,0.0000,42.00
somaek soju bomb,0,1,0.0000,35.00
somaek tower,0,1,0.0000,31.00
somaek vs maekju,0,1,0.0000,16.00
somec drink,0,1,0.0000,11.00
somek drink,0,1,0.0000,25.00
somek korean,0,1,0.0000,48.00
son of bitch in korean,0,1,0.0000,3.00
songdo beach vs haeundae beach,0,2,0.0000,7.50
sookmyung girls' high school,0,1,0.0000,2.00
sookmyung girls' high school seoul,0,1,0.0000,13.00
sookmyung women's university,0,6,0.0000,2.67
sookmyung women's university ranking,0,1,0.0000,2.00
sookmyung womens university,0,2,0.0000,3.00
sool jib meaning,0,2,0.0000,81.00
soonchunhyang university,0,3,0.0000,3.33
soongsil university,0,1,0.0000,3.00
sopa high school,0,1,0.0000,3.00
sorry korea,0,1,0.0000,16.00
sounds like naver webtoon,0,2,0.0000,8.50
soup and ideology,0,1,0.0000,54.00
south korea,0,14,0.0000,3.36
south korea administers dokdo official source,0,1,0.0000,5.00
south korea adult age,0,2,0.0000,30.00
south korea age,0,2,0.0000,19.50
south korea age of majority,0,1,0.0000,27.00
south korea age system,0,4,0.0000,33.75
south korea alarm,0,2,0.0000,9.00
south korea analog semiconductor market,0,1,0.0000,72.00
south korea application processor market,0,4,0.0000,65.75
south korea arrival card 2026,0,1,0.0000,22.00
south korea auto export industry,0,1,0.0000,7.00
south korea autumn 2026,0,1,0.0000,11.00
south korea autumn foliage forecast 2026,0,3,0.0000,10.00
south korea autumn season 2026,0,1,0.0000,1.00
south korea bathroom,0,1,0.0000,1.00
south korea best university,0,1,0.0000,2.00
south korea bidets market,0,191,0.0000,13.71
south korea blood type,0,1,0.0000,28.00
south korea blood type personality,0,20,0.0000,11.70
south korea busan,0,1,0.0000,2.00
south korea by 2750,0,1,0.0000,1.00
south korea chuseok 2026,0,4,0.0000,10.50
south korea chuseok 2026 dates official,0,1,0.0000,12.00
south korea chuseok 2026 dates september 2026,0,1,0.0000,9.00
south korea clans,0,2,0.0000,8.00
south korea clear ice makers market,0,1,0.0000,69.00
south korea convenience store prices,0,1,0.0000,2.00
south korea convenience stores,0,4,0.0000,65.25
south korea current political situation 2026,0,2,0.0000,14.00
south korea current president 2026,0,11,0.0000,11.73
south korea current president 2026 party,0,4,0.0000,8.50
south korea current president party 2026,0,1,0.0000,7.00
south korea current ruling party 2026,0,1,0.0000,9.00
south korea current ruling party 2026 president party,0,2,0.0000,6.50
south korea cute,0,1,0.0000,11.00
south korea e visa market,0,1,0.0000,34.00
south korea e-commerce labor issues,0,1,0.0000,3.00
south korea e-passport e visa market,0,43,0.0000,32.65
south korea edge analytics market,0,7,0.0000,93.00
south korea embedded analytics market,0,1,0.0000,98.00
south korea employment,0,4,0.0000,45.75
south korea etf market events today,0,2,0.0000,8.50
south korea etf market reaction july 4 2026,0,31,0.0000,1.35
south korea etf performance today july 4 2026,0,6,0.0000,4.83
south korea foliage forecast 2026,0,1,0.0000,11.00
south korea food,0,1,0.0000,2.00
south korea food culture,0,2,0.0000,2.50
south korea gaming cafe,0,4,0.0000,8.00
south korea head spa,0,1,0.0000,32.00
south korea health supplements market,0,2,0.0000,87.00
south korea high school names,0,1,0.0000,9.00
south korea highest paying jobs,0,1,0.0000,32.00
south korea hiking culture,0,1,0.0000,8.00
south korea in september,0,1,0.0000,5.00
south korea independence day celebration,0,1,0.0000,3.00
south korea internet cafe,0,1,0.0000,48.00
south korea is it democratic or republic,0,1,0.0000,49.00
south korea job market,0,3,0.0000,42.00
south korea legal age,0,1,0.0000,34.00
south korea linux operating system market,0,6,0.0000,97.00
south korea lost and found,0,20,0.0000,8.15
south korea major political parties,0,2,0.0000,6.50
south korea marriage culture,0,2,0.0000,16.50
south korea me,0,1,0.0000,5.00
south korea mortuary refrigerator market,0,5,0.0000,60.00
south korea mosquito,0,3,0.0000,10.67
south korea mosquito repellent market,0,2,0.0000,19.00
south korea national dog,0,2,0.0000,10.50
south korea national football team,0,1,0.0000,7.00
south korea national football team best players 2026 son heung-min lee kang-in kim min-jae,0,1,0.0000,8.00
south korea national liberation day,0,1,0.0000,2.00
south korea no 1 university,0,1,0.0000,2.00
south korea number of pc bangs 2026,0,2,0.0000,9.50
south korea october,0,1,0.0000,3.00
south korea palace,0,1,0.0000,2.00
south korea parties,0,6,0.0000,9.50
south korea party,0,3,0.0000,15.33
south korea pc bang,0,3,0.0000,11.33
south korea pc bang count 2026,0,1,0.0000,11.00
south korea pc bang total usage hours 2026,0,2,0.0000,9.50
south korea people power party current status 2026,0,1,0.0000,8.00
south korea plastic surgery capital,0,1,0.0000,65.00
south korea plastic surgery capital of the world,0,1,0.0000,80.00
south korea political news july 2026,0,1,0.0000,10.00
south korea political parties,0,77,0.0000,12.87
south korea political party,0,2,0.0000,23.50
south korea pouches market,0,1,0.0000,32.00
south korea president 2026 current,0,5,0.0000,11.20
south korea president 2026 name,0,1,0.0000,10.00
south korea president current 2026,0,3,0.0000,11.33
south korea president name 2026,0,1,0.0000,11.00
south korea president party,0,1,0.0000,14.00
south korea presidential election 2026,0,4,0.0000,9.25
south korea presidential election winner,0,6,0.0000,2.00
south korea public toilets,0,6,0.0000,9.50
south korea refurbished medical devices market,0,3,0.0000,65.00
south korea rules for foreigners,0,1,0.0000,3.00
south korea ruling party,0,2,0.0000,18.00
south korea scalp treatment,0,1,0.0000,29.00
south korea seoul to busan,0,1,0.0000,96.00
south korea sky,0,4,0.0000,15.50
south korea sky universities,0,180,0.0000,6.66
south korea sky universities meaning,0,24,0.0000,7.75
south korea souvenirs,0,2,0.0000,41.50
south korea stationery shop,0,1,0.0000,21.00
south korea system on chip market,0,13,0.0000,81.62
south korea time now,0,1,0.0000,2.00
south korea time right now,0,1,0.0000,2.00
south korea today,0,1,0.0000,3.00
south korea toilet,0,33,0.0000,14.85
south korea toilets,0,67,0.0000,9.76
south korea top 3 universities,0,1,0.0000,7.00
south korea top schools,0,1,0.0000,2.00
south korea top university,0,1,0.0000,3.00
south korea university,0,4,0.0000,39.50
south korea university rankings,0,1,0.0000,7.00
south korea vs india,0,1,0.0000,3.00
south korea waterbomb,0,1,0.0000,31.00
south korea weather,0,2,0.0000,3.00
south korea webtoon,0,2,0.0000,7.00
south korea work,0,1,0.0000,68.00
south korea year 2750,0,1,0.0000,2.00
south korea yongsan,0,11,0.0000,30.00
south korean age system,0,2,0.0000,36.50
south korean alcohol,0,1,0.0000,47.00
south korean beaches,0,1,0.0000,3.00
south korean blood type personality,0,1,0.0000,35.00
south korean breakfast,0,3,0.0000,61.33
south korean clans,0,8,0.0000,11.50
south korean date,0,1,0.0000,53.00
south korean dating apps,0,1,0.0000,9.00
south korean dogs,0,1,0.0000,37.00
south korean drinks,0,1,0.0000,43.00
south korean food,0,1,0.0000,3.00
south korean jindo,0,1,0.0000,55.00
south korean kim,0,1,0.0000,3.00
south korean occupations,0,4,0.0000,33.25
south korean parties,0,25,0.0000,8.44
south korean political parties,0,55,0.0000,9.13
south korean politicians,0,1,0.0000,3.00
south korean politics,0,1,0.0000,3.00
south korean souvenirs,0,1,0.0000,98.00
south korean technology inventions,0,1,0.0000,10.00
south korean toilet,0,19,0.0000,19.32
south korean toilets,0,24,0.0000,12.63
south korean weather,0,1,0.0000,2.00
south korean webtoon,0,60,0.0000,9.63
south korean webtoons,0,3,0.0000,28.00
south korean work,0,1,0.0000,51.00
souvenir from korea,0,1,0.0000,30.00
souvenir in korean,0,2,0.0000,26.00
souvenir korea,0,7,0.0000,39.57
souvenirs from korea,0,4,0.0000,36.00
souvenirs in south korea,0,1,0.0000,37.00
souvenirs korea,0,4,0.0000,35.25
spa in dubai,0,1,0.0000,3.00
spa in garden 5 seoul,0,1,0.0000,9.00
spa land centum city location,0,1,0.0000,8.00
spam gift box korea,0,1,0.0000,2.00
spam gold bar edition,0,1,0.0000,25.00
spam korea gift set,0,1,0.0000,5.00
spice level,0,1,0.0000,2.00
spicy noodles scoville,0,1,0.0000,26.00
spicy rate,0,1,0.0000,1.00
spicy seafood,0,1,0.0000,3.00
spiral potato,0,1,0.0000,6.00
spiral potato origin,0,1,0.0000,6.00
spoon in korea,0,2,0.0000,50.00
spoon in korean,0,1,0.0000,3.00
sprite in korea,0,3,0.0000,10.67
sprite in korean,0,2,0.0000,2.00
squat toilet korea,0,1,0.0000,9.00
squid game area,0,1,0.0000,28.00
squid game arena,0,2,0.0000,10.00
squid game city,0,1,0.0000,26.00
squid game film location,0,2,0.0000,9.50
squid game filmed,0,1,0.0000,18.00
squid game filming location,0,1,0.0000,7.00
squid game filming set,0,1,0.0000,14.00
squid game in real life location,0,17,0.0000,8.53
squid game island filming location,0,1,0.0000,9.00
squid game located,0,1,0.0000,33.00
squid game location,0,7,0.0000,28.14
squid game locations,0,15,0.0000,10.13
squid game place,0,3,0.0000,41.33
squid game places,0,1,0.0000,14.00
squid game real life location,0,6,0.0000,11.33
squid game real life place,0,1,0.0000,24.00
squid game real location,0,30,0.0000,10.70
squid game real place,0,1,0.0000,26.00
squid game seoul,0,1,0.0000,3.00
squid game seoul filming locations,0,1,0.0000,7.00
squid game set location,0,2,0.0000,8.50
squid game shooting location,0,29,0.0000,7.69
squid games filming locations,0,1,0.0000,12.00
squid games location,0,3,0.0000,31.33
srt vs ktx,0,3,0.0000,8.33
ssak3,0,1,0.0000,3.00
ssamjang,0,41,0.0000,34.61
ssamjang for korean bbq,0,1,0.0000,44.00
ssamjang in korean,0,1,0.0000,51.00
ssamjang kbbq,0,1,0.0000,59.00
ssamjang korean bbq sauce,0,1,0.0000,33.00
ssamjang meaning,0,3,0.0000,25.67
ssamjang sauce,0,6,0.0000,33.17
ssamjang taste,0,1,0.0000,40.00
ssamjang uses,0,9,0.0000,58.67
ssamjang vs doenjang,0,2,0.0000,65.00
ssamjang vs gochujang,0,1,0.0000,66.00
sta je ovo,0,1,0.0000,22.00
star,0,1,0.0000,7.00
star hostel dongdaemun suite,0,1,0.0000,6.00
stationery store in seoul,0,1,0.0000,30.00
stationery store seoul,0,1,0.0000,22.00
stationery stores in korea,0,1,0.0000,16.00
stationery stores in seoul,0,1,0.0000,28.00
stone bowl korean restaurant menu,0,1,0.0000,2.00
stop the car pujangnim meaning,0,1,0.0000,7.00
store guide travel,0,1,0.0000,6.00
store restaurant,0,2,0.0000,9.50
store restaurant travel,0,1,0.0000,1.00
stranger,0,1,0.0000,1.00
stranger in korean,0,19,0.0000,9.84
stranger in korean language,0,1,0.0000,11.00
strangers in korean,0,1,0.0000,9.00
strawberry milkis,0,1,0.0000,2.00
street markets in seoul,0,1,0.0000,2.00
study cafe korea,0,1,0.0000,20.00
study?,0,1,0.0000,16.00
stuff to buy in korea,0,1,0.0000,41.00
styler,0,1,0.0000,14.00
subeesu meaning,0,2,0.0000,29.50
subway etiquette,0,1,0.0000,1.00
subway etiquette tips,0,3,0.0000,9.67
subway korea food,0,1,0.0000,2.00
subway korean food,0,2,0.0000,9.00
subway rules,0,1,0.0000,31.00
subway station underground shopping mall june 2023,0,1,0.0000,8.00
subway station underground shopping mall june 2023 multiple lines,0,1,0.0000,3.00
subway station underground shopping mall multiple lines,0,5,0.0000,7.80
subway station underground shopping mall multiple lines 2023,0,2,0.0000,7.00
subway station underground shopping mall multiple lines june 2023,0,2,0.0000,9.00
suitcase,0,1,0.0000,6.00
sumbisori,0,4,0.0000,43.50
summer kpop idol,0,1,0.0000,1.00
summer queen,0,1,0.0000,8.00
sun chip korea,0,3,0.0000,6.33
sun chips korea,0,2,0.0000,5.00
sun chips korean,0,2,0.0000,5.50
sun korean chips,0,1,0.0000,11.00
sun moon university,0,2,0.0000,3.00
sun moon university ranking,0,1,0.0000,3.00
sun moon university ranking in south korea,0,1,0.0000,2.00
sunbae,0,1,0.0000,2.00
sunbae meaning,0,1,0.0000,2.00
sunbae meaning in korean,0,1,0.0000,2.00
sunbaenim meaning,0,1,0.0000,2.00
sunchon national university,0,1,0.0000,4.00
sunday running club,0,1,0.0000,2.00
sunday seoul,0,1,0.0000,4.00
suneung,0,1,0.0000,3.00
suneung 2026 date,0,2,0.0000,1.00
suneung date,0,1,0.0000,1.00
suneung exam date 2026,0,4,0.0000,5.00
sung ahn,0,5,0.0000,19.60
sung ahn chef,0,1,0.0000,14.00
sung jae ahn,0,6,0.0000,11.17
sung jae chef,0,1,0.0000,20.00
sung-jae ahn,0,1,0.0000,12.00
sungkyunkwan,0,1,0.0000,4.00
sungkyunkwan university,0,3,0.0000,2.33
sungkyunkwan university medical school,0,1,0.0000,2.00
sungkyunkwan university ranking,0,3,0.0000,3.67
sungsimdang daejeon station,0,1,0.0000,24.00
sunmoon university,0,1,0.0000,2.00
sunscreen ban,0,2,0.0000,16.50
sunscren,0,1,0.0000,3.00
super korea,0,1,0.0000,29.00
superstition in korea,0,1,0.0000,72.00
superstition in korean,0,1,0.0000,47.00
superstitions en corée du sud,0,30,0.0000,62.23
superstitions in korea,0,1,0.0000,47.00
superstitious in korean,0,1,0.0000,66.00
sure,0,1,0.0000,9.00
sure!,0,1,0.0000,12.00
surname in korea,0,1,0.0000,2.00
surname kim,0,2,0.0000,17.00
surname kim origin,0,11,0.0000,10.00
suspicious partner,0,1,0.0000,4.00
sutgarak,0,5,0.0000,11.00
sutgarak spoon,0,1,0.0000,8.00
suwon history,0,1,0.0000,7.00
suzy,0,1,0.0000,3.00
suzy architecture,0,1,0.0000,11.00
suzy meaning in korean,0,7,0.0000,9.86
sve me zanima,0,1,0.0000,10.00
série coréen netflix 2026,0,1,0.0000,2.00
série coréenne 2026,0,2,0.0000,2.50
série coréenne netflix romantique 2026,0,1,0.0000,3.00
sí,0,1,0.0000,1.00
südkorea,0,6,0.0000,3.17
südkorea wetter,0,1,0.0000,2.00
t1 base camp prices,0,1,0.0000,3.00
taehyung military date,0,1,0.0000,46.00
taejongdae photos,0,1,0.0000,1.00
taiwan etf market events july 4 2026,0,6,0.0000,8.33
tak,0,3,0.0000,7.00
tak prosze napisz,0,1,0.0000,1.00
tak sprawdz,0,1,0.0000,1.00
take-out fried chicken market,0,1,0.0000,47.00
takju vs yakju,0,2,0.0000,59.50
talk show,0,1,0.0000,11.00
taurine,0,1,0.0000,6.00
tax refund daiso korea,0,6,0.0000,7.50
tax refund kiosk seoul,0,1,0.0000,27.00
tax refund korea olive young,0,2,0.0000,10.50
tax refund olive young korea,0,1,0.0000,9.00
taxi from incheon airport to seoul,0,1,0.0000,29.00
taxi from incheon to seoul,0,2,0.0000,27.50
taxi to airport seoul,0,1,0.0000,24.00
tboi breakfast,0,2,0.0000,3.50
teh kor meaning,0,1,0.0000,23.00
teknologi,0,1,0.0000,4.00
tell,0,1,0.0000,5.00
tell me,0,1,0.0000,5.00
tell me about the company,0,1,0.0000,4.00
tell me more,0,2,0.0000,1.50
temple food,0,2,0.0000,55.00
tent bar korea,0,2,0.0000,8.00
tent restaurant korea,0,2,0.0000,8.50
tent seoul,0,1,0.0000,9.00
terceira opção,0,1,0.0000,9.00
termin,0,1,0.0000,4.00
terminal 1,0,1,0.0000,11.00
terminal 2,0,1,0.0000,1.00
tesagi meaning,0,1,0.0000,42.00
tewak jeju,0,1,0.0000,74.00
thank you sir in korean,0,4,0.0000,2.00
thank you uncle in korean,0,2,0.0000,2.00
the 3rd,0,1,0.0000,1.00
the banana kick,0,1,0.0000,1.00
the banchan,0,1,0.0000,39.00
the best k drama of 2026,0,1,0.0000,30.00
the best kdrama of 2026,0,1,0.0000,11.00
the clap korea,0,1,0.0000,10.00
the girl from pc bang,0,3,0.0000,10.00
the husband kdrama how many episodes,0,1,0.0000,3.00
the korean,0,1,0.0000,7.00
the korean war,0,1,0.0000,2.00
the lights are out kdrama 2026 release date,0,1,0.0000,11.00
the man from nowhere ajeossi,0,2,0.0000,12.50
the man from nowhere movie in hindi,0,1,0.0000,2.00
the ocean calls: a haenyeo mermaid story,0,1,0.0000,96.00
the one on netflix,0,1,0.0000,4.00
the place,0,1,0.0000,1.00
the premise kdrama,0,23,0.0000,8.74
the prices,0,1,0.0000,2.00
the righteous army korea,0,1,0.0000,2.00
the sea women of jeju,0,1,0.0000,74.00
the spa in garden 5 seoul,0,1,0.0000,7.00
the tiger next door naver,0,1,0.0000,4.00
the webtoon,0,1,0.0000,5.00
the wonderfools,0,1,0.0000,45.00
theft in korea,0,2,0.0000,12.00
thera suzy,0,1,0.0000,21.00
there should be more,0,1,0.0000,15.00
these two?,0,1,0.0000,1.00
they are ai,0,1,0.0000,2.00
things to bring to korea,0,1,0.0000,53.00
things to buy at daiso,0,2,0.0000,6.00
things to buy in daiso,0,2,0.0000,18.50
things to buy in daiso korea,0,13,0.0000,8.46
things to buy in korea,0,8,0.0000,35.50
things to buy korea,0,2,0.0000,33.50
things to do in mangwon,0,1,0.0000,56.00
things to do in yongsan,0,1,0.0000,21.00
things to do in yongsan seoul,0,2,0.0000,29.00
third one,0,1,0.0000,3.00
this,0,1,0.0000,1.00
this and,0,1,0.0000,23.00
this?,0,1,0.0000,1.00
three kims,0,1,0.0000,38.00
three star chef,0,1,0.0000,29.00
ticket game coffee,0,1,0.0000,4.00
ticket prices,0,1,0.0000,2.00
ticket prices please,0,1,0.0000,8.00
ticket sales,0,1,0.0000,5.00
tiene alcohol?,0,1,0.0000,21.00
tiene tiendas fisicas,0,1,0.0000,5.00
time in korea right now,0,1,0.0000,2.00
time in seoul,0,1,0.0000,2.00
timeanddate chuseok 2026 south korea,0,1,0.0000,8.00
tipping in korea,0,1,0.0000,3.00
to the us,0,1,0.0000,7.00
toast sauce,0,1,0.0000,32.00
tobanjan vs gochujang,0,1,0.0000,7.00
toilet di korea selatan,0,1,0.0000,3.00
toilet in korea,0,95,0.0000,10.11
toilet in myeongdong,0,1,0.0000,1.00
toilet in south korea,0,9,0.0000,12.11
toilet korea,0,20,0.0000,11.25
toilet paper korea,0,1,0.0000,11.00
toilets,0,2,0.0000,26.50
toilets in korea,0,150,0.0000,9.93
toilets in seoul,0,3,0.0000,13.00
toilets near me,0,1,0.0000,6.00
tojang vs doenjang,0,1,0.0000,53.00
tokbokki near me,0,3,0.0000,8.00
toki korean,0,1,0.0000,19.00
toko ri korea,0,1,0.0000,77.00
tonight kdrama,0,1,0.0000,1.00
toomba buldak,0,1,0.0000,6.00
toon korea,0,1,0.0000,9.00
toon manhwa,0,2,0.0000,40.50
toon scan,0,1,0.0000,5.00
toony manwha,0,2,0.0000,4.50
toowong dessert,0,1,0.0000,27.00
top 1 korean drama 2026,0,1,0.0000,1.00
top 1 korean university,0,1,0.0000,2.00
"top 10 best high schools in seoul, south korea",0,4,0.0000,9.50
top 10 best k-dramas of all time 2026,0,4,0.0000,16.00
top 10 best korean dramas 2026,0,2,0.0000,18.00
top 10 dramas of 2026,0,1,0.0000,1.00
top 10 highest paying jobs in south korea,0,1,0.0000,30.00
top 10 kdramas 2026,0,1,0.0000,2.00
top 10 korean drama 2026,0,37,0.0000,3.68
top 10 korean drama 2026 romantic comedy,0,1,0.0000,1.00
top 10 korean universities,0,1,0.0000,2.00
top 10 universities in south korea,0,1,0.0000,4.00
top 10 university in korea,0,2,0.0000,3.50
top 10 university in south korea,0,4,0.0000,3.00
top 2026 kdrama list,0,1,0.0000,18.00
top 2026 korean dramas,0,1,0.0000,1.00
top 3 south korean universities,0,1,0.0000,4.00
top 3 universities in korea,0,3,0.0000,2.33
top 3 university korea,0,1,0.0000,12.00
top 5 korean drama 2026,0,1,0.0000,12.00
top colleges in korea,0,1,0.0000,3.00
top doramas 2026,0,1,0.0000,7.00
top drama korea 2026,0,1,0.0000,1.00
top frag pc bang reviews,0,1,0.0000,28.00
top high school in korea,0,1,0.0000,1.00
top high schools in korea,0,1,0.0000,11.00
top jobs in korea,0,2,0.0000,29.00
top jobs in south korea,0,3,0.0000,47.00
top k drama 2026,0,1,0.0000,3.00
top k drama in 2026,0,1,0.0000,1.00
top k dramas 2026,0,2,0.0000,4.00
top k-dramas on netflix 2026,0,2,0.0000,20.00
top k-dramas to watch right now 2026,0,1,0.0000,10.00
top kdrama 2026,0,7,0.0000,4.14
top kdramas of 2026,0,1,0.0000,3.00
top korean drama 2026,0,2,0.0000,4.00
top korean drama 2026 netflix,0,1,0.0000,4.00
top korean drama on netflix 2026,0,2,0.0000,24.00
top korean dramas 2026,0,1,0.0000,17.00
top korean high schools,0,1,0.0000,7.00
top korean netflix series 2026,0,2,0.0000,11.00
top korean series on netflix 2026,0,2,0.0000,10.50
top korean universities,0,4,0.0000,3.50
top luxury brands in korea,0,1,0.0000,35.00
top new kdrama 2026,0,1,0.0000,30.00
top paying jobs in korea,0,5,0.0000,37.80
top paying jobs in south korea,0,2,0.0000,57.50
top rated korean dramas on netflix 2026,0,1,0.0000,18.00
top school in korea,0,1,0.0000,2.00
top ten korean drama 2026,0,1,0.0000,1.00
top three korean universities,0,1,0.0000,11.00
top uni in korea,0,2,0.0000,2.50
top universities in korea,0,10,0.0000,2.90
top universities in seoul south korea,0,1,0.0000,2.00
top universities in south korea,0,4,0.0000,3.75
top universities in south korea for international students,0,1,0.0000,3.00
top universities of south korea,0,1,0.0000,3.00
top university in korea,0,3,0.0000,3.00
top university in korea 2026,0,2,0.0000,9.50
top university in seoul,0,1,0.0000,2.00
top university in south korea,0,1,0.0000,2.00
topickr,0,1,0.0000,51.00
topokki and tteokbokki difference,0,1,0.0000,40.00
topokki or tteokbokki,0,1,0.0000,52.00
torriden,0,1,0.0000,3.00
torriden dive in serum,0,1,0.0000,3.00
torriden dive-in serum,0,1,0.0000,3.00
torriden hyaluronic acid serum,0,1,0.0000,2.00
torriden meaning,0,1,0.0000,7.00
torriden spf 50,0,1,0.0000,2.00
toss app illustration style korean fintech,0,1,0.0000,11.00
toss app korea,0,2,0.0000,10.50
toss app south korea,0,1,0.0000,7.00
toss bank,0,2,0.0000,71.00
toss company,0,22,0.0000,9.41
toss finance,0,1,0.0000,30.00
toss fintech,0,3,0.0000,21.33
toss fintech korea,0,1,0.0000,11.00
toss korea fintech,0,3,0.0000,14.33
toss korean,0,1,0.0000,19.00
toss korean company,0,4,0.0000,8.25
toss payment adalah,0,1,0.0000,1.00
toss south korea,0,1,0.0000,41.00
toss viva republica,0,14,0.0000,8.43
total concurrent pc bang users korea 2026,0,4,0.0000,12.00
total concurrent users korean pc bangs 2026,0,1,0.0000,7.00
total number of computers in korean pc bangs 2026,0,1,0.0000,10.00
total number of pc bang seats in korea 2026,0,1,0.0000,9.00
total number of pc bang seats in south korea 2026,0,3,0.0000,6.33
total number of pc bang seats south korea 2026,0,1,0.0000,9.00
total number of pc bangs in korea 2026,0,2,0.0000,11.00
total number of pc bangs in south korea 2026,0,1,0.0000,12.00
total number of pc seats in korean pc bangs 2026,0,11,0.0000,7.55
total number of pc seats in south korea pc bangs 2026,0,1,0.0000,6.00
total number of pcs in korean pc bangs 2025,0,3,0.0000,6.33
total number of pcs in korean pc bangs 2026,0,15,0.0000,9.53
total number of pcs in south korea pc bangs 2026,0,1,0.0000,9.00
total number of pcs in south korean pc bangs 2026,0,1,0.0000,7.00
total number of seats in korean pc bangs 2026,0,8,0.0000,9.75
total number of seats in pc bangs south korea 2026,0,1,0.0000,11.00
total pc bang seats korea 2026,0,1,0.0000,10.00
total pc seats in korean pc bangs 2026,0,2,0.0000,8.00
total pc seats korean pc bangs 2026,0,1,0.0000,8.00
total seats in korean pc bangs 2026,0,1,0.0000,9.00
tour vs visit k eta,0,1,0.0000,28.00
tourism,0,1,0.0000,13.00
tourism individual vs group korea,0,3,0.0000,8.33
tourism individual vs group korea arrival card,0,7,0.0000,9.00
tourist,0,1,0.0000,5.00
trade korea,0,1,0.0000,4.00
tradekorea,0,1,0.0000,2.00
traders,0,1,0.0000,4.00
tradition in korea,0,1,0.0000,2.00
traditional haenyeo,0,1,0.0000,48.00
traditional korean age system,0,1,0.0000,12.00
traditional korean alcohol,0,4,0.0000,41.50
traditional korean banchan,0,1,0.0000,31.00
traditional korean breakfast,0,7,0.0000,37.86
traditional korean liquor,0,1,0.0000,29.00
traditional korean side dishes,0,3,0.0000,45.00
traditional korean snacks,0,1,0.0000,5.00
traditional korean sweets,0,1,0.0000,4.00
traditional korean toilet,0,2,0.0000,8.50
traditional last names,0,1,0.0000,4.00
traditional market in seoul,0,1,0.0000,31.00
traditional market seoul,0,1,0.0000,3.00
traditional south korean breakfast,0,1,0.0000,63.00
traditional tteokbokki,0,1,0.0000,4.00
traduction français-coréen,0,1,0.0000,2.00
traduiz,0,1,0.0000,2.00
transfer lounge korea,0,1,0.0000,19.00
transit in incheon,0,1,0.0000,20.00
transit in incheon airport,0,4,0.0000,22.25
transit incheon airport,0,3,0.0000,22.00
translate,0,1,0.0000,2.00
translate into korean language,0,1,0.0000,3.00
transport from incheon airport to seoul,0,16,0.0000,28.56
transportation from incheon airport to seoul,0,2,0.0000,24.00
trash can in korean,0,1,0.0000,2.00
trash cans in korea,0,5,0.0000,7.00
trash in korean,0,1,0.0000,2.00
travel from seoul to busan,0,2,0.0000,92.50
travel wallet korea,0,1,0.0000,32.00
trending drama 2026,0,1,0.0000,3.00
trending k drama on netflix 2026,0,1,0.0000,3.00
trending kdrama,0,2,0.0000,1.00
trending kdrama 2026,0,13,0.0000,2.23
trending kdramas 2026,0,1,0.0000,3.00
trending korean series on netflix 2026,0,2,0.0000,2.00
trendy k drama,0,3,0.0000,9.33
triangle gimpap,0,1,0.0000,31.00
triangle kimbab,0,1,0.0000,25.00
triangle kimbap,0,10,0.0000,38.50
triangle kimbap wrappers,0,2,0.0000,13.00
triangle kimpab,0,1,0.0000,30.00
triangle korean snack,0,2,0.0000,32.00
triangular kimbap,0,3,0.0000,50.33
tribe of hip hop,0,3,0.0000,32.33
trio ahjussi,0,1,0.0000,2.00
trip to busan from seoul,0,2,0.0000,96.00
triple check,0,1,0.0000,4.00
trot concept,0,5,0.0000,9.80
trot genre,0,2,0.0000,29.00
trot korean meaning,0,2,0.0000,11.50
trot korean music,0,2,0.0000,10.50
trot meaning korean,0,8,0.0000,10.00
trot meaning music,0,28,0.0000,10.39
trot music meaning,0,41,0.0000,8.37
trot music origin,0,2,0.0000,11.50
trot singer,0,2,0.0000,3.00
trot singer meaning,0,42,0.0000,8.14
trot singers,0,1,0.0000,3.00
trot singing meaning,0,2,0.0000,4.00
trot song korean meaning,0,3,0.0000,11.67
trot song meaning,0,12,0.0000,8.92
trot songs meaning,0,4,0.0000,10.00
trot version meaning,0,20,0.0000,7.90
try again,0,1,0.0000,7.00
trường nào top 1,0,1,0.0000,2.00
tteok vs tteokbokki,0,3,0.0000,32.33
tteokbokki,0,2,0.0000,2.50
tteokbokki and rabokki difference,0,1,0.0000,31.00
tteokbokki english,0,1,0.0000,60.00
tteokbokki is it spicy,0,1,0.0000,36.00
tteokbokki scoville,0,2,0.0000,5.00
tteokbokki spice level,0,17,0.0000,7.12
tteokbokki types,0,15,0.0000,9.80
tteokbokki vs rose tteokbokki,0,1,0.0000,3.00
tteokbokki vs topokki,0,1,0.0000,38.00
tteokkochi vs tteokbokki,0,1,0.0000,11.00
ttukbaegi meaning,0,1,0.0000,10.00
ttukbaegi ramen,0,3,0.0000,9.33
tuan bahasa korea,0,1,0.0000,2.00
tucson to seoul flight,0,1,0.0000,2.00
tulisan ahjussi,0,99,0.0000,10.74
tulisan ahjussi dalam bahasa korea,0,60,0.0000,10.38
tulisan ahjussi yang benar,0,27,0.0000,9.70
tv shows,0,1,0.0000,6.00
tv shows with kang ho-dong,0,5,0.0000,10.60
tv shows with shin dong-yup,0,1,0.0000,11.00
tving data breach,0,2,0.0000,10.00
twenty twenty manhwa,0,1,0.0000,1.00
two block + down perm,0,9,0.0000,8.33
two block down perm,0,15,0.0000,7.80
two block haircut down perm,0,1,0.0000,6.00
two block perm korean,0,2,0.0000,8.00
two block with down perm,0,2,0.0000,7.50
two main political parties in south korea,0,10,0.0000,6.80
type a,0,1,0.0000,1.00
types of banchan,0,1,0.0000,38.00
types of bingsu,0,1,0.0000,11.00
types of jobs in south korea,0,2,0.0000,56.50
types of korean alcohol,0,5,0.0000,31.60
types of korean ramen,0,2,0.0000,61.50
types of kpop merch,0,1,0.0000,18.00
types of shin ramen,0,1,0.0000,51.00
types of shin ramyun,0,1,0.0000,51.00
typhoon south korea,0,1,0.0000,2.00
typical banchan,0,2,0.0000,40.00
typical breakfast in korea,0,3,0.0000,25.33
typical korean breakfast,0,7,0.0000,23.71
typical korean breakfast lunch and dinner,0,2,0.0000,41.50
"typical korean breakfast, lunch and dinner",0,1,0.0000,13.00
typical korean side dishes,0,3,0.0000,42.67
typical south korean breakfast,0,2,0.0000,56.00
tất cả,0,1,0.0000,20.00
uhrzeit südkorea,0,1,0.0000,2.00
uiryeong nam clan,0,1,0.0000,5.00
ulsan university,0,1,0.0000,4.00
ultimos dramas coreanos 2026,0,1,0.0000,2.00
ultimos kdramas 2026,0,1,0.0000,3.00
umbrella in korea,0,3,0.0000,16.00
umbrella korea,0,1,0.0000,1.00
umur korea,0,1,0.0000,23.00
umur korea dan umur internasional,0,1,0.0000,24.00
umur korea maksudnya,0,1,0.0000,6.00
un roman,0,1,0.0000,2.00
uncle and aunt in korean,0,2,0.0000,3.00
uncle in kirean,0,1,0.0000,2.00
uncle in korea,0,6,0.0000,2.33
uncle in korean ahjussi,0,629,0.0000,8.78
uncle in korean informal,0,8,0.0000,2.13
uncle in korean word,0,1,0.0000,2.00
uncle in lorean,0,1,0.0000,2.00
uncle korean,0,1,0.0000,2.00
uncle korean translation,0,1,0.0000,3.00
uncle's love kdrama 2026,0,1,0.0000,3.00
uncle.in korean,0,1,0.0000,2.00
uncles in korean,0,2,0.0000,2.00
under the black coat meaning,0,1,0.0000,1.00
undercover wife manhwa other name,0,1,0.0000,6.00
underground korea,0,1,0.0000,53.00
underground mall,0,5,0.0000,31.80
underground mall in seoul,0,4,0.0000,27.75
underground mall seoul,0,3,0.0000,30.33
underground malls,0,2,0.0000,31.00
underground market seoul,0,1,0.0000,26.00
underground shopping gangnam,0,4,0.0000,28.00
underground shopping in korea,0,1,0.0000,28.00
underground shopping in seoul,0,6,0.0000,25.67
underground shopping mall,0,4,0.0000,26.50
underground shopping mall seoul,0,4,0.0000,28.00
underground shopping mall subway station june 2023 multiple lines,0,2,0.0000,8.00
underground shopping mall subway station multiple lines,0,3,0.0000,9.67
underground shopping mall subway station seoul multiple lines,0,1,0.0000,10.00
underground shopping seoul,0,16,0.0000,24.94
understanding korean webtoon culture,0,1,0.0000,30.00
uni seoul church street bangalore,0,1,0.0000,3.00
unique korean girl names with kim,0,1,0.0000,2.00
universidad seoul,0,1,0.0000,1.00
universidad sky,0,2,0.0000,18.00
universidad sky corea del sur,0,3,0.0000,31.00
universidades coreanas,0,1,0.0000,1.00
universidades de corea,0,1,0.0000,1.00
universitas sky,0,1,0.0000,1.00
universitas sky korea,0,2,0.0000,10.00
universities,0,1,0.0000,1.00
universities approved by korean ministry of health and welfare,0,1,0.0000,7.00
universities in busan,0,1,0.0000,2.00
universities in korea,0,5,0.0000,3.40
universities in seoul,0,1,0.0000,1.00
universities in south korea,0,1,0.0000,1.00
university,0,1,0.0000,1.00
university festival in korea 2026,0,1,0.0000,2.00
university in korea,0,1,0.0000,3.00
university in seoul,0,2,0.0000,3.00
university in south korea,0,1,0.0000,5.00
university of seoul,0,5,0.0000,3.00
university of seoul application deadline 2026,0,1,0.0000,3.00
university of seoul ranking,0,2,0.0000,2.50
university rank in korea,0,1,0.0000,8.00
university ranking korea,0,1,0.0000,5.00
university sky,0,2,0.0000,1.00
university sky korea,0,13,0.0000,9.38
university track gks,0,1,0.0000,4.00
unjong,0,1,0.0000,40.00
unnie,0,1,0.0000,3.00
untact,0,1,0.0000,1.00
until when,0,1,0.0000,2.00
upcoming drama korea 2026,0,2,0.0000,1.00
upcoming kdrama 2026,0,1,0.0000,5.00
upcoming kdrama 2026 netflix,0,1,0.0000,1.00
upcoming korean drama 2026 netflix,0,1,0.0000,5.00
uri ahjussi artinya,0,169,0.0000,9.20
uriminzokkiri,0,1,0.0000,70.00
uwansum meaning,0,1,0.0000,9.00
v,0,1,0.0000,7.00
v bts,0,1,0.0000,4.00
v military discharge date,0,1,0.0000,37.00
vanmak makgeolli,0,1,0.0000,4.00
varmı?,0,1,0.0000,6.00
veri lux tas mea,0,1,0.0000,3.00
verir misin,0,1,0.0000,1.00
very fast in korean,0,1,0.0000,2.00
video drakor terbaru 2026,0,1,0.0000,9.00
video game,0,1,0.0000,3.00
village kdrama 2026,0,2,0.0000,9.00
virtual girl group kpop,0,1,0.0000,11.00
virtual group kpop,0,2,0.0000,6.00
virtual idol groups,0,1,0.0000,3.00
virtual idol kpop,0,1,0.0000,1.00
virtual idols,0,3,0.0000,49.00
virtual idols kpop,0,1,0.0000,11.00
virtual k pop group,0,2,0.0000,26.00
virtual k-pop group,0,2,0.0000,7.50
virtual kpop,0,1,0.0000,53.00
virtual kpop boy group,0,1,0.0000,55.00
virtual kpop girl group,0,2,0.0000,25.50
virtual kpop group,0,17,0.0000,12.41
virtual kpop group boy,0,1,0.0000,57.00
virtual kpop groups,0,18,0.0000,8.72
virtual kpop idols,0,2,0.0000,10.50
virtual pop,0,2,0.0000,4.50
virtual pop groups,0,1,0.0000,9.00
visit seoul dongdaemun market official,0,3,0.0000,7.33
visit seoul dongdaemun night shopping official,0,1,0.0000,2.00
visit seoul dongdaemun official,0,1,0.0000,9.00
vita 500,0,3,0.0000,4.00
vita 500 benefits,0,2,0.0000,9.00
vita 500 drink,0,1,0.0000,1.00
vita 500 korea,0,4,0.0000,4.25
vita 500 korean drink benefits,0,10,0.0000,7.50
vita cafe korean,0,1,0.0000,42.00
vita cafe korean drink,0,4,0.0000,6.75
vita500,0,2,0.0000,3.00
vita500 drink,0,5,0.0000,2.40
vita500 drink korea,0,2,0.0000,9.50
vita500 korea,0,3,0.0000,5.67
vita500 korean drink,0,3,0.0000,6.67
vitacafe korean drink,0,1,0.0000,1.00
vitamin c drink korea,0,8,0.0000,7.38
vitamin c drink korean,0,1,0.0000,2.00
vitamin drink korea,0,6,0.0000,7.50
viva republic,0,13,0.0000,15.15
viva republica,0,34,0.0000,11.41
viva republica (toss),0,8,0.0000,8.50
viva republica inc,0,2,0.0000,11.00
viva republica inc.,0,3,0.0000,7.33
viva republica logo,0,1,0.0000,1.00
viva republica official website,0,1,0.0000,1.00
viva republica toss,0,7,0.0000,7.57
viva republica toss app,0,1,0.0000,8.00
viva republica toss logo,0,2,0.0000,17.00
viva republica toss official,0,1,0.0000,5.00
viva.republica.toss,0,11,0.0000,9.73
voglio approfondire,0,1,0.0000,7.00
voran luxury,0,2,0.0000,1.00
vtuber kpop group,0,8,0.0000,11.75
waar is squid game opgenomen,0,3,0.0000,11.00
waar te koop,0,1,0.0000,7.00
waeyo,0,1,0.0000,3.00
wanyoung,0,2,0.0000,45.50
warum ist wonyoung berühmt?,0,1,0.0000,2.00
was ist keta,0,1,0.0000,1.00
was macht coupang,0,1,0.0000,31.00
was sind die gründe?,0,1,0.0000,10.00
was that legal,0,1,0.0000,3.00
water bomb outfit,0,10,0.0000,7.00
water festival seoul,0,1,0.0000,10.00
waterbom bali foto's,0,1,0.0000,1.00
waterbomb,0,1,0.0000,2.00
waterbomb 2026,0,4,0.0000,7.00
waterbomb age limit,0,5,0.0000,9.40
waterbomb busan 2026,0,2,0.0000,3.50
waterbomb event,0,1,0.0000,5.00
waterbomb festival layout,0,1,0.0000,16.00
waterbomb festival outfits,0,15,0.0000,9.13
waterbomb glasses,0,1,0.0000,14.00
waterbomb las vegas,0,1,0.0000,5.00
waterbomb locker,0,4,0.0000,10.50
waterbomb music festival,0,1,0.0000,2.00
waterbomb outfit,0,37,0.0000,6.78
waterbomb outfit ideas,0,2,0.0000,8.00
waterbomb seoul,0,3,0.0000,8.33
waterbomb seoul 2026,0,9,0.0000,11.89
waterbomb seoul 2026 tickets price,0,1,0.0000,1.00
waterbomb seoul subway etiquette,0,5,0.0000,6.20
waterbomb seoul ticket price,0,1,0.0000,1.00
watermelon bingsu,0,1,0.0000,11.00
wc in korea,0,7,0.0000,9.71
we have 6 hours,0,1,0.0000,2.00
weather in busan south korea,0,1,0.0000,2.00
weather in incheon,0,1,0.0000,2.00
weather in seoul korea,0,1,0.0000,3.00
weather seoul south korea,0,1,0.0000,2.00
webrook,0,1,0.0000,36.00
webtoon,0,7,0.0000,11.00
webtoon and manhwa,0,1,0.0000,10.00
webtoon app free download,0,1,0.0000,2.00
webtoon as a new korean wave in the process of glocalization,0,1,0.0000,28.00
webtoon coreano,0,3,0.0000,10.00
webtoon in korea,0,2,0.0000,11.00
webtoon in korean,0,42,0.0000,12.81
webtoon is what,0,1,0.0000,13.00
webtoon kor,0,2,0.0000,14.00
webtoon korean english,0,1,0.0000,23.00
webtoon korean manhwa,0,12,0.0000,7.17
webtoon korean naver,0,1,0.0000,5.00
webtoon korean version,0,3,0.0000,10.33
webtoon kya h,0,2,0.0000,9.50
webtoon kya hai,0,9,0.0000,9.67
webtoon kya hota hai,0,9,0.0000,9.33
webtoon mean,0,1,0.0000,15.00
webtoon meaning,0,34,0.0000,12.26
webtoon meaning in english,0,6,0.0000,9.17
webtoon means,0,24,0.0000,9.71
webtoon mirror site,0,1,0.0000,9.00
webtoon naver,0,1,0.0000,4.00
webtoon naver english,0,1,0.0000,2.00
webtoon naver korea,0,6,0.0000,7.33
webtoon netflix,0,3,0.0000,22.33
webtoon netflix shows,0,3,0.0000,11.67
webtoon origin country,0,1,0.0000,7.00
webtoon q,0,1,0.0000,7.00
webtoon reading platforms,0,1,0.0000,10.00
webtoon series on netflix,0,4,0.0000,8.50
webtoon south korea,0,3,0.0000,6.33
webtoon vertical drama,0,1,0.0000,11.00
webtoon vs manga,0,1,0.0000,8.00
webtoon vs manhwa,0,2,0.0000,7.50
webtoon vs manwha,0,1,0.0000,9.00
webtoon?,0,1,0.0000,2.00
webtoong,0,1,0.0000,42.00
webtoonkorea,0,3,0.0000,16.00
webtoons,0,1,0.0000,62.00
webtoons and manhwa,0,1,0.0000,9.00
webtoons in korean,0,1,0.0000,18.00
webtoons korea,0,11,0.0000,12.55
webtoons korean,0,9,0.0000,14.11
webtoons manhwa,0,1,0.0000,1.00
webtoons meaning,0,1,0.0000,12.00
webtoons naver,0,2,0.0000,7.50
webtoons on netflix,0,1,0.0000,14.00
webtoons.com,0,1,0.0000,39.00
wedding traditions in south korea,0,1,0.0000,3.00
weebrook manhwa,0,1,0.0000,6.00
wejangan tegese,0,1,0.0000,41.00
wer ist berühmter,0,1,0.0000,5.00
wetboo,0,1,0.0000,7.00
wetter seoul südkorea,0,1,0.0000,3.00
wetter südkorea,0,1,0.0000,2.00
wgat is this,0,1,0.0000,8.00
whale chips,0,1,0.0000,5.00
whale food korean snack,0,1,0.0000,1.00
whale food snack,0,1,0.0000,11.00
whale meal korean snack,0,6,0.0000,5.67
whale snack korean,0,3,0.0000,5.33
what about anywhere else,0,1,0.0000,9.00
what about breakfast,0,1,0.0000,6.00
what about bts,0,2,0.0000,16.00
what about buldak,0,1,0.0000,1.00
what about daiso,0,1,0.0000,6.00
what about ema,0,1,0.0000,3.00
what about esports,0,1,0.0000,2.00
what about food stalls,0,1,0.0000,11.00
what about for older people,0,1,0.0000,2.00
what about in korea,0,4,0.0000,3.50
what about in seoul,0,1,0.0000,9.00
what about incheon,0,1,0.0000,4.00
what about jang wonyoung,0,2,0.0000,4.00
what about japanese and korean,0,1,0.0000,2.00
what about kim,0,1,0.0000,5.00
what about kim jisoo,0,1,0.0000,4.00
what about korea,0,2,0.0000,2.00
what about korea ?,0,1,0.0000,10.00
what about korean,0,1,0.0000,2.00
what about korean culture,0,1,0.0000,11.00
what about other members,0,1,0.0000,11.00
what about south korea,0,3,0.0000,7.00
what about south korea?,0,2,0.0000,11.50
what about tech,0,1,0.0000,10.00
what about this,0,1,0.0000,23.00
what about tteokbokki,0,1,0.0000,3.00
what about wonyoung,0,3,0.0000,5.00
what about wonyoung?,0,1,0.0000,1.00
what about yonsei,0,1,0.0000,13.00
what abt bts,0,3,0.0000,11.67
what abt kpop idols,0,1,0.0000,1.00
what abt wonyoung,0,2,0.0000,10.50
what age are you an adult in korea,0,4,0.0000,16.25
what age are you an adult in south korea,0,2,0.0000,14.00
what age are you considered an adult in korea,0,2,0.0000,23.00
what age do you become an adult in korea,0,3,0.0000,19.00
what age do you become an adult in south korea,0,2,0.0000,29.00
what age in korea is considered an adult,0,2,0.0000,19.00
what age is an adult in korea,0,2,0.0000,22.00
what age is an adult in south korea,0,1,0.0000,39.00
what age is considered adult in korea,0,1,0.0000,25.00
what age is considered an adult in korea,0,3,0.0000,18.00
what age is considered an adult in south korea,0,1,0.0000,28.00
what ahjussi mean in korean,0,84,0.0000,4.13
what ajumma means in korean,0,1,0.0000,7.00
what all does she do,0,1,0.0000,7.00
what are ajummas in korea,0,1,0.0000,20.00
what are banchans,0,2,0.0000,30.50
what are clans in korea,0,5,0.0000,12.60
what are ice cups,0,1,0.0000,9.00
what are korean side dishes called,0,2,0.0000,39.50
what are korean webtoons,0,3,0.0000,20.00
what are korean webtoons called,0,4,0.0000,7.50
what are korean yatcha rules,0,1,0.0000,86.00
what are milkis,0,1,0.0000,10.00
what are pc cafes,0,5,0.0000,8.60
what are pc cafes in korea,0,1,0.0000,14.00
what are sky,0,1,0.0000,9.00
what are sky universities in korea,0,52,0.0000,6.56
what are the bts members doing now,0,1,0.0000,3.00
what are the cooking instructions,0,1,0.0000,2.00
what are the drinks,0,1,0.0000,3.00
what are the ingredients,0,1,0.0000,2.00
what are the korean side dishes called,0,2,0.0000,38.50
what are the political parties in south korea,0,10,0.0000,9.10
what are the sides called in korean bbq,0,1,0.0000,40.00
what are the small korean dishes called,0,1,0.0000,37.00
what are their political parties,0,1,0.0000,1.00
what are they doing now?,0,1,0.0000,3.00
what are trot singers,0,1,0.0000,12.00
what are trot songs,0,1,0.0000,11.00
what are virtual idols,0,1,0.0000,49.00
what are webtoons,0,1,0.0000,25.00
what are your sources,0,1,0.0000,7.00
what can i get there,0,1,0.0000,2.00
what can i send to south korea,0,1,0.0000,29.00
what country eats the most garlic,0,8,0.0000,17.38
what country eats the most garlic per capita,0,1,0.0000,17.00
what cuisine uses the most garlic,0,1,0.0000,39.00
what currency is used in south korea,0,1,0.0000,2.00
what did she do?,0,1,0.0000,4.00
what did she say about this,0,1,0.0000,5.00
what did wonyoung do,0,2,0.0000,9.50
what do asian people eat for breakfast,0,1,0.0000,2.00
what do girls call older guys in korean,0,1,0.0000,1.00
what do korean eat for breakfast,0,29,0.0000,12.17
what do korean people eat,0,1,0.0000,2.00
what do korean people eat for breakfast,0,29,0.0000,11.79
what do koreans call foreigners,0,2,0.0000,9.50
what do koreans call older men,0,1,0.0000,1.00
what do koreans call their older brother,0,3,0.0000,2.00
what do koreans call their uncle,0,1,0.0000,3.00
what do koreans drink for hangovers,0,7,0.0000,9.29
what do koreans eat for breakfast lunch and dinner,0,12,0.0000,12.08
what do koreans eat for breakfast?,0,1,0.0000,11.00
what do koreans have for breakfast,0,21,0.0000,10.14
what do koreans traditionally eat on the morning of their birthdays?,0,1,0.0000,48.00
what do koreans typically eat for breakfast,0,1,0.0000,8.00
what do koreans use,0,1,0.0000,2.00
what do koreans usually eat for breakfast,0,15,0.0000,11.60
what do milkis taste like,0,1,0.0000,10.00
what do people eat for breakfast in korea,0,2,0.0000,10.00
what do people eat for breakfast in south korea,0,1,0.0000,9.00
what do people in korea eat for breakfast,0,5,0.0000,15.00
what do people in south korea eat for breakfast,0,1,0.0000,12.00
what do south koreans eat for breakfast,0,9,0.0000,9.11
what do they eat for breakfast in korea,0,2,0.0000,10.50
what do they eat for breakfast in south korea,0,3,0.0000,21.00
what do they have for breakfast,0,1,0.0000,21.00
what do they have in it,0,1,0.0000,32.00
what do they use in korea,0,1,0.0000,1.00
what do women call older men in korea,0,1,0.0000,1.00
what do you call an older man in korean,0,1,0.0000,3.00
what do you call korean side dishes,0,1,0.0000,30.00
what do you call the korean side dishes,0,2,0.0000,31.50
what do you call uncle in korean,0,1,0.0000,2.00
what does a styler do,0,1,0.0000,5.00
what does agassi mean in korean,0,1,0.0000,3.00
what does ahjumma mean,0,1,0.0000,6.00
what does ahjussi mean,0,1316,0.0000,5.44
what does ahjussi mean in english,0,103,0.0000,4.99
what does ahjussi mean?,0,16,0.0000,5.56
what does ajuma mean,0,6,0.0000,8.33
what does ajumma mean,0,19,0.0000,8.05
what does ajumma mean in english,0,12,0.0000,7.17
what does ajumma mean in korean,0,33,0.0000,8.00
what does ajumoni mean,0,1,0.0000,12.00
what does ajushee mean,0,11,0.0000,8.00
what does ajushi mean,0,2,0.0000,8.00
what does ajusshi mean,0,9,0.0000,8.11
what does ajusshi mean in korean,0,2,0.0000,4.50
what does ajussi mean,0,65,0.0000,5.55
what does anju mean in korean,0,3,0.0000,8.33
what does banchan mean,0,1,0.0000,65.00
what does banchan mean in korean,0,1,0.0000,72.00
what does bang mean in korean,0,1,0.0000,13.00
what does chilsung cider taste like,0,3,0.0000,10.67
what does coupang do,0,1,0.0000,3.00
what does daiso mean in korean,0,1,0.0000,10.00
what does doenjang taste like,0,1,0.0000,66.00
what does doenjang taste like?,0,1,0.0000,63.00
what does dogaknee mean in korean,0,1,0.0000,11.00
what does eonni mean in korean,0,1,0.0000,2.00
what does haenyeo mean,0,1,0.0000,43.00
what does hando chogua mean,0,1,0.0000,32.00
what does hyeong mean in korean,0,1,0.0000,86.00
what does imo mean in korean,0,2,0.0000,11.50
what does international age mean,0,8,0.0000,10.88
what does it look like,0,1,0.0000,1.00
what does it mean,0,2,0.0000,2.50
what does it mean there,0,1,0.0000,4.00
what does it mean tho,0,1,0.0000,4.00
what does it say,0,1,0.0000,2.00
what does jeong mean in korean,0,1,0.0000,48.00
what does kajima mean in korean,0,1,0.0000,2.00
what does kim mean in korean,0,1,0.0000,3.00
what does kim mean korean,0,1,0.0000,3.00
what does kkondae mean in korean,0,12,0.0000,10.25
what does korean age mean,0,14,0.0000,14.50
what does korean eat for breakfast,0,11,0.0000,11.00
what does koreans eat for breakfast,0,7,0.0000,9.86
what does lucky vicky mean,0,3,0.0000,10.00
what does mc mean in kpop,0,1,0.0000,2.00
what does md mean in kpop,0,1,0.0000,10.00
what does milkis taste like,0,56,0.0000,9.66
what does musinsa mean,0,2,0.0000,8.50
what does name kim mean,0,1,0.0000,3.00
what does oppa mean in korean,0,1,0.0000,2.00
what does pali mean,0,2,0.0000,12.00
what does pali mean in korean,0,93,0.0000,8.12
what does pali pali mean,0,10,0.0000,8.20
what does pali pali mean in korean,0,54,0.0000,9.50
what does palli mean in korean,0,6,0.0000,7.00
what does pocha mean in korean,0,2,0.0000,24.00
what does samchon mean,0,8,0.0000,9.63
what does samchon mean in korean,0,3,0.0000,3.00
what does sdt mean in korean military,0,1,0.0000,12.00
what does shin ramen mean,0,1,0.0000,42.00
what does shin ramen stand for,0,1,0.0000,56.00
what does sky stand for in the course,0,1,0.0000,11.00
what does somaek taste like,0,1,0.0000,25.00
what does ssamjang taste like,0,1,0.0000,66.00
what does that mean,0,1,0.0000,5.00
what does the k mean on food labels,0,1,0.0000,87.00
what does the k on food labels mean,0,2,0.0000,95.50
what does the last name kim mean,0,1,0.0000,21.00
what does the name kim mean,0,1,0.0000,2.00
what does the name kim mean spiritually,0,1,0.0000,3.00
what does this word mean,0,1,0.0000,1.00
what does trot mean in korean,0,16,0.0000,9.44
what does uncle mean in korean,0,1,0.0000,2.00
what does webtoon mean,0,1,0.0000,14.00
what does wonyoung like,0,1,0.0000,11.00
what does wonyoung mean,0,4,0.0000,9.50
what does wonyoungism mean,0,16,0.0000,9.88
what does yakgwa taste like,0,15,0.0000,9.13
what does 정 mean,0,4,0.0000,12.00
what ethnicity is the last name kim,0,1,0.0000,15.00
what flavour is jin ramen,0,1,0.0000,3.00
what games do koreans play,0,1,0.0000,2.00
what gift can i give,0,1,0.0000,2.00
what group is wonyoung in,0,2,0.0000,2.00
what happened to dorco razors,0,3,0.0000,3.00
what happened to iz*one,0,1,0.0000,3.00
what in korean,0,1,0.0000,2.00
what is a ajumma,0,2,0.0000,9.00
what is a birthday cafe,0,3,0.0000,10.33
what is a double pan,0,1,0.0000,12.00
what is a jimjilbang,0,1,0.0000,3.00
what is a jindo,0,1,0.0000,29.00
what is a jindo dog,0,1,0.0000,37.00
what is a k-eta,0,1,0.0000,19.00
what is a kimchi fridge,0,1,0.0000,10.00
what is a kimchi refrigerator,0,7,0.0000,10.57
what is a korean breakfast,0,1,0.0000,11.00
what is a korean lunch box called?,0,2,0.0000,28.50
what is a korean trot singer,0,5,0.0000,10.40
what is a korean webtoon,0,2,0.0000,8.00
what is a kpop pop up,0,1,0.0000,11.00
what is a mbti in korea,0,1,0.0000,58.00
what is a pc bang,0,3,0.0000,30.67
what is a pc bang in south korea,0,1,0.0000,11.00
what is a pc cafe in korea,0,1,0.0000,11.00
what is a pocha korean,0,1,0.0000,33.00
what is a styler,0,1,0.0000,17.00
what is a styler in korea,0,5,0.0000,5.40
what is a trot singer,0,6,0.0000,16.33
what is a trot singer in korea,0,1,0.0000,11.00
what is a trot song,0,3,0.0000,16.33
what is a trot song in korean,0,1,0.0000,10.00
what is a typical korean breakfast,0,4,0.0000,6.75
what is a typical south korean breakfast,0,1,0.0000,43.00
what is a virtual kpop group,0,1,0.0000,10.00
what is a webtoon,0,2,0.0000,14.50
what is adult age in korea,0,1,0.0000,35.00
what is ahjumma,0,7,0.0000,7.71
what is ahjussi in english,0,62,0.0000,4.63
what is ahjussi in korean language,0,218,0.0000,4.40
what is ajima in korean,0,1,0.0000,20.00
what is ajuma,0,4,0.0000,10.00
what is ajumma,0,37,0.0000,8.14
what is ajumma in english,0,29,0.0000,8.34
what is ajumma in korean,0,47,0.0000,8.45
what is ajumma in korean mean,0,3,0.0000,9.00
what is ajushi,0,12,0.0000,7.50
what is ajusshi,0,4,0.0000,7.25
what is ajussi,0,64,0.0000,4.78
what is an adult in korea,0,5,0.0000,18.00
what is an ahjussi,0,132,0.0000,5.18
what is an ahjussi in korean,0,76,0.0000,5.78
what is an ajumma,0,2,0.0000,9.50
what is an ajumma korean,0,1,0.0000,23.00
what is an internet cafe,0,1,0.0000,5.00
what is an mc in kpop,0,1,0.0000,3.00
what is anju,0,2,0.0000,39.50
what is anju in korean,0,2,0.0000,11.00
what is bacchus,0,1,0.0000,7.00
what is bacchus d,0,1,0.0000,5.00
what is banchan,0,1,0.0000,36.00
what is banchan food,0,1,0.0000,28.00
what is banchan in korea,0,1,0.0000,35.00
what is banchan in korean,0,1,0.0000,33.00
what is banchan korean,0,4,0.0000,33.75
what is banchan korean food,0,2,0.0000,35.00
what is beef dashida,0,7,0.0000,5.57
what is bts doing now,0,1,0.0000,7.00
what is chilsung cider,0,4,0.0000,9.25
what is cider,0,1,0.0000,1.00
what is cider in korea,0,8,0.0000,7.13
what is considered an adult in korea,0,2,0.0000,20.50
what is coupang,0,1,0.0000,32.00
what is coupang company,0,1,0.0000,37.00
what is daiso in korea,0,2,0.0000,10.00
what is daiso korea,0,4,0.0000,8.00
what is dashida,0,56,0.0000,8.14
what is dashida powder,0,32,0.0000,7.16
what is dashida seasoning,0,11,0.0000,6.64
what is dasida,0,13,0.0000,8.31
what is dasida powder,0,5,0.0000,8.60
what is delimanjoo,0,52,0.0000,2.94
what is dongdaemun,0,1,0.0000,20.00
what is dongdaemun known for,0,34,0.0000,21.15
what is dorco,0,12,0.0000,10.08
what is dorco?,0,1,0.0000,1.00
what is dosirak,0,4,0.0000,19.50
what is dosirak korean,0,1,0.0000,1.00
what is famous in south korea,0,1,0.0000,3.00
what is gim food,0,1,0.0000,12.00
what is grandfather in korean,0,1,0.0000,2.00
what is grandmother in korean,0,1,0.0000,3.00
what is haenyeo,0,2,0.0000,59.00
what is hoesik,0,2,0.0000,40.00
what is hurry in korean,0,1,0.0000,2.00
what is ilchon,0,2,0.0000,47.50
what is in this?,0,1,0.0000,2.00
what is isaac toast,0,3,0.0000,12.67
what is it,0,1,0.0000,5.00
what is it about,0,1,0.0000,11.00
what is it?,0,1,0.0000,4.00
what is jeong,0,2,0.0000,11.50
what is jesa,0,1,0.0000,33.00
what is jimjilbang,0,1,0.0000,2.00
what is jindo,0,1,0.0000,24.00
what is k-eta,0,2,0.0000,21.50
what is k-pop,0,1,0.0000,2.00
what is kaist in korea,0,1,0.0000,2.00
what is kimchi door refrigerator,0,5,0.0000,5.20
what is kimchi refrigerator,0,18,0.0000,12.67
what is kkondae,0,22,0.0000,8.82
what is kkondae in korean,0,11,0.0000,9.00
what is korea's no. 1 skincare? tell me more about cosrx snail mucin,0,1,0.0000,4.00
what is korean age,0,1,0.0000,1.00
what is korean age mean,0,1,0.0000,10.00
what is korean age system,0,4,0.0000,18.50
what is korean cider,0,4,0.0000,7.25
what is korean manga,0,1,0.0000,9.00
what is korean pocha,0,2,0.0000,55.50
what is korean ramyun,0,1,0.0000,57.00
what is korean trot,0,4,0.0000,18.00
what is korean trot music,0,4,0.0000,10.50
what is legal age in korea,0,6,0.0000,20.00
what is manga in korean,0,2,0.0000,8.50
what is manjoo,0,50,0.0000,5.56
what is mbti in korea,0,1,0.0000,60.00
what is mbti korea,0,2,0.0000,59.50
what is meaning of ahjussi,0,11,0.0000,4.45
what is meaning of dorco,0,1,0.0000,10.00
what is merch in kpop,0,1,0.0000,9.00
what is milkis,0,15,0.0000,11.47
what is milkis drink,0,1,0.0000,15.00
what is mister in korean,0,1,0.0000,2.00
what is musinsa korea,0,1,0.0000,8.00
what is musinsa?,0,1,0.0000,11.00
what is my age in south korea,0,4,0.0000,56.25
what is namdaemun market famous for,0,4,0.0000,28.75
what is naver webtoon,0,170,0.0000,9.52
what is neoguri,0,1,0.0000,11.00
what is old man in korean,0,5,0.0000,2.60
what is on webtoon,0,4,0.0000,21.25
what is otoki,0,5,0.0000,6.80
what is ottogi,0,4,0.0000,5.25
what is pali in korean,0,18,0.0000,7.50
what is pali pali in korean,0,37,0.0000,7.86
what is pc bang,0,25,0.0000,11.00
what is pc bang in korea,0,11,0.0000,11.36
what is pc cafe,0,2,0.0000,17.00
what is perilla oil,0,1,0.0000,2.00
what is pocha in korean,0,1,0.0000,35.00
what is pocha in korean?,0,2,0.0000,31.50
what is pocha korean food,0,1,0.0000,38.00
what is pojangmacha,0,1,0.0000,9.00
what is pork belly,0,1,0.0000,2.00
what is pulmuone,0,1,0.0000,41.00
what is ramyun,0,1,0.0000,42.00
what is sajangnim in korean,0,2,0.0000,11.00
what is samchon,0,1,0.0000,1.00
what is samchon in korean,0,1,0.0000,1.00
what is samgak kimbap,0,1,0.0000,19.00
what is samjang,0,1,0.0000,54.00
what is samjung,0,1,0.0000,79.00
what is sauna in korea,0,1,0.0000,2.00
what is seollal in korea,0,1,0.0000,69.00
what is shin ramyun,0,1,0.0000,82.00
what is sir in korean,0,1,0.0000,2.00
what is sky in korea,0,54,0.0000,7.46
what is sky university in korea,0,123,0.0000,7.12
what is smtm,0,7,0.0000,9.86
what is somaek,0,2,0.0000,22.50
what is special duty team in korean military,0,1,0.0000,38.00
what is special today in south korea,0,1,0.0000,3.00
what is ssam,0,1,0.0000,27.00
what is ssam in korean,0,1,0.0000,29.00
what is ssam sauce,0,2,0.0000,63.50
what is ssamjang,0,11,0.0000,52.00
what is ssamjang made of,0,1,0.0000,33.00
what is ssamjang sauce,0,5,0.0000,67.40
what is ssamjang used for,0,1,0.0000,60.00
what is styler,0,2,0.0000,14.50
what is t1 home ground,0,1,0.0000,1.00
what is the adult age in korea,0,2,0.0000,29.00
what is the age of adulthood in korea,0,1,0.0000,35.00
what is the age of majority in south korea,0,6,0.0000,30.67
what is the amazon of korea,0,6,0.0000,7.67
what is the best college in korea,0,1,0.0000,4.00
what is the best time to go to korea,0,1,0.0000,2.00
what is the best university in south korea,0,1,0.0000,2.00
what is the difference between korean age and global age,0,3,0.0000,11.33
what is the difference between topokki and tteokbokki,0,1,0.0000,25.00
what is the highest paying job in south korea,0,1,0.0000,24.00
what is the history,0,2,0.0000,4.00
what is the korean age system,0,11,0.0000,24.27
what is the korean version of manga,0,2,0.0000,6.50
what is the latest update?,0,1,0.0000,11.00
what is the legal adult age in korea,0,3,0.0000,24.33
what is the legal age in korea,0,10,0.0000,15.50
what is the legal age in south korea,0,2,0.0000,29.50
what is the meaning of ahjussi,0,108,0.0000,4.09
what is the meaning of ahjussi in english,0,7,0.0000,3.86
what is the meaning of ahjussi in korean,0,181,0.0000,3.72
what is the meaning of ajumma,0,3,0.0000,9.00
what is the meaning of ajumma in korean,0,18,0.0000,10.28
what is the meaning of the name kim,0,1,0.0000,3.00
what is the net worth of wonyoung,0,1,0.0000,3.00
what is the price,0,1,0.0000,7.00
what is the temperature in south korea right now,0,1,0.0000,2.00
what is the time in south korea,0,1,0.0000,3.00
what is the top university in korea,0,1,0.0000,3.00
what is the traditional food of korea,0,1,0.0000,2.00
what is the visa number?,0,1,0.0000,1.00
what is there to do in yongsan,0,1,0.0000,27.00
what is this,0,6,0.0000,11.50
what is this company,0,1,0.0000,3.00
what is this drink for,0,1,0.0000,1.00
what is this?,0,1,0.0000,13.00
what is toomba,0,1,0.0000,8.00
what is toss korea,0,2,0.0000,31.50
what is traditional korean food,0,1,0.0000,2.00
what is trot,0,3,0.0000,15.67
what is trot in korea,0,1,0.0000,34.00
what is trot korean,0,1,0.0000,37.00
what is trot music,0,9,0.0000,22.11
what is trot singer,0,2,0.0000,8.50
what is trot singing,0,6,0.0000,8.67
what is trot song,0,4,0.0000,9.50
what is typical korean breakfast,0,1,0.0000,11.00
what is uncle,0,1,0.0000,1.00
what is vita 500,0,4,0.0000,5.25
what is waterbomb,0,1,0.0000,12.00
what is waterbomb festival,0,1,0.0000,23.00
what is waterbomb in korea,0,3,0.0000,9.00
what is waterbomb seoul,0,2,0.0000,9.00
what is webtoon,0,3,0.0000,20.33
what is webtoon and manhwa,0,4,0.0000,8.50
what is webtoon app,0,1,0.0000,10.00
what is webtoon app used for,0,2,0.0000,5.50
what is webtoon?,0,1,0.0000,36.00
what is wonyoung,0,5,0.0000,12.40
what is wonyoung known for,0,16,0.0000,9.25
what is wonyoungism,0,5,0.0000,16.80
what is wonyoungsim,0,1,0.0000,46.00
what is worn,0,1,0.0000,1.00
what is written,0,1,0.0000,2.00
what is yakgwa,0,3,0.0000,25.00
what is yakgwa korean,0,1,0.0000,23.00
what is yakgwa made of,0,2,0.0000,13.50
what is yongsan known for,0,4,0.0000,11.75
what is yonsei university known for,0,1,0.0000,2.00
what kind of engineers,0,1,0.0000,4.00
what kind of last name is kim,0,1,0.0000,16.00
what kind of tofu for kimchi jjigae,0,1,0.0000,26.00
what korean eat for breakfast,0,12,0.0000,9.58
what korean people eat for breakfast,0,2,0.0000,12.00
what kpop group is wonyoung in,0,1,0.0000,22.00
what makes them stand out,0,1,0.0000,11.00
what mbti do koreans like,0,1,0.0000,52.00
what monitor,0,1,0.0000,2.00
what must buy in korea,0,1,0.0000,40.00
what name is written,0,1,0.0000,3.00
what nationality is last name kim,0,1,0.0000,16.00
what not to do in south korea,0,1,0.0000,2.00
what percent of korea is kim,0,1,0.0000,10.00
what percent of koreans are named kim,0,4,0.0000,9.75
what percentage of koreans are named kim,0,7,0.0000,10.86
what percentage of koreans have the last name kim,0,1,0.0000,18.00
what percentage of koreans live in apartments,0,1,0.0000,8.00
what product is depicted in this image?,0,1,0.0000,10.00
what scoville level is buldak,0,1,0.0000,3.00
what should i buy in south korea,0,1,0.0000,13.00
what sound does it make,0,1,0.0000,2.00
what souvenir to buy in korea,0,1,0.0000,41.00
what souvenirs to buy in korea,0,1,0.0000,42.00
what souvenirs to buy in south korea,0,1,0.0000,43.00
what time,0,1,0.0000,3.00
what time does bukchon hanok village close,0,2,0.0000,33.50
what time does bukchon hanok village open,0,2,0.0000,30.00
what time does namdaemun market close,0,1,0.0000,15.00
what time does waterbomb end,0,1,0.0000,11.00
what time in korea now,0,1,0.0000,2.00
what time is it in korea,0,2,0.0000,2.00
what time is it in korea right now,0,1,0.0000,2.00
what time is it in seoul south korea right now,0,1,0.0000,2.00
what time is it in south korea rn,0,1,0.0000,2.00
what time is it south korea,0,1,0.0000,2.00
what to bring to korea,0,1,0.0000,60.00
what to buy at daiso,0,7,0.0000,7.29
what to buy at daiso korea,0,9,0.0000,8.33
what to buy daiso korea,0,1,0.0000,9.00
what to buy in daiso,0,6,0.0000,8.33
what to buy in korea,0,3,0.0000,37.33
what to buy in korea 2026,0,1,0.0000,5.00
what to buy when in korea,0,1,0.0000,34.00
what to buy when visiting korea,0,3,0.0000,50.00
what to do at incheon airport for 5 hours,0,1,0.0000,29.00
what to do in dongdaemun,0,1,0.0000,10.00
what to do in haebangchon,0,2,0.0000,29.50
what to do in incheon airport layover,0,2,0.0000,30.50
what to do in yongsan,0,1,0.0000,18.00
what to drink before eating samgyupsal,0,2,0.0000,29.00
what to eat for breakfast in korea,0,2,0.0000,8.50
what to get at daiso,0,1,0.0000,7.00
what to watch kdrama 2026,0,1,0.0000,21.00
what to watch korean documentary released shows 2026,0,1,0.0000,11.00
what to watch korean fantasy released shows 2026,0,2,0.0000,11.00
what to watch korean romance released shows 2026,0,1,0.0000,13.00
what to watch korean sport released shows 2026,0,1,0.0000,12.00
what to wear,0,1,0.0000,4.00
what to wear to waterbomb,0,18,0.0000,4.89
what topik level to work in korea,0,1,0.0000,39.00
what webtoon is this from,0,1,0.0000,11.00
what's a trot singer,0,9,0.0000,7.44
what's the adult age in korea,0,2,0.0000,21.50
what's the difference between international age and korean age,0,2,0.0000,11.00
what's the legal age in korea,0,5,0.0000,22.00
what's the safest way to avoid taxi scams at incheon airport?,0,36,0.0000,9.92
whats a pc bang,0,2,0.0000,5.50
whats ahjussi,0,44,0.0000,5.39
whats ajumma,0,1,0.0000,7.00
whats an ahjussi,0,4,0.0000,4.75
whats an ajumma,0,1,0.0000,2.00
whats banchan,0,1,0.0000,36.00
whats dorco,0,1,0.0000,11.00
whats milkis,0,1,0.0000,11.00
whats musinsa,0,3,0.0000,9.33
whats the legal age in korea,0,4,0.0000,24.25
whats the shu,0,1,0.0000,10.00
whats this,0,1,0.0000,22.00
whats uncle in korean,0,2,0.0000,2.00
whats waterbomb,0,2,0.0000,6.50
whats webtoon,0,1,0.0000,26.00
what’s number one?,0,1,0.0000,3.00
what’s the safest way to avoid taxi scams at incheon airport?,0,7,0.0000,8.43
when,0,1,0.0000,2.00
when are you an adult in korea,0,16,0.0000,12.19
when are you considered an adult in korea,0,2,0.0000,16.00
when are you considered an adult in south korea,0,3,0.0000,16.00
when are you legally an adult in korea,0,2,0.0000,9.00
when did buldak become popular,0,1,0.0000,11.00
when did hurom hh,0,1,0.0000,32.00
when did hurom hh eout,0,2,0.0000,30.50
when did korea separate from japan,0,1,0.0000,2.00
when did they update?,0,1,0.0000,4.00
when did wonyoung debut in izone,0,1,0.0000,9.00
when did wonyoungism start,0,31,0.0000,7.74
when do you become an adult in korea,0,10,0.0000,12.30
when does bukchon hanok village close,0,1,0.0000,11.00
when does it happen?,0,1,0.0000,1.00
when does kbo season start 2026,0,1,0.0000,10.00
when is chuseok 2026,0,38,0.0000,9.05
when is chuseok in korea 2026,0,4,0.0000,9.00
when is chuseok this year,0,2,0.0000,23.50
when is korean chuseok 2026,0,2,0.0000,11.50
when is korean thanksgiving 2026,0,2,0.0000,1.00
when is suneung exam 2026,0,1,0.0000,1.00
when is winter in korea,0,1,0.0000,2.00
when to drink it,0,1,0.0000,1.00
when to enter?,0,1,0.0000,2.00
when to fill out e arrival card korea,0,1,0.0000,31.00
when was buldak founded,0,1,0.0000,10.00
when was buldak invented,0,1,0.0000,47.00
when was buldak made,0,1,0.0000,1.00
when was buldak released,0,14,0.0000,6.29
when was coupang founded,0,1,0.0000,27.00
when was hwachae invented,0,2,0.0000,34.00
when was it invented,0,1,0.0000,1.00
when was korean bbq invented,0,1,0.0000,95.00
when were sun chips made,0,1,0.0000,51.00
when will it be rolled out,0,1,0.0000,5.00
when will korean sunscreen be available in usa,0,1,0.0000,5.00
when will they disband,0,1,0.0000,2.00
where are dollar shave club razors made,0,4,0.0000,9.00
where are dorco razor blades made,0,2,0.0000,11.50
where are lck games played,0,1,0.0000,9.00
where are navien boilers made,0,9,0.0000,9.00
where are navien water heaters made,0,6,0.0000,9.83
where are their products manufactured,0,1,0.0000,9.00
where are they processed,0,1,0.0000,12.00
where are winix air purifiers made,0,2,0.0000,9.00
where can i buy electronics,0,1,0.0000,5.00
where can i find this?,0,1,0.0000,28.00
where did squid game take place,0,4,0.0000,32.25
where did they film squid game,0,1,0.0000,46.00
where did they film squid games,0,1,0.0000,29.00
where did webtoon originate,0,1,0.0000,16.00
where does squid game take place,0,2,0.0000,32.00
where does squid games take place,0,2,0.0000,26.50
where does the last name kim originate from,0,2,0.0000,27.00
where does the surname kim come from,0,2,0.0000,10.00
where in seoul,0,1,0.0000,1.00
where is bts,0,1,0.0000,1.00
where is bts performing right now,0,1,0.0000,1.00
where is bts playing right now,0,1,0.0000,1.00
where is bts?,0,1,0.0000,1.00
where is buldak from,0,1,0.0000,48.00
where is buldak made,0,1,0.0000,9.00
where is buldak manufactured,0,2,0.0000,8.00
where is buldak ramen from,0,1,0.0000,3.00
where is buldak ramen made,0,1,0.0000,49.00
where is haebangchon in seoul,0,1,0.0000,10.00
where is hwachae from,0,1,0.0000,12.00
where is it,0,2,0.0000,8.00
where is it manufactured?,0,1,0.0000,6.00
where is jeju island,0,1,0.0000,3.00
where is lck played,0,6,0.0000,8.17
where is lol park,0,4,0.0000,9.25
where is mangwon market,0,1,0.0000,66.00
where is navien made,0,1,0.0000,7.00
where is navien manufactured,0,1,0.0000,9.00
where is squid game,0,1,0.0000,40.00
where is squid game challenge filmed,0,1,0.0000,35.00
where is squid game filmed,0,3,0.0000,27.67
where is squid game located,0,3,0.0000,32.67
where is squid game set,0,11,0.0000,13.45
where is squid game the challenge filmed,0,1,0.0000,32.00
where is squid games based,0,1,0.0000,37.00
where is squid games filmed,0,2,0.0000,28.50
where is squid games located,0,3,0.0000,35.00
where is squid games set,0,1,0.0000,9.00
where is the card,0,1,0.0000,16.00
where is the restroom in korean,0,1,0.0000,35.00
where is this pic from?,0,1,0.0000,2.00
where is webtoon from,0,1,0.0000,11.00
where is yongsan district,0,1,0.0000,36.00
where is yonsei university located in korea,0,1,0.0000,3.00
where it was shooted,0,1,0.0000,5.00
where squid game filmed,0,5,0.0000,8.80
where to buy,0,1,0.0000,11.00
where to buy dashi,0,1,0.0000,3.00
where to buy good.power bank in seoul,0,2,0.0000,7.00
"where to buy korean skincare, snacks, and stationery in one store?",0,1,0.0000,12.00
where to buy makgeolli near me,0,1,0.0000,3.00
where to buy milkis near me,0,1,0.0000,4.00
where to buy power bank in seoul,0,3,0.0000,9.00
where to buy this,0,1,0.0000,24.00
where to buy yakgwa,0,1,0.0000,18.00
where to buy yakgwa in seoul,0,1,0.0000,17.00
where to find cheap kitchen items,0,1,0.0000,1.00
where to find cheap travel items,0,7,0.0000,1.00
where to get dashi,0,1,0.0000,3.00
where to read korean webtoon,0,1,0.0000,8.00
where to read korean webtoons,0,3,0.0000,10.33
where to read manga in korean,0,1,0.0000,10.00
where to read webtoons in korean,0,1,0.0000,8.00
where to stay in seoul first time,0,1,0.0000,3.00
where to watch number one kdrama,0,1,0.0000,1.00
where was buldak made,0,1,0.0000,7.00
where was goblin kdrama filmed,0,2,0.0000,18.00
where was it filmed,0,1,0.0000,3.00
where was squid game challenge filmed,0,1,0.0000,34.00
where was squid game filmed,0,9,0.0000,11.89
where was squid game the challenge filmed,0,1,0.0000,53.00
where was squid games 2 filmed,0,1,0.0000,19.00
where was squid games filmed,0,4,0.0000,11.25
where was squid games made,0,1,0.0000,75.00
where was the squid game filmed,0,1,0.0000,32.00
where was the squid games filmed,0,2,0.0000,10.50
where will the games be played,0,1,0.0000,2.00
which app,0,1,0.0000,4.00
which bts members are in military 2026,0,2,0.0000,9.50
which country consumes the most garlic,0,1,0.0000,25.00
which country consumes the most garlic per capita,0,4,0.0000,15.00
which country eats the most garlic,0,2,0.0000,13.50
which country eats the most garlic per capita,0,4,0.0000,16.75
which country uses the most garlic,0,2,0.0000,30.50
which cuisine uses the most garlic,0,2,0.0000,67.00
which cushion shades are most available for deeper skin tones?,0,1,0.0000,11.00
which has the best views,0,1,0.0000,9.00
which is best?,0,1,0.0000,16.00
which is better busan or seoul,0,2,0.0000,26.50
which is famous,0,1,0.0000,10.00
which is healthier,0,1,0.0000,1.00
which is more popular,0,1,0.0000,7.00
which is more stronger,0,1,0.0000,1.00
which is the good korea,0,1,0.0000,58.00
which is the most popular,0,1,0.0000,2.00
which market in seoul is known for both traditional goods and modern shopping experiences?,0,2,0.0000,9.00
which milkis flavor is the best,0,3,0.0000,11.33
which more pricey,0,1,0.0000,4.00
which of the 2,0,1,0.0000,1.00
which one came out first,0,1,0.0000,3.00
which one is expensive,0,1,0.0000,1.00
which one is healthier,0,1,0.0000,1.00
which one is the best ones,0,1,0.0000,2.00
which one should i select,0,1,0.0000,6.00
which shade suit me,0,1,0.0000,5.00
which specific chapter,0,1,0.0000,7.00
which university is best in korea,0,1,0.0000,6.00
whimoon high school,0,52,0.0000,9.19
who are ai,0,1,0.0000,1.00
who created buldak,0,1,0.0000,29.00
who created pororo,0,1,0.0000,1.00
who in korea age,0,3,0.0000,11.00
who invented buldak,0,2,0.0000,27.00
who invented buldak ramen,0,1,0.0000,50.00
who invented toilet jet spray,0,1,0.0000,2.00
who is coupang,0,1,0.0000,1.00
who is jang won young,0,1,0.0000,12.00
who is legend,0,1,0.0000,6.00
who is more famous,0,1,0.0000,7.00
who is most famous in south korea,0,1,0.0000,1.00
who is the face genius of korea,0,5,0.0000,10.00
who is the leader of ive,0,1,0.0000,2.00
who is the members,0,1,0.0000,6.00
who is the president of the republic of korea in 2026,0,1,0.0000,8.00
who is this,0,1,0.0000,5.00
who is this girl,0,1,0.0000,3.00
who is won young,0,2,0.0000,6.50
who is wonyoung,0,36,0.0000,4.94
who made buldak,0,1,0.0000,7.00
who made buldak ramen,0,1,0.0000,46.00
who made tayo the little bus,0,1,0.0000,2.00
who makes dollar shave club razors,0,1,0.0000,19.00
who makes navien tankless water heaters,0,1,0.0000,46.00
who makes the blades for dollar shave club,0,1,0.0000,1.00
who owns buldak,0,6,0.0000,19.50
who owns buldak ramen,0,1,0.0000,19.00
who owns coupang,0,3,0.0000,26.67
who owns medicube,0,2,0.0000,19.00
who owns navien,0,4,0.0000,7.75
who owns torriden,0,1,0.0000,10.00
who pays dowry in korea,0,1,0.0000,34.00
whos her,0,1,0.0000,17.00
whos wonyoung,0,1,0.0000,3.00
why,0,6,0.0000,7.50
why am i only getting breakfast isaac,0,1,0.0000,36.00
why are all koreans named kim,0,6,0.0000,10.00
why are internet cafes popular in asia,0,2,0.0000,29.50
why are korean ages different,0,1,0.0000,26.00
why are korean chopsticks flat,0,1,0.0000,21.00
why are korean chopsticks metal,0,2,0.0000,45.00
why are korean noodles so spicy,0,1,0.0000,10.00
why are korean spoons so long,0,4,0.0000,23.00
why are korean sunscreens not fda approved,0,2,0.0000,37.00
why are korean utensils metal,0,1,0.0000,12.00
why are koreans a year older,0,1,0.0000,20.00
why are koreans named kim,0,13,0.0000,8.38
why are people so angry,0,1,0.0000,3.00
why are seaweed snacks so expensive,0,5,0.0000,10.60
why are so many koreans named kim,0,46,0.0000,11.37
why are so many koreans named kim or park,0,2,0.0000,9.50
why are so many people named kim in korea,0,5,0.0000,9.40
why are sun chips called sun chips,0,1,0.0000,47.00
why are there no bins in korea,0,5,0.0000,8.20
why are there no bins in seoul,0,10,0.0000,7.80
why are there no trash cans in korea,0,26,0.0000,6.81
why are there so many kims,0,24,0.0000,9.08
why are there so many kims in korea,0,173,0.0000,8.40
why are there so many lees in korea,0,2,0.0000,13.00
why are they called sun chips,0,1,0.0000,25.00
why beauty of joseon sunscreen is banned,0,5,0.0000,7.00
why did mosu lose stars,0,2,0.0000,14.00
why do asians cover their mouth when they laugh,0,1,0.0000,3.00
why do chinese mukbangers eat garlic,0,1,0.0000,10.00
why do i clap when i laugh,0,24,0.0000,10.54
why do korean celebrities live in small apartments,0,2,0.0000,6.50
why do korean eat so much,0,1,0.0000,31.00
why do korean girls cover their mouth when they laugh,0,1,0.0000,3.00
why do korean people clap when they laugh,0,5,0.0000,5.60
why do koreans care about blood type,0,4,0.0000,27.25
why do koreans celebrate 100 days dating,0,2,0.0000,9.00
why do koreans clap so much,0,2,0.0000,1.50
why do koreans count age differently,0,1,0.0000,8.00
why do koreans determine personalities through blood types?,0,16,0.0000,9.69
why do koreans drink seaweed soup on birthday,0,1,0.0000,8.00
why do koreans drink to the side,0,1,0.0000,53.00
why do koreans eat miyeok guk on birthdays,0,2,0.0000,11.00
why do koreans eat seaweed soup on birthday,0,2,0.0000,22.00
why do koreans eat seaweed soup on their birthday,0,7,0.0000,21.29
why do koreans eat so much,0,1,0.0000,29.00
why do koreans eat so much garlic,0,27,0.0000,7.67
why do koreans hate hong myung bo,0,1,0.0000,5.00
why do koreans have different age,0,7,0.0000,9.86
why do koreans have kim in their name,0,4,0.0000,7.50
why do koreans have seaweed soup on their birthday,0,1,0.0000,10.00
why do koreans have similar last names,0,1,0.0000,4.00
why do koreans have so few surnames,0,1,0.0000,19.00
why do koreans know their blood type,0,15,0.0000,10.20
why do koreans make seaweed soup on birthdays,0,2,0.0000,11.50
why do koreans mix soju and beer,0,1,0.0000,42.00
why do koreans only wear black,0,10,0.0000,6.70
why do koreans say their birthdate istead of their age when asked?,0,19,0.0000,11.11
why do koreans sit on the floor to eat,0,1,0.0000,21.00
why do koreans slap each other,0,2,0.0000,8.50
why do koreans sleep on the floor,0,1,0.0000,2.00
why do koreans throw salt at someone,0,1,0.0000,51.00
why do koreans use metal chopsticks,0,1,0.0000,45.00
why do koreans use scissors to cut food,0,1,0.0000,9.00
why do koreans wear black,0,41,0.0000,7.24
why do koreans wear layers,0,4,0.0000,8.00
why do koreans wear slippers in the house,0,4,0.0000,8.00
why do kpop idols clap when laughing,0,10,0.0000,4.20
why do many koreans have the same last name,0,1,0.0000,4.00
why do most korean names start with kim,0,3,0.0000,10.33
why do mukbang eat raw garlic,0,3,0.0000,22.33
why do mukbangers eat raw garlic,0,21,0.0000,16.71
why do north koreans clap like that,0,16,0.0000,9.81
why do people clap their hands when they laugh,0,7,0.0000,5.86
why do people clap when a waiter drops something,0,1,0.0000,3.00
why do people clap when laughing,0,19,0.0000,8.05
why do people hate hong myung bo,0,1,0.0000,7.00
why do people hate wonyoung,0,1,0.0000,3.00
why do people steal bikes,0,1,0.0000,34.00
why do so many koreans have the last name kim,0,7,0.0000,11.57
"why do some korean cushion foundations have a grayish undertone, and can you suggest a k-beauty brand that offers warmer or yellow undertones?",0,2,0.0000,1.00
why do some people clap when they laugh,0,59,0.0000,8.97
why do they do this?,0,1,0.0000,6.00
why do they have the same name,0,1,0.0000,5.00
why do we clap when we laugh,0,28,0.0000,6.89
why do you eat seaweed soup on birthdays,0,1,0.0000,11.00
why does everyone in korea have the same last name,0,1,0.0000,4.00
why does korea have a different age system,0,1,0.0000,8.00
why does korea have so few surnames,0,1,0.0000,19.00
why does korean age exist,0,1,0.0000,10.00
why doesn't google maps work in korea,0,2,0.0000,62.50
why doesn't google maps work in seoul,0,1,0.0000,44.00
why doesn't google maps work in south korea,0,1,0.0000,88.00
why google maps doesn't work in korea,0,1,0.0000,79.00
why her specifically,0,1,0.0000,10.00
why in korea are you a year older,0,2,0.0000,11.50
why is age different in korea,0,2,0.0000,9.50
why is age so important in korea,0,8,0.0000,7.75
why is age such a big deal in korea,0,1,0.0000,11.00
why is bae suzy called nation's first love,0,1,0.0000,13.00
why is bae suzy nation's first love,0,3,0.0000,19.67
why is bae suzy so popular,0,2,0.0000,15.00
why is beauty of joseon sunscreen banned,0,1,0.0000,15.00
why is beauty of joseon sunscreen banned in us,0,4,0.0000,10.25
why is blood type important in korea,0,1,0.0000,43.00
why is cha eun woo called face genius,0,4,0.0000,10.25
why is cha eun woo so famous,0,2,0.0000,27.00
why is cha eun woo so handsome,0,2,0.0000,10.00
why is cha eun woo so popular,0,1,0.0000,16.00
why is every korean name kim,0,2,0.0000,12.50
why is everyone named kim in korea,0,7,0.0000,11.71
why is everything so quick in south korea? what is quickquick culture?,0,7,0.0000,9.57
why is it closed,0,1,0.0000,2.00
why is it so low,0,1,0.0000,3.00
why is jang wonyoung so popular,0,144,0.0000,6.45
why is kim a common korean name,0,2,0.0000,12.50
why is kim a common korean surname,0,1,0.0000,9.00
why is kim a popular name in korean,0,2,0.0000,13.50
why is kim so common in korea,0,29,0.0000,9.45
why is kim so popular in korea,0,2,0.0000,10.00
why is kim such a common korean name,0,1,0.0000,12.00
why is kim such a common name in korea,0,1,0.0000,8.00
why is kim such a common surname in korea,0,5,0.0000,9.80
why is kim such a popular name in korea,0,4,0.0000,11.50
why is kim the most common korean name,0,1,0.0000,10.00
why is korea,0,1,0.0000,3.00
why is korean age different,0,11,0.0000,21.73
why is korean age different from international age,0,6,0.0000,10.17
why is korean age older,0,3,0.0000,9.00
why is league so popular in korea,0,1,0.0000,5.00
why is makgeolli served in a bowl,0,1,0.0000,26.00
why is musinsa so cheap,0,2,0.0000,20.00
why is olive young called olive young,0,3,0.0000,26.00
why is olive young so popular?,0,2,0.0000,37.00
why is olive young so successful?,0,1,0.0000,28.00
why is plave virtual,0,1,0.0000,47.00
why is seaweed soup eaten on birthdays,0,1,0.0000,22.00
why is she famous?,0,1,0.0000,2.00
why is she mean,0,1,0.0000,2.00
why is she so perfect,0,1,0.0000,4.00
why is she so popular,0,1,0.0000,3.00
why is skin1004 sunscreen banned in us,0,3,0.0000,4.00
why is the name kim so common in korea,0,9,0.0000,8.89
why is the name kim so popular in korea,0,21,0.0000,8.38
why is the surname kim so common in korea,0,19,0.0000,9.32
why is there a korean age,0,4,0.0000,7.75
why is there no dustbin in korea,0,7,0.0000,6.57
why is there so many kims in korea,0,8,0.0000,7.25
why is this?,0,1,0.0000,6.00
why is wijanahol ztipanov so popular,0,377,0.0000,3.91
why is wild garlic illegal,0,1,0.0000,3.00
why is wonyoung called a pick me,0,1,0.0000,3.00
why is wonyoung so famous,0,71,0.0000,7.83
why is wonyoung so popular reddit,0,1,0.0000,10.00
why is wonyoung so popular?,0,5,0.0000,7.00
why is wonyoung so pretty,0,54,0.0000,8.63
why it fits manhwa,0,2,0.0000,9.50
why k,0,1,0.0000,19.00
why korean age is different,0,6,0.0000,18.67
why korean eat seaweed soup on birthday,0,3,0.0000,8.33
why korean looks young,0,1,0.0000,16.00
why korean sunscreen banned in us,0,3,0.0000,6.33
why koreans eat seaweed soup on birthday,0,4,0.0000,16.50
why seaweed soup for korean birthday,0,1,0.0000,50.00
why she is so famous,0,3,0.0000,3.67
why so many kims in korea,0,57,0.0000,8.63
why so many koreans named kim,0,11,0.0000,9.55
why wonyoung is so beautiful,0,31,0.0000,8.81
why wonyoung is so popular,0,219,0.0000,6.56
wie viele farben gibt es?,0,1,0.0000,3.00
wild camping in korea,0,4,0.0000,5.75
will bts go back to military,0,1,0.0000,1.00
will i need to show id,0,1,0.0000,1.00
winix korea,0,1,0.0000,9.00
with alcohol?,0,1,0.0000,1.00
with pictures,0,2,0.0000,1.00
wnyoung,0,1,0.0000,3.00
wo ist das,0,1,0.0000,4.00
woman in korean,0,1,0.0000,2.00
wombok,0,1,0.0000,2.00
won bin ahjussi,0,9,0.0000,5.00
won bin meaning in korean,0,1,0.0000,10.00
won you g,0,1,0.0000,3.00
won young,0,42,0.0000,3.05
won-young,0,1,0.0000,3.00
wong young,0,1,0.0000,1.00
wongyon,0,2,0.0000,25.50
wongyong,0,1,0.0000,59.00
wongyoung,0,3,0.0000,3.00
wonjoung,0,1,0.0000,3.00
wonkwang university,0,1,0.0000,3.00
wontoung,0,2,0.0000,3.00
wonuoung,0,1,0.0000,3.00
wonyoing,0,2,0.0000,3.00
wonyon,0,1,0.0000,43.00
wonyou g,0,2,0.0000,3.00
wonyoug,0,1,0.0000,17.00
wonyoun,0,1,0.0000,2.00
wonyoung achievements,0,1,0.0000,2.00
wonyoung facts,0,2,0.0000,30.00
wonyoung idol,0,5,0.0000,10.40
wonyoung impact,0,5,0.0000,9.20
wonyoung info,0,1,0.0000,1.00
wonyoung ive,0,1,0.0000,2.00
wonyoung jang,0,1,0.0000,4.00
wonyoung korean,0,1,0.0000,11.00
wonyoung kpop,0,1,0.0000,3.00
wonyoung kpop idol,0,3,0.0000,12.00
wonyoung legs,0,1,0.0000,2.00
wonyoung lifestyle,0,1,0.0000,11.00
wonyoung mean,0,6,0.0000,9.50
wonyoung meaning,0,31,0.0000,11.32
wonyoung meaning in korean,0,5,0.0000,11.80
wonyoung movies,0,1,0.0000,3.00
wonyoung name meaning,0,3,0.0000,12.33
wonyoung net worth,0,1,0.0000,2.00
wonyoung p,0,1,0.0000,9.00
wonyoung popularity,0,51,0.0000,9.71
wonyoung trend,0,1,0.0000,6.00
wonyoung vibe,0,1,0.0000,12.00
wonyoung vs jisoo,0,1,0.0000,1.00
wonyoung what group is she in,0,1,0.0000,13.00
wonyoung who is she,0,2,0.0000,6.50
wonyoung xnxx,0,1,0.0000,10.00
wonyoung.,0,1,0.0000,3.00
wonyoung?,0,1,0.0000,15.00
wonyoungis,0,1,0.0000,54.00
wonyoungism,0,1,0.0000,7.00
wonyoungism explained,0,2,0.0000,11.50
wonyoungism meaning,0,34,0.0000,9.50
wonyoungism meaning trend,0,2,0.0000,10.50
wonyung,0,1,0.0000,2.00
wonyuong,0,1,0.0000,67.00
woosong university,0,2,0.0000,2.50
woosong university ranking in korea,0,1,0.0000,2.00
working in korea,0,2,0.0000,50.50
working in south korea,0,1,0.0000,46.00
world capital of plastic surgery,0,1,0.0000,94.00
wounyoug,0,1,0.0000,5.00
wounyoung,0,1,0.0000,3.00
wow pass t money,0,1,0.0000,29.00
woyoung,0,1,0.0000,48.00
write in korean,0,1,0.0000,2.00
wrong,0,1,0.0000,1.00
wtf,0,1,0.0000,2.00
www e arrival card go kr,0,1,0.0000,35.00
www e arrivalcard go k,0,1,0.0000,24.00
www e-arrival card go kr,0,1,0.0000,25.00
www. e-arrivalcard.go.kr,0,1,0.0000,26.00
www.e-arrivalcard.go.k,0,1,0.0000,34.00
www.e-arrivalcard.go.kor,0,1,0.0000,33.00
www.e-arrivalcard.go.kr,0,1,0.0000,26.00
www.googlemap.korea,0,2,0.0000,3.50
xajjangnim,0,1,0.0000,10.00
xi kor,0,1,0.0000,12.00
y a nivel global?,0,1,0.0000,4.00
y bts,0,1,0.0000,1.00
y corea del sur?,0,1,0.0000,2.00
y en corea,0,2,0.0000,11.50
y en corea?,0,1,0.0000,1.00
y en moda?,0,1,0.0000,5.00
y hace frío?,0,1,0.0000,2.00
y los dulces?,0,1,0.0000,1.00
y wonyoung,0,1,0.0000,2.00
ya,0,5,0.0000,2.20
yaa,0,1,0.0000,1.00
yaasik meaning in korean,0,1,0.0000,3.00
yadong meaning,0,2,0.0000,27.50
yagwa,0,3,0.0000,28.33
yak gwa,0,1,0.0000,24.00
yak-gwa,0,2,0.0000,28.50
yakagwa,0,1,0.0000,35.00
yakgwa,0,38,0.0000,15.55
yakgwa brands,0,1,0.0000,25.00
yakgwa cookies,0,5,0.0000,31.20
yakgwa ice cream,0,3,0.0000,11.33
yakgwa in korean,0,1,0.0000,24.00
yakgwa ingredients,0,1,0.0000,3.00
yakgwa korean,0,1,0.0000,33.00
yakgwa korean snack,0,4,0.0000,16.75
yakgwa latte,0,1,0.0000,12.00
yakgwa meaning,0,3,0.0000,10.33
yakgwa melbourne,0,2,0.0000,28.00
yakgwa mould,0,1,0.0000,31.00
yakgwa nedir,0,1,0.0000,18.00
yakgwa origin,0,1,0.0000,26.00
yakgwa snack,0,2,0.0000,20.50
yakgwa where to buy,0,2,0.0000,23.00
yakju vs makgeolli,0,1,0.0000,39.00
yakkwa,0,2,0.0000,57.50
yakult,0,1,0.0000,5.00
yakult factory tour,0,1,0.0000,7.00
yakwa,0,1,0.0000,35.00
yakwa cookie,0,1,0.0000,22.00
yakwa cookies,0,1,0.0000,27.00
yam,0,1,0.0000,5.00
yang action,0,1,0.0000,6.00
yang lain gitu,0,1,0.0000,2.00
yang lain?,0,1,0.0000,3.00
yang wanita,0,1,0.0000,1.00
yangpok shelter,0,5,0.0000,8.20
yangpok shelter seoraksan,0,1,0.0000,7.00
yea,0,2,0.0000,4.00
yeah,0,1,0.0000,3.00
yella e,0,1,0.0000,2.00
yella e age,0,1,0.0000,4.00
yella.e,0,1,0.0000,3.00
yella.e age,0,1,0.0000,1.00
yellow tent market seoul,0,1,0.0000,8.00
yeoboseyo,0,1,0.0000,3.00
yeongdong traditional market,0,1,0.0000,4.00
yeongsan seoul,0,1,0.0000,31.00
yeongwol eom clan,0,1,0.0000,3.00
yeonim park,0,1,0.0000,5.00
yeonnam dong in chinese,0,1,0.0000,10.00
yeonnam dong park seoul,0,1,0.0000,4.00
yeonnam park,0,5,0.0000,9.00
yeonnam-dong forest park,0,1,0.0000,13.00
yeonnam-dong park,0,10,0.0000,5.20
yeosan song clan,0,1,0.0000,5.00
yeouido fireworks festival 2026,0,2,0.0000,14.50
yep,0,2,0.0000,8.50
yes 2nd one,0,1,0.0000,1.00
yes all of them,0,1,0.0000,3.00
yes first one,0,1,0.0000,3.00
yes i want,0,1,0.0000,3.00
yes it does,0,1,0.0000,4.00
yes please,0,12,0.0000,6.83
yes please tell me,0,1,0.0000,3.00
yes please tell me everything,0,1,0.0000,5.00
yes pls,0,1,0.0000,4.00
yes plwase,0,1,0.0000,4.00
yes sir in korean,0,24,0.0000,2.13
yes sir in korean language,0,2,0.0000,2.00
yes sure,0,2,0.0000,8.50
yes they do,0,1,0.0000,3.00
yes to both.,0,1,0.0000,2.00
yes top 10,0,1,0.0000,3.00
"yes, please",0,1,0.0000,4.00
yess,0,1,0.0000,1.00
yeungnam university,0,2,0.0000,3.00
yong san,0,3,0.0000,29.67
yong san seoul,0,2,0.0000,24.50
yongin university,0,1,0.0000,3.00
yongsan,0,36,0.0000,32.61
yongsan district,0,15,0.0000,33.00
yongsan district seoul,0,2,0.0000,28.50
"yongsan district, seoul, south korea",0,1,0.0000,31.00
yongsan dong,0,2,0.0000,37.50
yongsan dong seoul,0,1,0.0000,35.00
yongsan electronics market,0,4,0.0000,8.75
yongsan electronics market (용산전자상가),0,1,0.0000,11.00
yongsan electronics market online shopping,0,1,0.0000,11.00
yongsan food,0,1,0.0000,19.00
yongsan gu,0,1,0.0000,36.00
yongsan gu korea,0,3,0.0000,39.00
yongsan gu seoul,0,4,0.0000,35.25
yongsan gu seoul korea,0,1,0.0000,30.00
yongsan high school,0,1,0.0000,2.00
yongsan itaewon,0,1,0.0000,33.00
yongsan korea,0,21,0.0000,27.10
yongsan neighborhood seoul,0,1,0.0000,18.00
yongsan park,0,1,0.0000,11.00
yongsan restaurants,0,1,0.0000,21.00
yongsan seoul,0,35,0.0000,25.26
yongsan seoul korea,0,8,0.0000,25.13
yongsan seoul south korea,0,7,0.0000,29.14
yongsan south korea,0,12,0.0000,29.42
yongsan station,0,2,0.0000,39.00
yongsan station korea,0,1,0.0000,35.00
yongsan station to seoul station,0,3,0.0000,37.33
yongsan tech market,0,3,0.0000,8.67
yongsan things to do,0,2,0.0000,25.50
yongsan what to do,0,1,0.0000,25.00
"yongsan, seoul",0,1,0.0000,22.00
yongsan-dong,0,1,0.0000,32.00
yongsan-gu seoul,0,5,0.0000,33.60
yongsang,0,1,0.0000,3.00
yongwangsan,0,24,0.0000,10.33
yongwangsan sky walk,0,39,0.0000,8.85
yongwangsan skywalk,0,170,0.0000,9.29
yongwangsan skywalk korea,0,9,0.0000,10.11
yongwansan skywalk,0,1,0.0000,11.00
yonsei,0,2,0.0000,2.00
yonsei bread,0,39,0.0000,7.36
yonsei bun,0,5,0.0000,6.20
yonsei chocolate cream bread,0,13,0.0000,8.92
yonsei chocolate cream bun,0,6,0.0000,5.50
yonsei cream bread,0,86,0.0000,6.20
yonsei cream bread cu,0,3,0.0000,3.33
yonsei cream bread flavors,0,1,0.0000,1.00
yonsei cream bread korea,0,2,0.0000,6.50
yonsei cream buns,0,7,0.0000,5.14
yonsei cream milk bread,0,10,0.0000,5.80
yonsei majors list,0,1,0.0000,2.00
yonsei milk,0,1,0.0000,30.00
yonsei milk bread,0,2,0.0000,10.50
yonsei milk cream bread,0,32,0.0000,6.31
yonsei milk cream bread cu,0,3,0.0000,4.67
yonsei milk cream bun,0,9,0.0000,4.44
yonsei milk cream buns,0,1,0.0000,4.00
yonsei or snu,0,3,0.0000,10.00
yonsei scholarship,0,1,0.0000,2.00
yonsei university,0,11,0.0000,3.18
yonsei university acceptance rate,0,3,0.0000,3.00
yonsei university bread,0,5,0.0000,9.00
yonsei university how to get in,0,1,0.0000,3.00
yonsei university medical school,0,1,0.0000,2.00
yonsei university mirae campus,0,1,0.0000,3.00
yonsei university programs,0,1,0.0000,2.00
yonsei university sky universities korea,0,5,0.0000,7.80
yonsei university sky universities seoul national korea university yonsei,0,52,0.0000,8.02
yonsei university visit,0,1,0.0000,3.00
yonsei university vs seoul national university,0,2,0.0000,10.00
"yonsei university, sinchon campus photos",0,4,0.0000,1.00
yonsei vs seoul national university,0,4,0.0000,5.25
yonsei vs snu,0,10,0.0000,9.20
yoo jae pil,0,1,0.0000,3.00
yoo jae suk,0,1,0.0000,9.00
yoo jae suk current shows,0,1,0.0000,12.00
yoo jae suk iq,0,1,0.0000,3.00
yoo jae suk national mc,0,6,0.0000,6.67
yoo jae-suk,0,1,0.0000,5.00
you in korean,0,1,0.0000,2.00
you sure?,0,1,0.0000,4.00
younger brother in korean,0,1,0.0000,2.00
younger sister in korean,0,1,0.0000,2.00
younghoon international middle school,0,1,0.0000,2.00
younghoon international middle school fees,0,1,0.0000,3.00
yu jae seok,0,3,0.0000,4.00
yu jae sok,0,1,0.0000,4.00
yugwa,0,1,0.0000,62.00
yugwa cookie,0,1,0.0000,34.00
yujin ive,0,1,0.0000,3.00
yukgwa,0,1,0.0000,43.00
yukwa,0,1,0.0000,74.00
yumilgwa,0,1,0.0000,29.00
yup,0,1,0.0000,3.00
zanzare?,0,1,0.0000,2.00
zero sugar,0,1,0.0000,2.00
zigle menu,0,1,0.0000,3.00
ã¥â¥â³ã§â¥âžã£â âÿã£â â¡ã£â â¸ã¯â¼âšã£âƒâ€ã£âƒâ•ã£âƒâ ã£â â®ã£â âÿã£â‚â ã£â â« webtoon,0,1,0.0000,2.00
ã­â•â˜ã«â…â€ã«âšâ” ã­â â­ãªâµâ°ã¬â â˜ ã«âªâ©ã¬â¤â„ã¬â â„ ã¬â¥â ãªâ³â ã¬âžâˆã«â‹â¤ webtoon,0,3,0.0000,2.00
đảng,0,1,0.0000,2.00
ηλικία,0,1,0.0000,2.00
а 23,0,1,0.0000,1.00
а в корее,0,1,0.0000,8.00
а какой у них рост?,0,1,0.0000,2.00
а корейский,0,1,0.0000,4.00
а синяя,0,1,0.0000,1.00
аджосси,0,5,0.0000,2.40
аджосси на корейском,0,3,0.0000,2.67
аджосси с корейского,0,1,0.0000,2.00
аджосси это,0,2,0.0000,2.00
алкоголь?,0,1,0.0000,2.00
арабони перевод с корейского,0,1,0.0000,3.00
бтс новости,0,13,0.0000,3.77
бтс новости на сегодня с русской озвучкой,0,3,0.0000,4.00
бтс сегодня,0,1,0.0000,4.00
букчхон,0,1,0.0000,7.00
в корее,0,2,0.0000,1.50
в сем разница,0,1,0.0000,2.00
в сеуле,0,1,0.0000,1.00
в странах,0,1,0.0000,1.00
вебтун,0,1,0.0000,3.00
ви и чонгук последние новости,0,3,0.0000,3.00
во всем мире,0,1,0.0000,2.00
вышедшие дорамы 2026,0,1,0.0000,1.00
группа bts,0,1,0.0000,7.00
группа бтс,0,2,0.0000,2.50
да,0,6,0.0000,8.67
да хочв,0,1,0.0000,3.00
детям,0,1,0.0000,2.00
дорама 2026,0,9,0.0000,8.11
дорама 2026 года,0,1,0.0000,1.00
дорама 2026 года корея,0,2,0.0000,4.00
дорама 2026 корея,0,1,0.0000,1.00
дорама 2026 новинки,0,1,0.0000,10.00
дорама 2026 список,0,1,0.0000,1.00
дорама новые 2026,0,1,0.0000,4.00
дорама про школу 2026,0,1,0.0000,1.00
дорама2026,0,8,0.0000,10.25
дорами 2026,0,13,0.0000,6.85
дорами 2026 року,0,1,0.0000,11.00
дорами2026,0,2,0.0000,6.50
дорамы 2026,0,58,0.0000,4.14
дорамы 2026 года вышедшие,0,1,0.0000,1.00
дорамы 2026 года которые уже вышли,0,1,0.0000,1.00
дорамы 2026 корейские,0,2,0.0000,1.00
дорамы 2026 корея,0,2,0.0000,1.00
дорамы 2026 которые уже вышли,0,12,0.0000,5.17
дорамы 2026 новинки,0,1,0.0000,6.00
дорамы 2026 список,0,1,0.0000,1.00
дорамы 2026 топ,0,1,0.0000,10.00
дорамы 2026 уже вышли,0,1,0.0000,1.00
дорамы вышедшие в 2026,0,1,0.0000,1.00
дорамы июнь 2026,0,1,0.0000,4.00
дорамы китай 2026,0,1,0.0000,10.00
дорамы корея 2026 года,0,1,0.0000,1.00
дорамы которые вышли 2026,0,1,0.0000,5.00
дорамы которые вышли в 2026,0,1,0.0000,1.00
дорамы новые 2026,0,1,0.0000,1.00
дорамы про любовь 2026,0,1,0.0000,1.00
дорамы про школу 2026,0,1,0.0000,1.00
дорамы южная корея 2026,0,1,0.0000,1.00
драмы 2026,0,1,0.0000,1.00
еше варианты,0,1,0.0000,5.00
еще варианты,0,1,0.0000,1.00
и как же?,0,1,0.0000,5.00
и помогает?,0,1,0.0000,1.00
из кореи,0,1,0.0000,2.00
из сеула,0,1,0.0000,2.00
как,0,1,0.0000,2.00
как турист,0,1,0.0000,1.00
какие дорамы вышли в 2026 году,0,1,0.0000,1.00
какую дораму посмотреть 2026,0,1,0.0000,3.00
кета,0,1,0.0000,5.00
ким,0,2,0.0000,1.50
ким тэхён и его девушка,0,2,0.0000,3.00
корейская дорама 2026,0,3,0.0000,4.33
корейская дорама 2026 года,0,1,0.0000,6.00
корейские боевики 2026,0,3,0.0000,1.00
корейские дорамы 2026,0,8,0.0000,4.88
корейские дорамы 2026 года,0,2,0.0000,5.50
корейские дорамы 2026 комедии,0,1,0.0000,9.00
корейские дорамы 2026 которые уже вышли,0,2,0.0000,3.50
корейские дорамы 2026 смотреть,0,1,0.0000,11.00
корейские дорамы боевики 2026,0,1,0.0000,9.00
корейские дорамы июнь 2026,0,2,0.0000,6.50
корейские дорамы лучшие 2026,0,1,0.0000,5.00
корейские дорамы топ 2026,0,1,0.0000,6.00
корейские завтраки,0,1,0.0000,38.00
корейские сериалы 2026,0,4,0.0000,1.00
корейские сериалы нетфликс 2026,0,1,0.0000,1.00
корейские триллеры 2026,0,1,0.0000,6.00
корейские фильмы 2026 года,0,2,0.0000,10.00
корейские фильмы 2026 которые уже вышли,0,1,0.0000,1.00
корейский дорама 2026,0,1,0.0000,1.00
корейский сериал нетфликс 2026,0,2,0.0000,3.00
корейский сериал про супергероев 2026,0,1,0.0000,1.00
корейский сериалы 2026,0,1,0.0000,11.00
корейский фильм 2026,0,1,0.0000,8.00
корейські,0,1,0.0000,2.00
корейські солодощі,0,1,0.0000,1.00
корея дорамы 2026,0,1,0.0000,10.00
лучшая дорама 2026,0,5,0.0000,2.60
лучшие дорамы 2026 года,0,1,0.0000,9.00
лучшие дорамы 2026 которые уже вышли,0,2,0.0000,3.50
лучшие корейские сериалы 2026,0,1,0.0000,1.00
лучшие новые дорамы 2026,0,1,0.0000,4.00
медовые печенья,0,1,0.0000,1.00
можно встретиться,0,1,0.0000,2.00
мой аджосси,0,5,0.0000,4.60
мой аджосси дорама,0,1,0.0000,7.00
не дейт,0,1,0.0000,2.00
новая дорама про школу 2026,0,1,0.0000,1.00
новинки дорамы 2026,0,2,0.0000,2.50
новости бтс сегодня,0,1,0.0000,3.00
новости про бтс,0,1,0.0000,2.00
новые дорамы 2026,0,2,0.0000,3.00
новые дорамы 2026 корея,0,3,0.0000,4.33
новые дорамы 2026 которые уже вышли,0,3,0.0000,3.00
новые корейские дорамы 2026,0,3,0.0000,9.33
новые корейские дорамы 2026 список,0,1,0.0000,3.00
новые корейские дорамы 2026,0,1,0.0000,1.00
новые корейские сериалы 2026,0,3,0.0000,2.33
новый дорама 2026 корейский,0,1,0.0000,4.00
новый дорамы 2026,0,1,0.0000,7.00
ну,0,1,0.0000,1.00
покажи мне картинки,0,1,0.0000,1.00
покажи фото,0,1,0.0000,14.00
популярные дорамы 2026,0,3,0.0000,4.67
последние новости о бтс,0,1,0.0000,4.00
последние новости о бтс на сегодня,0,2,0.0000,2.50
последние новости о бтс на сегодня 2026 год,0,7,0.0000,4.43
почему такое название?,0,1,0.0000,2.00
почему у всех корейцев фамилия ким,0,1,0.0000,42.00
расскажи про пиво,0,1,0.0000,2.00
русские корейцы,0,1,0.0000,3.00
рынок намдэмун сеул,0,1,0.0000,2.00
рынок тондэмун,0,1,0.0000,3.00
савлагаа,0,1,0.0000,2.00
самая популярная дорама 2026,0,1,0.0000,3.00
самчон,0,2,0.0000,1.00
сентябрь 2026,0,1,0.0000,3.00
сколько сковиллей,0,1,0.0000,1.00
сколько стоит отправка,0,1,0.0000,3.00
со скольки лет можно пить,0,1,0.0000,1.00
состав,0,1,0.0000,1.00
тондэмун рынок,0,1,0.0000,4.00
топ дорам 2026 которые уже вышли,0,1,0.0000,3.00
топ корейских дорам 2026,0,2,0.0000,4.00
тэхен,0,1,0.0000,3.00
фамилия ким,0,1,0.0000,7.00
фильмы корея 2026,0,1,0.0000,1.00
фото чонгука в полный рост,0,1,0.0000,3.00
фотографии показать,0,1,0.0000,1.00
халяльный?,0,1,0.0000,1.00
хонбап,0,10,0.0000,9.10
хонбап корея,0,3,0.0000,5.67
хороший напиток?,0,1,0.0000,2.00
чеболь это,0,1,0.0000,2.00
человек,0,1,0.0000,1.00
чеснок,0,1,0.0000,1.00
чиболи,0,1,0.0000,4.00
чонгук,0,3,0.0000,3.33
что за компания,0,1,0.0000,1.00
что она ответила,0,1,0.0000,2.00
что посмотреть в сеуле за 5 дней,0,1,0.0000,8.00
электроника?,0,1,0.0000,1.00
это же он?,0,2,0.0000,1.00
это миф,0,1,0.0000,4.00
это реальный человек,0,1,0.0000,1.00
южная корея фильмы 2026,0,1,0.0000,8.00
юу вэ,0,1,0.0000,2.00
איך המחירים?,0,1,0.0000,8.00
ובקוריאה,0,1,0.0000,12.00
יש עוד ?,0,2,0.0000,6.50
כן,0,4,0.0000,12.75
מוזיקת טרוט,0,1,0.0000,5.00
תן עוד דוגמאות,0,1,0.0000,8.00
תציע,0,1,0.0000,2.00
أجاشي,0,1,0.0000,1.00
أفضل مسلسلات كورية 2026,0,35,0.0000,2.26
أفلام كوري 2026,0,1,0.0000,4.00
أفلام كورية 2026,0,4,0.0000,6.75
أفلام كورية أكشن 2026,0,2,0.0000,5.50
أفلام كورية رومانسية 2026,0,1,0.0000,5.00
أين هم الان,0,1,0.0000,6.00
اجاشي,0,1,0.0000,11.00
اجاشي بالانجليزي,0,1,0.0000,2.00
اجاشي بالكوري,0,13,0.0000,1.00
اجوما بالكوري,0,1,0.0000,3.00
احدث المسلسلات الكورية 2026,0,5,0.0000,2.40
اشهر مسلسل كوري 2026,0,1,0.0000,1.00
اشهر مسلسل كوري حاليا,0,1,0.0000,3.00
افضل المسلسلات الكورية ٢٠٢٦,0,3,0.0000,1.67
افضل مسلسل كوري,0,1,0.0000,3.00
افضل مسلسل كوري 2026,0,13,0.0000,2.77
افضل مسلسل كوري ٢٠٢٦,0,2,0.0000,2.00
افضل مسلسلات كوري 2026,0,4,0.0000,1.25
افضل مسلسلات كورية ٢٠٢٦,0,4,0.0000,2.00
افضل مسلسلات كوريه ٢٠٢٦,0,1,0.0000,3.00
افلام كوري 2026,0,8,0.0000,8.50
افلام كوري ٢٠٢٦,0,1,0.0000,2.00
افلام كورية 2026,0,5,0.0000,5.00
افلام كورية جديدة 2026,0,1,0.0000,3.00
افلام كوريه 2026,0,1,0.0000,7.00
افلام كوريه ٢٠٢٦,0,1,0.0000,7.00
اقصد بتس,0,1,0.0000,4.00
اكرهك بالكوري,0,1,0.0000,2.00
الاتنين,0,1,0.0000,5.00
الاجاشي,0,1,0.0000,1.00
الافضل,0,1,0.0000,18.00
الجبنه الصفراء,0,1,0.0000,6.00
الشبسي,0,1,0.0000,8.00
الفرقة,0,1,0.0000,5.00
المسلسلات الكوري,0,1,0.0000,5.00
المسلسلات الكورية 2026,0,2,0.0000,2.50
المسلسلات الكورية الجديدة 2026,0,2,0.0000,1.00
اي,0,1,0.0000,4.00
اين تصنع,0,1,0.0000,6.00
أفضل المسلسلات الكورية 2026,0,1,0.0000,2.00
أفضل مسلسلات كورية 2026,0,3,0.0000,1.33
أفضل مسلسلات كورية جديدة 2026,0,2,0.0000,2.00
بالعربي,0,1,0.0000,4.00
بتس,0,2,0.0000,9.00
برامج كورية مواعدة,0,1,0.0000,1.00
برنامج المواعدة الكوري,0,1,0.0000,3.00
بي تي اس,0,1,0.0000,12.00
بيتي اس,0,1,0.0000,5.00
بی تی اس,0,1,0.0000,11.00
تاثيرها,0,1,0.0000,4.00
تجنيد,0,1,0.0000,10.00
تعلم الكوريه,0,1,0.0000,2.00
توب سينما مسلسلات كوريه 2026,0,1,0.0000,9.00
جمل كورية,0,1,0.0000,5.00
جميع الاعضاء,0,1,0.0000,14.00
جونغكوك,0,1,0.0000,7.00
خواننده های ai,0,1,0.0000,15.00
دراما كورية 2026,0,9,0.0000,7.44
دراما كوريه 2026,0,6,0.0000,7.17
درامد,0,1,0.0000,1.00
دلی مانجو,0,2,0.0000,8.00
دلیمانجو,0,2,0.0000,7.00
سبات بالكوري,0,1,0.0000,3.00
شتائم بالكوري ومعناها,0,2,0.0000,3.00
شخصية,0,1,0.0000,6.00
شركة دوركو,0,1,0.0000,6.00
طيب حاليا,0,1,0.0000,8.00
فرقة bts,0,1,0.0000,13.00
فرقة بتس,0,1,0.0000,6.00
فرقه بتس,0,1,0.0000,6.00
فريق bts,0,1,0.0000,8.00
فريق بتس,0,1,0.0000,8.00
فلم كوري ٢٠٢٦,0,1,0.0000,2.00
في تي,0,1,0.0000,14.00
فيلم كوري جديد 2026,0,1,0.0000,2.00
كل القبائل,0,1,0.0000,5.00
كم الوقت في كوريا الجنوبية الان,0,1,0.0000,2.00
كيدراما جديدة 2026,0,1,0.0000,3.00
كيف اعلم,0,1,0.0000,4.00
لا,0,1,0.0000,3.00
لا بالكوري,0,1,0.0000,2.00
لا ليس هو,0,1,0.0000,11.00
لماذا,0,1,0.0000,9.00
ما اسم المسلسل الكوري الذي يعرض على mbc4,0,1,0.0000,3.00
ما معنى اجاشي,0,4,0.0000,1.00
ما معنى اجاشي بالكوري,0,5,0.0000,1.00
ما معنى كلمة اجاشي,0,2,0.0000,1.00
ما معنى كلمة اجاشي بالكوري,0,5,0.0000,1.00
ما معنى كلمه شيبال سيكيا,0,1,0.0000,2.00
مسلسل كوري 2026,0,16,0.0000,3.31
مسلسل كوري اكشن 2026,0,1,0.0000,1.00
مسلسل كوري جديد 2026,0,12,0.0000,2.83
مسلسل كوري كوميدي 2026,0,1,0.0000,1.00
مسلسل كوري نتفلكس 2026,0,3,0.0000,11.67
مسلسل كوري ٢٠٢٦,0,5,0.0000,2.00
مسلسل كوري2026,0,1,0.0000,3.00
مسلسلات انيوب,0,1,0.0000,3.00
مسلسلات كورى ٢٠٢٦,0,1,0.0000,1.00
مسلسلات كوري 2026,0,9,0.0000,3.11
مسلسلات كوري جديدة,0,1,0.0000,14.00
مسلسلات كوري جديده 2026,0,1,0.0000,1.00
مسلسلات كوري ٢٠٢٦,0,9,0.0000,7.33
مسلسلات كورية 2026 aradrama,0,1,0.0000,4.00
مسلسلات كورية 2026 أكشن,0,8,0.0000,2.25
مسلسلات كورية 2026 اكشن,0,1,0.0000,2.00
مسلسلات كورية netflix,0,1,0.0000,3.00
مسلسلات كورية اكشن 2026,0,1,0.0000,13.00
مسلسلات كورية تاريخية 2026,0,1,0.0000,4.00
مسلسلات كورية جديدة 2026,0,20,0.0000,3.55
مسلسلات كورية جديدة ٢٠٢٦,0,1,0.0000,1.00
مسلسلات كورية رومانسية 2026,0,2,0.0000,2.50
مسلسلات كورية كوميدية 2026,0,2,0.0000,2.50
مسلسلات كورية لسنة 2026,0,1,0.0000,10.00
مسلسلات كورية مترجمة 2026,0,1,0.0000,7.00
مسلسلات كورية مدرسية 2026,0,1,0.0000,2.00
مسلسلات كورية نتفلكس 2026,0,2,0.0000,1.00
مسلسلات كورية2026,0,2,0.0000,1.00
مسلسلات كوريه 2026,0,9,0.0000,5.11
مسلسلات كوريه جديده 2026,0,1,0.0000,3.00
مسلسلات كوريه ٢٠٢٦,0,5,0.0000,4.40
معنى اجاشي,0,5,0.0000,1.00
معنى اجاشي بالكوري,0,11,0.0000,1.45
معنى كلمة اجاشي,0,2,0.0000,1.00
معنى كلمة اجاشي بالكوري,0,14,0.0000,1.29
نعم,0,9,0.0000,10.89
نعم اريد,0,1,0.0000,4.00
نعم من فضلك,0,1,0.0000,2.00
هل حلال,0,1,0.0000,2.00
هل مات,0,1,0.0000,3.00
هل هو حلال,0,1,0.0000,2.00
هو عسكري,0,1,0.0000,6.00
و جونكوك,0,1,0.0000,8.00
و في 2026,0,1,0.0000,4.00
و كوريا,0,1,0.0000,7.00
وbts,0,1,0.0000,7.00
وبتس,0,1,0.0000,7.00
وفي كوريا,0,1,0.0000,5.00
يب,0,1,0.0000,4.00
कोरिया का मौसम,0,1,0.0000,3.00
घाघ की कहावतें,0,1,0.0000,41.00
घाघ की कहावतें अर्थ सहित,0,1,0.0000,71.00
নতুন নাটক 2026,0,15,0.0000,9.40
নতুন নাটক ২০২৬,0,1,0.0000,11.00
নাটক 2026,0,32,0.0000,9.69
নাটক নতুন 2026,0,5,0.0000,7.40
নাটক ২০২৬,0,10,0.0000,7.70
নাটক২০২৬,0,1,0.0000,11.00
పాలి పర్యాయపదాలు,0,2,0.0000,6.00
ಪಾಳಿ ಪದದ ಅರ್ಥ,0,1,0.0000,13.00
මේ මොනවද,0,1,0.0000,26.00
ขอที่มาข้อมูล,0,1,0.0000,29.00
จองยากมั้ย,0,1,0.0000,3.00
บอกมา,0,1,0.0000,2.00
ปัจจุบัน,0,1,0.0000,3.00
รวยไหม,0,1,0.0000,1.00
ราคารวมทั้งหมดกี่บาท,0,1,0.0000,2.00
วอนยอง,0,1,0.0000,1.00
หาลุคนี้,0,1,0.0000,10.00
อยากทราบทั้งหมดเลยค่ะ,0,1,0.0000,3.00
อันนี้จ้า,0,1,0.0000,2.00
เบอร์ 23,0,1,0.0000,3.00
เยส,0,1,0.0000,9.00
โดลีมันจู,0,17,0.0000,1.00
ไม่แปล,0,1,0.0000,2.00
რა არის?,0,1,0.0000,21.00
꼰대 meaning korean slang,0,5,0.0000,9.40
델리만쥬 snack korea,0,13,0.0000,8.46
델리민쥬 korean nickname,0,18,0.0000,6.28
델리민쥬 meaning,0,4,0.0000,6.00
델리민쥬 nickname,0,3,0.0000,6.33
델리민쥬 nickname korean,0,2,0.0000,9.50
델리민쥬 nickname term,0,6,0.0000,5.17
。,0,1,0.0000,9.00
いろいろ知りたい,0,1,0.0000,1.00
うぉに,0,1,0.0000,2.00
おさけ？,0,1,0.0000,1.00
おしえて,0,1,0.0000,3.00
おすすめのたべもの,0,1,0.0000,1.00
おすすめは,0,1,0.0000,4.00
お酒？,0,1,0.0000,21.00
お願い,0,1,0.0000,1.00
お願いします。,0,1,0.0000,2.00
このふたつのちがいは？,0,1,0.0000,2.00
これだれ？,0,1,0.0000,2.00
これとは別？,0,1,0.0000,3.00
これどうやって開けるの？,0,1,0.0000,1.00
これの名前,0,1,0.0000,2.00
これは有名？,0,1,0.0000,22.00
これは本当なの？,0,1,0.0000,12.00
これ何味,0,1,0.0000,4.00
さらに詳しく,0,1,0.0000,7.00
じゃあ韓国は？,0,1,0.0000,2.00
その次は,0,1,0.0000,4.00
どちらがいいですか,0,1,0.0000,3.00
どちらが人気ある？,0,1,0.0000,3.00
どちらが簡単？,0,1,0.0000,3.00
どっちが人気？,0,1,0.0000,6.00
どっちが安い？,0,1,0.0000,3.00
どんな味？,0,1,0.0000,2.00
ないよ,0,1,0.0000,2.00
なぜ韓国？,0,1,0.0000,2.00
なんて言うの？,0,1,0.0000,2.00
なんでこんなに多いの？,0,1,0.0000,2.00
なんでそんな安いの？,0,1,0.0000,6.00
なんで？,0,1,0.0000,5.00
はい,0,3,0.0000,4.00
ひもちする？,0,1,0.0000,3.00
ほかにも,0,1,0.0000,1.00
もっと深堀りして,0,1,0.0000,9.00
よさんは？,0,1,0.0000,1.00
アクセス,0,1,0.0000,4.00
インチョン空港 シャワー,0,1,0.0000,10.00
ウォニョン,0,3,0.0000,5.67
ウォニョンは？,0,2,0.0000,2.00
オットギ,0,1,0.0000,8.00
キムゴウン,0,1,0.0000,6.00
コンビニで売ってますか？,0,1,0.0000,8.00
ソウル,0,2,0.0000,2.00
ソウルタワー,0,1,0.0000,9.00
ソウルタワーからの景色,0,1,0.0000,10.00
ダウンパーマ,0,1,0.0000,5.00
チェジュ航空,0,1,0.0000,2.00
チケットいくらくらい？,0,1,0.0000,1.00
トイレある？,0,1,0.0000,1.00
パクリですか？,0,1,0.0000,1.00
パクリ？,0,1,0.0000,1.00
パスポートいる？,0,1,0.0000,4.00
ポンチャック,0,1,0.0000,8.00
メディキューブは？,0,1,0.0000,1.00
レストラン？,0,1,0.0000,4.00
両方お願いします,0,1,0.0000,6.00
中身はどんなの？,0,1,0.0000,3.00
乗り継ぎで,0,1,0.0000,1.00
五松站到清州機場,0,3,0.0000,1.00
什么时候成立,0,1,0.0000,3.00
什麼意思,0,1,0.0000,2.00
今はどうなの？,0,1,0.0000,3.00
今年はいつ？,0,1,0.0000,2.00
他のグループは？,0,1,0.0000,2.00
他の味はある？,0,1,0.0000,26.00
何が違うの,0,1,0.0000,1.00
何年前？,0,1,0.0000,2.00
來源,0,1,0.0000,1.00
便宜一點的有嗎,0,1,0.0000,4.00
個包装,0,1,0.0000,2.00
價錢,0,1,0.0000,2.00
全然売ってない,0,1,0.0000,4.00
前二十,0,1,0.0000,1.00
北村韓屋村,0,3,0.0000,15.00
南山タワー,0,1,0.0000,3.00
南山塔,0,1,0.0000,2.00
去釜山,0,1,0.0000,2.00
口感,0,1,0.0000,2.00
台幣多少錢,0,1,0.0000,4.00
名前の由来は？,0,1,0.0000,1.00
周邊美食,0,1,0.0000,2.00
味の違い,0,1,0.0000,1.00
咸興冷麵,0,1,0.0000,1.00
圖,0,1,0.0000,12.00
圖片,0,1,0.0000,72.00
在哪一站,0,1,0.0000,2.00
在哪裡買,0,1,0.0000,26.00
多少韓元,0,1,0.0000,5.00
多有名,0,1,0.0000,6.00
大創必買,0,1,0.0000,12.00
大小限制,0,1,0.0000,1.00
女洗手間,0,1,0.0000,2.00
好,0,1,0.0000,7.00
好啊,0,1,0.0000,7.00
如何保存,0,1,0.0000,1.00
安全？,0,1,0.0000,2.00
安城湯麵,0,1,0.0000,3.00
実在しないの？,0,1,0.0000,2.00
実在する,0,1,0.0000,4.00
客層は？,0,1,0.0000,8.00
小菜可以續嗎英文,0,2,0.0000,2.00
帝王蟹,0,1,0.0000,9.00
张员瑛,0,1,0.0000,4.00
張員瑛為什麼紅,0,1,0.0000,2.00
待ち時間,0,1,0.0000,4.00
很貴嗎,0,1,0.0000,5.00
後者教えて,0,1,0.0000,2.00
怎麼吃,0,1,0.0000,2.00
情報が古くない？,0,1,0.0000,1.00
想知,0,1,0.0000,25.00
成分,0,1,0.0000,2.00
手續費,0,1,0.0000,1.00
推薦口味,0,1,0.0000,3.00
搜尋相似款式,0,1,0.0000,13.00
日本跟韓國呢,0,1,0.0000,1.00
明日,0,1,0.0000,2.00
是這個嗎,0,1,0.0000,2.00
有含酒精嗎？,0,1,0.0000,1.00
有圖嗎?,0,1,0.0000,1.00
有料なの？,0,1,0.0000,1.00
有照片嗎,0,2,0.0000,13.00
朝は,0,1,0.0000,1.00
本当に有名？,0,1,0.0000,2.00
本当に？,0,1,0.0000,2.00
查不到,0,1,0.0000,13.00
歴史は？,0,1,0.0000,5.00
江南地下街,0,1,0.0000,10.00
流せる？,0,2,0.0000,1.50
海外ではどうなのか,0,1,0.0000,1.00
海外製,0,1,0.0000,4.00
添加物,0,1,0.0000,1.00
漫畫,0,1,0.0000,2.00
烤肉,0,1,0.0000,20.00
特色,0,1,0.0000,8.00
特製ソース,0,1,0.0000,7.00
現地ではいくら,0,1,0.0000,4.00
画像は？,0,1,0.0000,17.00
票價,0,1,0.0000,2.00
紅嗎？,0,1,0.0000,12.00
紅的原因,0,1,0.0000,11.00
續小菜 英文,0,1,0.0000,1.00
自動鉛筆,0,1,0.0000,2.00
色號,0,1,0.0000,7.00
蚊はいる？,0,1,0.0000,1.00
蛤,0,1,0.0000,5.00
街頭潮牌,0,1,0.0000,7.00
要,0,1,0.0000,17.00
要花錢嗎,0,1,0.0000,4.00
要買,0,1,0.0000,6.00
要預約嗎,0,1,0.0000,3.00
見せて,0,1,0.0000,3.00
詳しく,0,1,0.0000,13.00
誰が作ったの,0,1,0.0000,8.00
誰最大,0,1,0.0000,13.00
請問有照片嗎？,0,1,0.0000,5.00
資料哪來的,0,1,0.0000,8.00
赤と青の違い,0,1,0.0000,1.00
跳舞,0,1,0.0000,3.00
近い？,0,1,0.0000,2.00
这是什么？,0,1,0.0000,3.00
這啥,0,1,0.0000,4.00
這是什麼,0,2,0.0000,10.00
這是酒嗎,0,1,0.0000,2.00
邊間好,0,1,0.0000,3.00
金高银,0,1,0.0000,3.00
門票開賣時間,0,1,0.0000,12.00
開封後,0,1,0.0000,2.00
開賣了嗎,0,1,0.0000,4.00
雨の日,0,1,0.0000,1.00
需要,0,2,0.0000,3.00
需要冷藏,0,1,0.0000,1.00
韓国,0,1,0.0000,1.00
韓国 ダイソー 免税,0,1,0.0000,5.00
韓国 北村韓屋村,0,1,0.0000,10.00
韓国は？,0,1,0.0000,2.00
韓国人は？,0,1,0.0000,1.00
韓国製,0,2,0.0000,2.50
韓國,0,3,0.0000,1.33
韓國 藥菓,0,1,0.0000,1.00
韓國waterbomb,0,1,0.0000,1.00
韓國傳統甜點,0,1,0.0000,16.00
韓國吐司,0,1,0.0000,21.00
韓國呢,0,1,0.0000,2.00
韓國大創,0,1,0.0000,2.00
韓國大創推薦,0,1,0.0000,12.00
韓國幾歲算成年,0,1,0.0000,10.00
韓國職棒,0,1,0.0000,5.00
韓國邊到有得買,0,1,0.0000,2.00
韓國首爾,0,1,0.0000,8.00
韓國高麗大學,0,1,0.0000,6.00
韓文名字,0,1,0.0000,10.00
韓文節,0,1,0.0000,2.00
韩国厕所,0,1,0.0000,2.00
韩国呢,0,1,0.0000,8.00
首爾到釜山,0,1,0.0000,2.00
首爾親子自由行,0,1,0.0000,1.00
高雄 waterbomb,0,1,0.0000,10.00
가오슝,0,1,0.0000,3.00
감자칩,0,1,0.0000,3.00
강호동,0,1,0.0000,4.00
경주,0,1,0.0000,3.00
고등학교 이름,0,1,0.0000,12.00
고래밥,0,1,0.0000,1.00
고척경기장,0,1,0.0000,13.00
구매,0,1,0.0000,2.00
굿즈,0,1,0.0000,2.00
근처,0,2,0.0000,65.00
꼰대,0,2,0.0000,16.50
꼰대 english,0,14,0.0000,8.93
꼰대 in english,0,13,0.0000,9.08
꼰대 meaning,0,80,0.0000,8.69
꼰대 meaning in english,0,13,0.0000,8.31
꼰대 영어,0,1,0.0000,18.00
꼰대 영어로,0,1,0.0000,45.00
꼰대 의미 영어로,0,1,0.0000,3.00
남대문시장 영어로,0,2,0.0000,27.50
내일 갈거야,0,1,0.0000,1.00
너구리 ramen,0,1,0.0000,1.00
너구리 다시마,0,1,0.0000,1.00
네,0,4,0.0000,6.00
넷플릭스 웹툰,0,1,0.0000,2.00
노포,0,3,0.0000,13.33
노포 영어로,0,1,0.0000,2.00
다 아니야,0,1,0.0000,1.00
다이소 로고,0,1,0.0000,24.00
다이소 마크,0,1,0.0000,25.00
다이소 상품,0,1,0.0000,5.00
단종되었어?,0,1,0.0000,3.00
대기업이야?,0,1,0.0000,2.00
대안,0,1,0.0000,7.00
대천 해수욕장,0,1,0.0000,3.00
대표음식,0,1,0.0000,22.00
더 많이,0,1,0.0000,8.00
더 있어?,0,1,0.0000,1.00
델리만쥬,0,11,0.0000,2.82
두산,0,1,0.0000,1.00
로션,0,1,0.0000,11.00
롯데타워는?,0,1,0.0000,3.00
마스코트,0,1,0.0000,1.00
만든 나라,0,1,0.0000,4.00
무료야?,0,1,0.0000,5.00
뭐 팔아?,0,1,0.0000,1.00
뭐가 더 인기 많아?,0,1,0.0000,3.00
뭐가 더좋아,0,1,0.0000,1.00
뭐라고,0,1,0.0000,1.00
뭐하는 회사?,0,1,0.0000,1.00
뭔소리야,0,1,0.0000,2.00
미성년자 ㄱㄴ?,0,1,0.0000,1.00
미성년자야,0,1,0.0000,5.00
박카스 d,0,1,0.0000,2.00
박카스 타우린 함량,0,1,0.0000,1.00
박카스 효과,0,1,0.0000,2.00
반려동물 장례 비용,0,1,0.0000,2.00
비바리퍼블리카,0,1,0.0000,2.00
비율,0,1,0.0000,2.00
비타 500,0,3,0.0000,9.33
비타 500 제로,0,1,0.0000,8.00
비타500,0,2,0.0000,11.00
비타500 박카스,0,1,0.0000,10.00
비타500은?,0,1,0.0000,10.00
빨리,0,1,0.0000,2.00
뽀로로 저작권,0,1,0.0000,4.00
사진으로 설명,0,1,0.0000,1.00
사진을 보내줘,0,1,0.0000,1.00
삼익 악기,0,1,0.0000,27.00
상견레,0,1,0.0000,1.00
서울시장 trending why is it trending,0,2,0.0000,4.00
서울역,0,1,0.0000,2.00
서울은?,0,1,0.0000,1.00
성분차이,0,1,0.0000,8.00
소비기한 meaning in english,0,6,0.0000,6.50
술은?,0,1,0.0000,4.00
스텐 젓가락,0,1,0.0000,3.00
시간?,0,1,0.0000,8.00
신발은,0,1,0.0000,3.00
썬,0,1,0.0000,1.00
아 뭐야,0,1,0.0000,1.00
아유시 in english,0,1,0.0000,1.00
아재 meaning,0,4,0.0000,9.75
아저씨,0,1,0.0000,11.00
아저씨 meaning,0,60,0.0000,8.70
아저씨 meaning english,0,3,0.0000,13.00
아저씨 meaning in english,0,59,0.0000,8.44
아저씨 meaning korean,0,1,0.0000,12.00
아줌마 meaning,0,2,0.0000,9.00
아직 팔아?,0,1,0.0000,4.00
안성탕면,0,1,0.0000,8.00
안주 in english,0,1,0.0000,22.00
안주 meaning,0,1,0.0000,10.00
알려줘,0,3,0.0000,14.00
야구장,0,1,0.0000,12.00
어,0,1,0.0000,5.00
어느게 더 비싸?,0,2,0.0000,4.00
어느나라 사람?,0,1,0.0000,5.00
어원,0,1,0.0000,2.00
어이 아저씨 meaning,0,6,0.0000,3.33
어이 아저씨 meaning in english,0,8,0.0000,8.50
언제 나왔어?,0,1,0.0000,2.00
얼마,0,1,0.0000,2.00
없는데,0,1,0.0000,2.00
여당 야당,0,1,0.0000,10.00
여돌,0,1,0.0000,2.00
연세우유빵 what is it,0,6,0.0000,9.67
열어,0,1,0.0000,12.00
영계,0,1,0.0000,3.00
예약 가능해?,0,1,0.0000,4.00
예약이 필요해?,0,1,0.0000,3.00
오늘 대체공휴일인데,0,1,0.0000,3.00
오리온 황치즈칩,0,1,0.0000,6.00
올해 언제,0,1,0.0000,4.00
올해?,0,1,0.0000,3.00
왜 그런거야,0,1,0.0000,12.00
외국에서는,0,1,0.0000,2.00
요금은?,0,1,0.0000,4.00
워터밤,0,1,0.0000,4.00
워터밤 drink or beverage korea,0,1,0.0000,8.00
워터밤 음료 or waterbomb drink korea,0,2,0.0000,3.00
원재료,0,1,0.0000,2.00
원조,0,1,0.0000,3.00
위니아 딤채,0,1,0.0000,2.00
유료야?,0,1,0.0000,4.00
유명한 관광지,0,1,0.0000,7.00
유명해?,0,1,0.0000,3.00
응,0,3,0.0000,6.67
잠실 야구장,0,1,0.0000,5.00
잠실야구장,0,1,0.0000,7.00
장원영은?,0,1,0.0000,4.00
"저는 한국에 있습니다. 혼자 편하게 여행 중인데, 안전하고 편안하며 혼자 여행객을 위한 호텔을 찾고 있어요. 힐튼은 식음료의 품질과 다양성을 어떻게 유지하며, 호텔만의 특별한 미식 경험도 제공하나요?",0,1,0.0000,97.00
전부 다 알려줘,0,1,0.0000,7.00
정 in english,0,1,0.0000,11.00
정 meaning,0,1,0.0000,54.00
조사해봐,0,1,0.0000,5.00
종각,0,1,0.0000,2.00
주말에는?,0,1,0.0000,1.00
초복,0,1,0.0000,1.00
추석,0,1,0.0000,9.00
축제 의상,0,1,0.0000,7.00
출저,0,1,0.0000,5.00
출처가 어디야?,0,1,0.0000,6.00
친구들이랑,0,1,0.0000,5.00
칠성사이다,0,1,0.0000,3.00
칠성사이다 제로,0,1,0.0000,5.00
카페인?,0,1,0.0000,1.00
케이블카,0,1,0.0000,2.00
코스멕스,0,1,0.0000,6.00
쿠쿠 압력밥솥,0,1,0.0000,4.00
쿨피스,0,1,0.0000,2.00
쿨피스 drink packaging korea,0,1,0.0000,7.00
쿨피스 영어,0,1,0.0000,11.00
토스,0,1,0.0000,2.00
편의점,0,4,0.0000,1.25
편의점 음식,0,1,0.0000,1.00
편의점 하이볼,0,1,0.0000,14.00
편의점에 팔아?,0,1,0.0000,4.00
편의점에서는?,0,1,0.0000,3.00
편의점은?,0,1,0.0000,2.00
평가,0,1,0.0000,5.00
평일,0,1,0.0000,2.00
포카칩,0,1,0.0000,11.00
포카칩 snack korea,0,2,0.0000,2.50
포카칩 영어,0,3,0.0000,4.33
포카칩 영어로,0,1,0.0000,7.00
피씨방,0,1,0.0000,2.00
한강,0,1,0.0000,4.00
한과추천,0,1,0.0000,2.00
한국거,0,1,0.0000,8.00
한국걸로,0,1,0.0000,4.00
한국과 비교,0,1,0.0000,8.00
함흥냉면,0,1,0.0000,2.00
해방촌 영어로,0,3,0.0000,11.67
홍명보 욕먹는 이유,0,1,0.0000,3.00
확실해?,0,1,0.0000,1.00
회사가 어디야?,0,1,0.0000,3.00
회오리,0,1,0.0000,8.00
휴대폰,0,1,0.0000,1.00
희귀함?,0,1,0.0000,1.00
２０２７年は,0,1,0.0000,5.00
４０分,0,1,0.0000,3.00
🫪,0,1,0.0000,2.00
